{"type":"FeatureCollection","crs":{"type":"name","properties":{"name":"EPSG:4326"}},"features":[{"type":"Feature","geometry":{"type":"LineString","coordinates":[[167.683856632577,-45.4437801039015],[167.683581441195,-45.4436150278401],[167.68353895907,-45.4436049513098],[167.683423054855,-45.4435379081347],[167.683322958612,-45.4434209016505],[167.683256007013,-45.4432878805841],[167.683256003201,-45.4431549555272],[167.683288751648,-45.4430209398176],[167.683338784599,-45.4429049289647],[167.683405746483,-45.4428049412451],[167.683522732368,-45.4426878445318],[167.683655932995,-45.4425878474075],[167.683788786007,-45.4425047861808],[167.683938889561,-45.4424208097064],[167.684009816011,-45.4423895800475],[167.684072804576,-45.4423548400134],[167.684222932067,-45.4422877895541],[167.684372706448,-45.4422548448187],[167.68453900026,-45.4422208335573],[167.684705697495,-45.4421707905853],[167.684888936603,-45.4421208261712],[167.684955882959,-45.4421048159471],[167.68502285703,-45.4420547655915],[167.68514237261,-45.441968369935],[167.685255751321,-45.4418878252486],[167.685405873997,-45.4418048397309],[167.685556010028,-45.4417047583299],[167.685722671179,-45.441620778818],[167.685872798186,-45.4415548180785],[167.686022916122,-45.441470749502],[167.686105365179,-45.4414156710294],[167.686155743134,-45.4413877752124],[167.68622342731,-45.4413427794095],[167.686305868393,-45.441287781436],[167.686507467204,-45.4411894020447],[167.686622660308,-45.4411377402479],[167.686622667579,-45.4411253423433],[167.686622670888,-45.4411208244708],[167.686572979674,-45.4409878103106],[167.686522931264,-45.4408547893662],[167.686490896938,-45.4407757574976],[167.686455977449,-45.4407548005644],[167.686422864479,-45.4407207798012],[167.686338971679,-45.4406377991333],[167.68625582059,-45.4405207945178],[167.686188866249,-45.4404208064315],[167.686055643167,-45.4403048034512],[167.685922801211,-45.4402048053759],[167.685794495403,-45.4400997941199],[167.685772681271,-45.4400877139412],[167.685638772025,-45.4400206710063],[167.685458585938,-45.4399327915611],[167.685355799493,-45.4399046734007],[167.685272631744,-45.4399046588906],[167.685155637812,-45.4398707420331],[167.685081359122,-45.4398558759457],[167.685021720564,-45.4398579548293],[167.684982449117,-45.4398655741626],[167.684755671209,-45.4399377038555],[167.684622827494,-45.4400376829152],[167.684422675999,-45.4401048441788],[167.684222869271,-45.4401207754612],[167.684005795592,-45.4401207584683],[167.683788724952,-45.4401377753979],[167.683588907383,-45.4401547960803],[167.683475200779,-45.4401702089267],[167.68338833466,-45.4401566859614],[167.683317155683,-45.4401200304068],[167.683238644195,-45.4401207673677],[167.683138932046,-45.4401708070212],[167.683005722914,-45.4402377726573],[167.682888723258,-45.4403547781757],[167.682772807321,-45.4404878025452],[167.68263888724,-45.4405707857562],[167.682472942164,-45.4406708624655],[167.682322816622,-45.4407878664515],[167.682172704461,-45.4409208050354],[167.682022941791,-45.4410048580992],[167.681838987096,-45.4410548024669],[167.68163880662,-45.4411048521552],[167.681484837933,-45.4411718764543],[167.681388989459,-45.4412378716295],[167.681288895971,-45.4413208503187],[167.681222671313,-45.4413708065415],[167.68118881913,-45.4414208557931],[167.681188833101,-45.4414707941991],[167.681205748211,-45.4415708862012],[167.68118883626,-45.4416878793189],[167.68115572246,-45.441820804351],[167.681105690809,-45.4419548135046],[167.681022878282,-45.4420878444812],[167.680981850476,-45.4421413798524],[167.680955919077,-45.4422048390164],[167.680955934685,-45.4423378546549],[167.680955930067,-45.4424548559608],[167.680905891946,-45.4425708745301],[167.680842154239,-45.4426264711097],[167.680738862276,-45.4426878692411],[167.680672984254,-45.4427709348274],[167.680632980692,-45.442836401248],[167.680606582668,-45.4429019944818],[167.680588756039,-45.4430209657048],[167.680622953044,-45.443137962028],[167.680667564698,-45.4431958669082],[167.680677124764,-45.4432392450081],[167.680659667476,-45.4432813955161],[167.680606042284,-45.443354958443],[167.680579398765,-45.443396274823],[167.68056199377,-45.4434582480273],[167.680541478133,-45.4435336597369],[167.680534896397,-45.4436049296349],[167.680536379368,-45.443662257851],[167.680538299771,-45.4437148364177],[167.680522890283,-45.4437549167013],[167.680463953964,-45.4438593553965],[167.680447553077,-45.4439635851449],[167.680455921342,-45.4440709053371],[167.68047283827,-45.4441879138006],[167.680472845961,-45.4443049057755],[167.680471438925,-45.4443655017123],[167.68045594566,-45.4444209172224],[167.680448289194,-45.4444694234563],[167.680450650486,-45.444517241734],[167.680489052705,-45.4445709579678],[167.680538745956,-45.4446709354172],[167.680606065683,-45.4447709349045],[167.680655760564,-45.4448709123776],[167.680705797769,-45.4449549806472],[167.680738911005,-45.445004928261],[167.68077274055,-45.4450879127921],[167.680805873049,-45.4451379423022],[167.680876552875,-45.445190456271],[167.680950773296,-45.4452265586415],[167.681011034304,-45.4452504074756],[167.68114073014,-45.4452947463794],[167.681262974924,-45.4453369773242],[167.681428253027,-45.4453543138295],[167.681580023266,-45.4453767229126],[167.681677539782,-45.4453988849344],[167.68178331847,-45.4453963391116],[167.681917939002,-45.4453664014851],[167.682036555935,-45.445351205052],[167.682109482764,-45.445359842839],[167.682226912445,-45.4454210596644],[167.682338760644,-45.4454209004365],[167.682402892628,-45.4453986669659],[167.682438839259,-45.4453549354153],[167.682557981422,-45.4453341899145],[167.682710609208,-45.445369801819],[167.682872999632,-45.4454710282436],[167.683038966612,-45.4455710018046],[167.683227823303,-45.4456415804794],[167.683423086205,-45.4456879953547],[167.683497133199,-45.445735017099],[167.683555941322,-45.445805012239],[167.683630124659,-45.44583653908],[167.683704381237,-45.4458399349194],[167.683798881502,-45.4458442566934],[167.68385582677,-45.4458550487],[167.683904699554,-45.4458729462329],[167.683955900195,-45.4459210059605],[167.68403904739,-45.4459879653958],[167.684151732122,-45.4460608033853],[167.684255784717,-45.4461209904752],[167.684405912652,-45.4462049538591],[167.684539110454,-45.4462880342127],[167.684634340574,-45.4463405420261],[167.684743838057,-45.4464028083427],[167.684773103848,-45.446418565343],[167.684801954893,-45.4464340959384],[167.684856392937,-45.4464318140794],[167.68490540969,-45.4464149653699],[167.684959409171,-45.4464174348741],[167.685018403064,-45.4464392213298],[167.685088836612,-45.4465050132923],[167.685155783138,-45.4465709791629],[167.685238951025,-45.4466380286961],[167.685271938395,-45.4467037043278],[167.685339047915,-45.4467709586574],[167.685422921334,-45.4468380040683],[167.685538854897,-45.4469380050038],[167.685655846717,-45.4470550056729],[167.685789057244,-45.4471379771199],[167.68588912721,-45.4472209666939],[167.686006126537,-45.4473209520596],[167.686105842316,-45.4474050069376],[167.686172821819,-45.4474879890289],[167.686172829509,-45.4475380360486],[167.686138974607,-45.4475549373475],[167.686105871217,-45.4475549484281],[167.686055828991,-45.4476049801269],[167.685988867554,-45.447737999896],[167.685956116566,-45.4478550000572],[167.685938824006,-45.4480049525556],[167.685956101558,-45.4481549795592],[167.685988862871,-45.4482550548843],[167.686023079246,-45.4483550531569],[167.686055845578,-45.4484710619622],[167.686073121107,-45.4485880583798],[167.686123172532,-45.448688049157],[167.686172846886,-45.4488050565115],[167.686197464156,-45.4488694204741],[167.68621833479,-45.448937174366],[167.686238766144,-45.4490096886398],[167.686256008206,-45.4490710907698],[167.686289131766,-45.449188081168],[167.686306055412,-45.4492880818498],[167.686339760251,-45.4494580752093],[167.686348184093,-45.4495872918118],[167.68635422925,-45.4496686876617],[167.686322982449,-45.4497550798106],[167.686289150203,-45.4498050405885],[167.686239118338,-45.4499210527755],[167.686222924267,-45.4500550584791],[167.686205990613,-45.4501880754799],[167.686205996262,-45.4502710619521],[167.686205996013,-45.4503050844136],[167.686206011943,-45.4503381066248],[167.68620600325,-45.4503880538562],[167.686155960748,-45.4504880503272],[167.686139036389,-45.4505880453828],[167.68615597136,-45.4506711123409],[167.686155963831,-45.4507881206702],[167.686123217114,-45.4508881057853],[167.686089008461,-45.4509711694301],[167.686023148365,-45.4510551409355],[167.685988949495,-45.4511051934411],[167.685987049394,-45.4511502202359],[167.686006226531,-45.451221197927],[167.685988956074,-45.4513211948153],[167.68593890663,-45.4514381980516],[167.685906148992,-45.4514712196711],[167.685856119685,-45.4515712076233],[167.685806081317,-45.4516551709468],[167.685687459954,-45.4517520691821],[167.685573153858,-45.4518381539856],[167.685385938905,-45.4519339271542],[167.685256000711,-45.4520382158029],[167.685207691322,-45.4521023294573],[167.685189054933,-45.4521711458088],[167.685173210208,-45.4522881523746],[167.685173218262,-45.452371229876],[167.685178047708,-45.4524970264672],[167.685155942221,-45.4526052341393],[167.685112376312,-45.4526944348955],[167.685038933035,-45.4527551638806],[167.684887306422,-45.4528559267144],[167.684724572192,-45.4529296074418],[167.684588957707,-45.4529881882193],[167.684506153778,-45.4530552430994],[167.684472491623,-45.4530898631291],[167.684473039712,-45.4531382124115],[167.684506155144,-45.4531711518171],[167.684556197427,-45.453205171927],[167.684656279804,-45.4532552217912],[167.684739074538,-45.453305157947],[167.684839147959,-45.4534051458643],[167.684923037205,-45.4534882165409],[167.685023120331,-45.4536053100521],[167.68515595623,-45.453705289012],[167.685256049999,-45.4538213007902],[167.685356131354,-45.4539383039029],[167.685456212597,-45.4540552988192],[167.685556298416,-45.4541553037785],[167.685623249074,-45.4542713152899],[167.685715942512,-45.4543825794612],[167.685839264502,-45.4544712835901],[167.685881081024,-45.4544929702704],[167.68593814758,-45.4545085180445],[167.685997846001,-45.4545136006128],[167.686042673312,-45.4545168208926],[167.686073259518,-45.4545212401154],[167.686094738654,-45.4545321406546],[167.686124999804,-45.4545664641271],[167.686159181133,-45.454612725093],[167.686189178812,-45.4546382360534],[167.686254599137,-45.4546653113871],[167.686323098315,-45.4546837346189],[167.686372267346,-45.4546942147677],[167.686391490015,-45.4547033266356],[167.686393848007,-45.4547140201094],[167.686359522723,-45.4547180512022],[167.686306180689,-45.4547212950154],[167.68627517508,-45.4547321234164],[167.686255798087,-45.4547429965243],[167.686254393179,-45.4547582251132],[167.686274830091,-45.4547720989135],[167.686339297674,-45.4547882564219],[167.686451993141,-45.4548084290856],[167.686489077813,-45.4548212872276],[167.686510864209,-45.4548405251265],[167.686535812999,-45.4548781311826],[167.686593980153,-45.4549332795702],[167.686739286305,-45.4550382808137],[167.686856284254,-45.4551212490021],[167.686939073977,-45.4551713003296],[167.68698911425,-45.4551883030785],[167.68706228855,-45.4552218906035],[167.687126301404,-45.4552629858628],[167.687189270328,-45.4553552618832],[167.687273162474,-45.4554382310189],[167.687323196019,-45.4555382294026],[167.687404439686,-45.4556288047869],[167.687506086156,-45.455721278746],[167.687573047517,-45.4558552878751],[167.687656222211,-45.4559382691699],[167.687723168553,-45.4560052335796],[167.687873305176,-45.4561212392604],[167.688039258889,-45.4562212209842],[167.68818901793,-45.4563212123591],[167.688306035357,-45.4564213842699],[167.688423022808,-45.4565053594452],[167.688506194813,-45.456605346267],[167.688606277007,-45.4567213455138],[167.688706361514,-45.4568213476041],[167.68880608237,-45.4569383398293],[167.688906163597,-45.4570553397679],[167.689023170897,-45.4571713537021],[167.689156599059,-45.4572882709137],[167.689289566793,-45.4573553016921],[167.689406563629,-45.4574383832985],[167.689473529543,-45.4575713094778],[167.689489732518,-45.4577053165147],[167.689514386184,-45.4578199522148],[167.689552882969,-45.4579171495354],[167.689589476485,-45.4579713562242],[167.689673705123,-45.4581053679956],[167.689723741699,-45.4582213797196],[167.689773435543,-45.4583553017102],[167.689814401436,-45.4584635224873],[167.689873517439,-45.4586053147331],[167.689906633238,-45.4587053054828],[167.689956688876,-45.4588052938099],[167.690023640838,-45.4589213018423],[167.690056782513,-45.4590212937528],[167.690089548294,-45.4591214751715],[167.690123729012,-45.4592214515882],[167.690156487243,-45.459321443596],[167.690166522074,-45.4594243928779],[167.690158199105,-45.459514672321],[167.690139591272,-45.4596214263612],[167.690123748569,-45.4597714362303],[167.690089557137,-45.459938408934],[167.690073713292,-45.4600884277439],[167.690039506112,-45.4602384555308],[167.690050847241,-45.4603114103713],[167.690085664895,-45.4603750301452],[167.690119605375,-45.4604481590687],[167.690123762632,-45.4604883948689],[167.69008956208,-45.4605884672587],[167.690061567509,-45.4606363788297],[167.690023686926,-45.4607054798363],[167.68995674317,-45.4608054551816],[167.689839733675,-45.460938391667],[167.689773503849,-45.4610054498481],[167.689739668168,-45.4610384682225],[167.689696279292,-45.461068228113],[167.689656494652,-45.4611054385185],[167.689605612594,-45.4611690668171],[167.689560279671,-45.4612194870622],[167.689523663609,-45.4612713957303],[167.689489823197,-45.4613554515511],[167.689456696974,-45.4613884029992],[167.689406665357,-45.4614554519525],[167.689385435835,-45.4614978014786],[167.689373559383,-45.4615554392344],[167.689323185852,-45.4616555035664],[167.689306589853,-45.4616884605559],[167.689289674912,-45.4618215778653],[167.689273841249,-45.4619554918408],[167.689256550332,-45.4620885105974],[167.689189608776,-45.462205518878],[167.689139565877,-45.462338538083],[167.68910679781,-45.4624215158596],[167.689056776577,-45.4625215055815],[167.688973257271,-45.4626214987133],[167.688856251119,-45.4627055615455],[167.688739253412,-45.4628385703635],[167.688657744746,-45.4629915059337],[167.688623337908,-45.4631715703273],[167.688623349828,-45.4633555334141],[167.688639194615,-45.4634885588532],[167.688639202158,-45.4636215740131],[167.688606445674,-45.463771515082],[167.688589524612,-45.4639055240806],[167.688573327369,-45.4640555631021],[167.688541867861,-45.4641743534492],[167.688473250097,-45.4642715556052],[167.688373534152,-45.4643555330651],[167.688223418755,-45.4644556219009],[167.688109275212,-45.4645267846006],[167.687989417914,-45.4645886329571],[167.687926260256,-45.4645995448291],[167.687850226337,-45.4646151609134],[167.687786833087,-45.4646305698421],[167.687758059882,-45.4646586701857],[167.687687461417,-45.4646888453965],[167.687606390322,-45.4646886315902],[167.687459773348,-45.4646596431513],[167.687376947387,-45.4646219176724],[167.687326475416,-45.4645910357424],[167.687269650163,-45.4645741469685],[167.687225458245,-45.4645578357427],[167.687209148818,-45.4645695974546],[167.687223488525,-45.4645791799508],[167.687257245718,-45.4645985853885],[167.687296536758,-45.4646128874408],[167.687334361746,-45.4646432010866],[167.687376192354,-45.4646576098636],[167.687439340746,-45.4647216679015],[167.687473550093,-45.4648056312655],[167.68749365884,-45.4648701942009],[167.687481010144,-45.4649233956387],[167.687473552912,-45.4649386642092],[167.687423504717,-45.4649886062178],[167.687406227154,-45.4650386472408],[167.687423501357,-45.4651055966915],[167.687406225087,-45.4651886781329],[167.687473565837,-45.4652556331469],[167.687523245764,-45.4653716471876],[167.687539427959,-45.4654886382319],[167.687551470768,-45.4655749334663],[167.687614618529,-45.4656255381219],[167.687680822264,-45.465642873141],[167.687723402327,-45.4656886242462],[167.687785539139,-45.4657574067824],[167.687834296562,-45.465816893806],[167.687848863429,-45.4658795895769],[167.687843164466,-45.4659413680709],[167.68782348826,-45.4660056012106],[167.687756534297,-45.4661386232424],[167.687706509551,-45.4662716525617],[167.68763953765,-45.466421670964],[167.687523263024,-45.4665386799783],[167.687406273844,-45.4666716068071],[167.687367591536,-45.4667594536741],[167.687285416953,-45.4668415901248],[167.687135282881,-45.4669253914254],[167.687023595832,-45.4670057009692],[167.686906590944,-45.46712170219],[167.686789603095,-45.4671887574749],[167.686639486353,-45.4672887451392],[167.686523570421,-45.467355713327],[167.686389288523,-45.4674057473006],[167.686206412793,-45.4674717301733],[167.686023525931,-45.4675057457939],[167.685873402583,-45.467521771965],[167.685689439045,-45.4675557917239],[167.685506575247,-45.4676217560217],[167.68535643739,-45.4676387728342],[167.685206318867,-45.4676718046258],[167.685106061636,-45.4676772597068],[167.685023446833,-45.4676887230284],[167.68495649166,-45.4677057447294],[167.684823291337,-45.4677387553289],[167.684639338948,-45.4677718008056],[167.684456446088,-45.4678057236005],[167.684393400865,-45.4678307869507],[167.684334994499,-45.4678758276047],[167.684256296648,-45.4679058018216],[167.684107315043,-45.4679179100285],[167.683973328186,-45.467938747538],[167.683892270468,-45.4679701110663],[167.683839408061,-45.4680217349183],[167.683806294754,-45.4681387274174],[167.683789383448,-45.4682218154444],[167.683756622272,-45.4682557382666],[167.683719302483,-45.4683009949659],[167.68370659432,-45.4683717404993],[167.683656555028,-45.4685057593665],[167.683589584156,-45.4685887324215],[167.683523358957,-45.4686387718984],[167.683423635198,-45.468705730272],[167.683389423222,-45.4687557813812],[167.683356315291,-45.468821762364],[167.683323544709,-45.4688888050983],[167.683294530917,-45.4689352973473],[167.683256598332,-45.4689717791007],[167.683139603123,-45.4690557564459],[167.683042555721,-45.4691671383822],[167.682912210988,-45.4692566090682],[167.682789324428,-45.4693717508611],[167.68272345007,-45.4694887511466],[167.68267538967,-45.4696179730655],[167.68263958623,-45.4697888920946],[167.682639565878,-45.4698888935027],[167.682656488844,-45.4699888766432],[167.68269141484,-45.4701054174613],[167.682714651954,-45.4702210002963],[167.682714551459,-45.4703689165641],[167.682689628472,-45.4704558855762],[167.682623394668,-45.470571904025],[167.682589566796,-45.4706718835352],[167.682589564545,-45.47082191442],[167.682556432499,-45.4709389326837],[167.682506412418,-45.4710718609167],[167.682489493898,-45.4711058676721],[167.682473639294,-45.4711389032867],[167.682456370567,-45.4711718476733],[167.682423609502,-45.47127193005],[167.682406704371,-45.4713558931366],[167.682406691318,-45.4714388796018],[167.682389415496,-45.4715218612819],[167.682389421586,-45.4716218459173],[167.682419334164,-45.4717296721167],[167.682436698146,-45.4718354370532],[167.682423629712,-45.4719389089178],[167.682406696093,-45.4720559191326],[167.68238943169,-45.4721719318005],[167.682389444486,-45.4723058401856],[167.682389441581,-45.4724059324212],[167.682406717527,-45.4725219373452],[167.682423646463,-45.4726389360719],[167.682489528827,-45.4727719516674],[167.682523734309,-45.4728889647921],[167.682523720469,-45.4730059556712],[167.68250644973,-45.4731059438816],[167.682489543053,-45.4731389762899],[167.682456418691,-45.4732389615958],[167.682449658928,-45.4733104842964],[167.682456410397,-45.4733719940135],[167.682473686612,-45.4734219470292],[167.682489540854,-45.4734889848627],[167.682506458295,-45.4735220138659],[167.682523735717,-45.4735389355754],[167.682573436868,-45.4736059890468],[167.682635063669,-45.4736529823292],[167.682656591695,-45.4736889631141],[167.682668564182,-45.4737308638998],[167.682689708271,-45.4738059712585],[167.682723552534,-45.4738719477224],[167.682739764344,-45.4739059627566],[167.682756683229,-45.473972013241],[167.682773606642,-45.4740720134757],[167.682789448018,-45.4741219633708],[167.682818600962,-45.4741624049215],[167.68285517442,-45.4742070168584],[167.682873679754,-45.4742389640968],[167.68290645323,-45.4743219427035],[167.682939570434,-45.4743889860853],[167.682973755164,-45.4744719666394],[167.682989606689,-45.4745059927236],[167.683006802483,-45.4745344887148],[167.683035921314,-45.4745827710194],[167.683039659022,-45.4745889677319],[167.683123526508,-45.4746889629917],[167.683173569999,-45.4747889537058],[167.683173589886,-45.4748389823617],[167.683173569236,-45.4748559975765],[167.683139740824,-45.4749219727662],[167.683106615251,-45.4749720015882],[167.683114591065,-45.4749966590697],[167.68322088905,-45.4750206077634],[167.683256739107,-45.4750559805182],[167.683255707575,-45.4750842305519],[167.683206716213,-45.4751389532068],[167.683173574608,-45.4752060964987],[167.683156670214,-45.4752560462702],[167.683139744595,-45.4753060850668],[167.683123556623,-45.4753890708228],[167.683073512584,-45.475489057744],[167.683023468353,-45.4755890446342],[167.682989644001,-45.475672036147],[167.682939598359,-45.4758060453893],[167.682906491757,-45.4759220549261],[167.682862704866,-45.4760349166255],[167.682806770721,-45.4761560591428],[167.682773644653,-45.4762560444564],[167.682773657385,-45.4763096168016],[167.682773650629,-45.4763391128156],[167.682756719975,-45.4763890613013],[167.682736723808,-45.4764442974843],[167.682706699728,-45.4764890491714],[167.682604618668,-45.4765527785507],[167.682557072318,-45.4766269547494],[167.682523811192,-45.4767390798677],[167.682506543322,-45.4768891148347],[167.682517987329,-45.4769708196005],[167.68252240047,-45.4770023313309],[167.682576598553,-45.4770763794194],[167.682673526224,-45.477128530516],[167.68277367846,-45.4771890795493],[167.682906509042,-45.4772720427727],[167.682955781125,-45.4773036744981],[167.682998230035,-45.4773581044098],[167.683051562757,-45.4774416628243],[167.683083749782,-45.4775337940693],[167.68308976528,-45.4776060454866],[167.683089524189,-45.4776915193029],[167.683080745804,-45.4777865578269],[167.683091799693,-45.477887263407],[167.683118099703,-45.4779695859818],[167.683173188992,-45.4780341343323],[167.683239546419,-45.4780791453469],[167.683256163106,-45.4780904171488],[167.683373798336,-45.4781561296275],[167.683539768651,-45.478206169158],[167.683689538175,-45.4782561994186],[167.683768681161,-45.4783428840867],[167.683839671751,-45.4784721908795],[167.683873856985,-45.4785892026237],[167.683891121395,-45.4787063607921],[167.683923555209,-45.4787891792054],[167.683989786875,-45.4789061761161],[167.684026458072,-45.4790036168167],[167.6840342713,-45.4790660041508],[167.684006705232,-45.4791221754112],[167.683939763968,-45.479222166231],[167.683898383736,-45.4792888333884],[167.68387387328,-45.4793561825874],[167.683880223096,-45.4794120644137],[167.683908279668,-45.4794753857853],[167.683906646472,-45.4795721846496],[167.683906651912,-45.4796727066396],[167.683906654532,-45.4797061918027],[167.683885207489,-45.4797988018154],[167.683887100271,-45.4798227873406],[167.683889732289,-45.479856125172],[167.683911070249,-45.4798858747651],[167.684023655866,-45.4799221930181],[167.684139577761,-45.4799891605972],[167.684182324002,-45.4800420700195],[167.684193792923,-45.4800562655763],[167.684206909023,-45.480122168054],[167.684206903665,-45.4802561745777],[167.684239663507,-45.4803891987631],[167.684273867461,-45.4805221355039],[167.684289699239,-45.4806222024647],[167.684311798467,-45.4806853510239],[167.684326492438,-45.4807494502419],[167.684356677162,-45.480839281313],[167.684439844518,-45.4809562851679],[167.684539913071,-45.4810562792701],[167.684673836446,-45.4811562697579],[167.684806689912,-45.4812392497946],[167.684923681416,-45.4813392321087],[167.68503961466,-45.4814562360049],[167.685189735239,-45.4815392201678],[167.685254220708,-45.4815743945478],[167.68531693266,-45.4816297492745],[167.685355878263,-45.4817221889141],[167.685368916017,-45.4818203564847],[167.685373686667,-45.4818562785753],[167.685400617481,-45.4819723626242],[167.685474215677,-45.4820568456606],[167.685639749685,-45.4821392431389],[167.68577265298,-45.482204089256],[167.685928625044,-45.4822780159403],[167.68610310071,-45.4823718760717],[167.686244252481,-45.4824594445179],[167.686372325399,-45.4825416352646],[167.686533310251,-45.482634878863],[167.686639844641,-45.4827222532891],[167.686739920978,-45.482822236792],[167.686856930183,-45.4829222359226],[167.687006698417,-45.4830062022308],[167.687156819294,-45.4831061981574],[167.687273829882,-45.4831892536606],[167.687423933016,-45.4832722331307],[167.687556768888,-45.4833723143914],[167.687689975419,-45.4834562895924],[167.687823907075,-45.4835393505613],[167.687973665433,-45.4836223402246],[167.688123790531,-45.483722326057],[167.688274275032,-45.4838223194481],[167.68840711338,-45.4839062856326],[167.688524113901,-45.4839893483685],[167.688676034305,-45.4840401717367],[167.688874044809,-45.4840723237214],[167.689024161872,-45.4840893407527],[167.689068439351,-45.4841248975561],[167.689057274779,-45.4841562992888],[167.689040364518,-45.4842063306657],[167.689007242899,-45.4842723045393],[167.688955625712,-45.4843917267589],[167.688874045135,-45.4845223237457],[167.688795101064,-45.4846611560699],[167.688682383265,-45.4847800694927],[167.688557250742,-45.4849062705825],[167.68842406658,-45.4850063499063],[167.688307054787,-45.4851063379932],[167.688190055744,-45.4852063355561],[167.688090346431,-45.4853223443329],[167.687956791783,-45.4854393409866],[167.687839798195,-45.4855563456135],[167.687706947641,-45.4856723639055],[167.687617994139,-45.4857287443486],[167.687556841119,-45.4857893523685],[167.687523720117,-45.4858393106717],[167.687406711379,-45.485922300707],[167.687273880331,-45.4860223861521],[167.687120055072,-45.4861259129722],[167.686973992322,-45.4862064302076],[167.686912748456,-45.4862405142327],[167.686857014095,-45.4862723968267],[167.686706887659,-45.4863394455495],[167.686539844695,-45.4864064160632],[167.686389720969,-45.4864893896426],[167.686239976523,-45.4865564465667],[167.686056742737,-45.486589384833],[167.685876565056,-45.4865892333073],[167.685689894459,-45.4865724645225],[167.685581971616,-45.4865471461156],[167.685490035046,-45.4865143161305],[167.685356891742,-45.4864394574664],[167.685224044733,-45.4863394640383],[167.685123954442,-45.4862563957128],[167.685073924105,-45.4862224674097],[167.68497384123,-45.486189436009],[167.684957183117,-45.4861864460238],[167.68478987868,-45.486156414163],[167.684703137546,-45.486133558771],[167.684639759228,-45.4861064608953],[167.684574503483,-45.4860815213278],[167.684506924729,-45.4860724461726],[167.684433048646,-45.4860735165202],[167.684406842732,-45.486072435751],[167.684374790714,-45.4860646953392],[167.68430676056,-45.4860394037923],[167.684173915216,-45.4860064710932],[167.684039995724,-45.4859564368247],[167.68392513807,-45.485911818199],[167.683839084988,-45.4858724920886],[167.683775093946,-45.4858310999172],[167.683773939984,-45.4858223457805],[167.68379203417,-45.485813407119],[167.68391571981,-45.4858005921027],[167.684025781191,-45.485793312737],[167.684106956516,-45.4857893939719],[167.684172579636,-45.4857907877457],[167.684239401574,-45.4858015327283],[167.684306757339,-45.4858223297317],[167.684361933266,-45.4858444756625],[167.684437214111,-45.48586772007],[167.684485099162,-45.4858865037682],[167.684532377605,-45.4858980153584],[167.684601107376,-45.485901723307],[167.684623142011,-45.485886758035],[167.684586868354,-45.4858779438928],[167.684522276917,-45.4858652444882],[167.684439956984,-45.4858393455581],[167.684358794889,-45.4858116057168],[167.684257345239,-45.4857731186936],[167.684139712024,-45.4857223404179],[167.684039414277,-45.4856692978773],[167.683939903871,-45.4856063368627],[167.683839814214,-45.4855063502711],[167.683746087918,-45.4854182594667],[167.683656939446,-45.4852893491791],[167.683603277091,-45.4852017734779],[167.683522045498,-45.4851264901842],[167.683439060008,-45.4850702079604],[167.683289739093,-45.4850063931308],[167.683156887328,-45.484922339295],[167.683006765921,-45.4848563685914],[167.682789011105,-45.4847637356624],[167.682706886094,-45.4847393766801],[167.682630059335,-45.4847088583771],[167.682623715289,-45.4847063405537],[167.682573687944,-45.484689337436],[167.682389714031,-45.4846223778188],[167.682189926586,-45.4845393926703],[167.682047206812,-45.4844960143053],[167.681873841034,-45.4844563206065],[167.681723727254,-45.4844394031719],[167.681658926568,-45.4844400924962],[167.681606726004,-45.4844563356871],[167.68158007121,-45.4845100599007],[167.681503289207,-45.4845093174028],[167.681399607834,-45.484456866171],[167.681289908879,-45.4843893690283],[167.681223673699,-45.4843063928417],[167.681157673521,-45.4842119925541],[167.68107390773,-45.4841393518174],[167.680962490682,-45.4841219476723],[167.680856828663,-45.4841393621373],[167.680723999256,-45.4841894032737],[167.680543418339,-45.4841791252554],[167.680377621577,-45.4841381426235],[167.680189743379,-45.4840724076641],[167.680023777819,-45.4840063492077],[167.67985674882,-45.483922386587],[167.679706986421,-45.4838893506922],[167.679573777613,-45.4838564046061],[167.679501620043,-45.4838547272295],[167.679412040551,-45.4838697103471],[167.679356709179,-45.4839063601515],[167.679306660719,-45.4839394003271],[167.679239704866,-45.4839724257182],[167.679156910186,-45.4840063575913],[167.679098577745,-45.4840319316395],[167.679056825875,-45.48407242123],[167.678939827396,-45.4841393797429],[167.678794228226,-45.4842422713724],[167.678661217511,-45.4843602565092],[167.6785561109,-45.4844699690342],[167.678506757628,-45.4845394258722],[167.678473346934,-45.4845879979288],[167.67845672094,-45.4846394300073],[167.67845690217,-45.4846568777383],[167.678451506201,-45.4846790573142],[167.678439799057,-45.4846893602549],[167.678423907158,-45.4846872359758],[167.678411771044,-45.4846772125219],[167.678410327634,-45.4846602297265],[167.678396114094,-45.4846611751708],[167.678389760416,-45.4846723547591],[167.678384710424,-45.4846937025234],[167.67835699936,-45.4847394154059],[167.67832020865,-45.4848288346743],[167.678305365222,-45.4848623760441],[167.6782766779,-45.4848823088348],[167.678231933311,-45.4848944276247],[167.678206884019,-45.4849063666109],[167.67815740297,-45.48496707114],[167.678093688692,-45.4850691356929],[167.6780240085,-45.4851393763051],[167.677939769499,-45.4852393664183],[167.677889736657,-45.4853563587553],[167.67785958142,-45.4854735579402],[167.677806948587,-45.4855723692612],[167.677739988122,-45.4856564312832],[167.677656820685,-45.4857394100724],[167.677589870214,-45.4858223994537],[167.677539818702,-45.4858895340765],[167.677505346028,-45.4859297520261],[167.677458224573,-45.4859991668721],[167.67742390636,-45.4860725034811],[167.677362223468,-45.486157014446],[167.677239958909,-45.4862395377523],[167.677106769781,-45.4862895047373],[167.677007050685,-45.4863565486376],[167.676906968057,-45.4864225204452],[167.676812633109,-45.4864515678875],[167.676689891009,-45.4864894776714],[167.676557049066,-45.4865725528007],[167.676423841933,-45.4866565225924],[167.676323775396,-45.486739501814],[167.676266274586,-45.4867844456307],[167.676156723573,-45.4868065565445],[167.675956927095,-45.4868224892994],[167.675789885061,-45.4868224910435],[167.675702382795,-45.4868167542822],[167.675685052737,-45.4868341945044],[167.675724010769,-45.486906547741],[167.675724017009,-45.4869565046426],[167.675639781868,-45.4870225698002],[167.675589726543,-45.487122553801],[167.675573908312,-45.4872065207612],[167.675540063648,-45.4872724938306],[167.675540069048,-45.4873724784171],[167.675589738919,-45.4874565487383],[167.675639773956,-45.4875225199051],[167.675664646872,-45.487568095895],[167.675639794355,-45.48762249619],[167.675540077796,-45.4876725506508],[167.675488891511,-45.4877079817561],[167.675439989078,-45.4877895505111],[167.675440008148,-45.4878895366358],[167.675490029104,-45.4879564983121],[167.675495416895,-45.488004122359],[167.675453126609,-45.4880212769942],[167.675356836909,-45.4879895198414],[167.675274029341,-45.4879725185769],[167.675239851546,-45.4879725141029],[167.675207072453,-45.4879895353742],[167.675207071362,-45.4880564802044],[167.675139763674,-45.4881065299163],[167.675057076347,-45.4881224385394],[167.674973807506,-45.4881065254173],[167.674906837043,-45.4880395812435],[167.674773994799,-45.4879725242923],[167.674657004007,-45.4879395034245],[167.674618336126,-45.4879350903711],[167.674590031116,-45.4879395029312],[167.674556921427,-45.4879564995556],[167.674521494204,-45.4879657074417],[167.67447376271,-45.4879725216404],[167.674424084155,-45.4879725294076],[167.674394366753,-45.4879678227293],[167.67437404246,-45.4879565140021],[167.674370857977,-45.4879475667054],[167.674373757475,-45.4879364544796],[167.674377968115,-45.4879214355483],[167.674377200985,-45.4879094974465],[167.674377291122,-45.4878982655645],[167.674374034415,-45.4878895408371],[167.674364284988,-45.4878864258349],[167.674352118178,-45.4878858686467],[167.674339830365,-45.4878895438656],[167.674327365129,-45.487899280728],[167.674318300112,-45.4879160611834],[167.674307069327,-45.4879225808945],[167.674294339123,-45.487920916236],[167.674223911371,-45.4878895482046],[167.67415696137,-45.4878725422493],[167.674031100901,-45.4878464271896],[167.673906761383,-45.4878565146976],[167.6738460751,-45.4878665864345],[167.67372387144,-45.4879225884844],[167.673590572852,-45.4879884893857],[167.673428601835,-45.4880526522645],[167.673262516129,-45.4880879885261],[167.673127412955,-45.4880818014687],[167.673007136124,-45.4880619830432],[167.672914312528,-45.4880386424074],[167.672873918503,-45.4880395878381],[167.672837362772,-45.4880637484846],[167.672798319145,-45.4881192208824],[167.672768371197,-45.4882228302409],[167.672748424205,-45.4883650679558],[167.672750934576,-45.4884844741571],[167.672781791713,-45.4885908680504],[167.6727569197,-45.4886396316535],[167.672708088405,-45.4886542936848],[167.672606811472,-45.4886566258472],[167.672461362867,-45.4886811742928],[167.672368706332,-45.4887294119577],[167.672290010616,-45.4887566198438],[167.672189922283,-45.4887566253446],[167.672017589341,-45.4887849107785],[167.671890055918,-45.4888226866634],[167.671827268441,-45.4888620842446],[167.671756858209,-45.4888896532494],[167.671639872106,-45.4888896599388],[167.671557051354,-45.488872647239],[167.671432370541,-45.4888773959808],[167.671287433416,-45.4889041569972],[167.671199615202,-45.4889001348353],[167.67107393165,-45.4888726537885],[167.670992839813,-45.4888620318561],[167.670906907543,-45.4888726581826],[167.670824093627,-45.4889066740008],[167.670739864519,-45.4889066658987],[167.670590083435,-45.4888896592733],[167.670415538583,-45.4888689929857],[167.670289855323,-45.4888726484493],[167.67023839844,-45.4888697049818],[167.670198930514,-45.4888515026709],[167.670173931398,-45.4888227008016],[167.670143843753,-45.4887992842603],[167.670071287062,-45.4887734698789],[167.66996952878,-45.488776977104],[167.669861603273,-45.4888436126988],[167.669699237676,-45.488944345174],[167.669471121759,-45.4890309019055],[167.669289413663,-45.4890567064111],[167.669095814601,-45.4890489344275],[167.668976657162,-45.4890225531633],[167.668889462041,-45.4889896651641],[167.66884574757,-45.4889566959381],[167.668806660717,-45.4888896813897],[167.668752538994,-45.4888786791922],[167.668679711864,-45.4889326021732],[167.668606500543,-45.4889726748948],[167.668439457824,-45.4890227034133],[167.668273513247,-45.4890896624442],[167.668123750479,-45.4891726476696],[167.667973629732,-45.4892396916816],[167.667823503645,-45.4892567066108],[167.667658195994,-45.4892675158672],[167.667525882897,-45.4893043915387],[167.667423536685,-45.4893566985426],[167.667373513688,-45.4893727202734],[167.667306551801,-45.4893727339951],[167.667209843953,-45.4893471643065],[167.667123652692,-45.4893567116212],[167.667008649977,-45.489395210051],[167.666940663871,-45.4893968634454],[167.666878978219,-45.4894035755836],[167.666839631423,-45.4894396903851],[167.666756467802,-45.4894897380443],[167.666639470978,-45.4895727180468],[167.666534019713,-45.4896120323243],[167.666423469141,-45.4896226717972],[167.666380979104,-45.489625871645],[167.66635617967,-45.4896277385548],[167.666323752397,-45.4896396786936],[167.666239499444,-45.489706728952],[167.666123588538,-45.4897566730062],[167.666023515439,-45.4898067114129],[167.665923436699,-45.4898067307324],[167.66577366675,-45.489806725441],[167.665606626653,-45.4897727069143],[167.665423754557,-45.4897727072413],[167.665306755471,-45.4898067211452],[167.665238008822,-45.4898341371762],[167.665206665368,-45.489872692196],[167.665178947337,-45.4898753745409],[167.66515253915,-45.489877929192],[167.665093493665,-45.4898561399633],[167.66503963668,-45.4898566815525],[167.664873675535,-45.4899067275764],[167.66470664813,-45.4899726944795],[167.664534998058,-45.4900261669789],[167.664389466853,-45.4900726773987],[167.664206606271,-45.490156745408],[167.664148895689,-45.4901659197481],[167.664069150474,-45.4901479510301],[167.664006449201,-45.4901567528633],[167.663892833824,-45.4901979542713],[167.66382477527,-45.4902226327168],[167.663673441316,-45.4903066852965],[167.663539528801,-45.4903397321161],[167.663439438426,-45.4903897683357],[167.663356638994,-45.490422707264],[167.663320462547,-45.4904181550387],[167.663271262723,-45.4904119636764],[167.663189598576,-45.4904226995212],[167.663138061656,-45.4904583435798],[167.663099745516,-45.4904565860179]]},"properties":{"TechObjectName":"Kepler Tk - Rainbow Reach To Te Anau Con","ObjectType":"Track Visitor"}},{"type":"Feature","geometry":{"type":"MultiLineString","coordinates":[[[167.64911016784,-45.3606945754954],[167.650530883719,-45.3608231851579],[167.650835493505,-45.3607109768902],[167.65119221881,-45.360312603718],[167.651998756823,-45.3602190119272],[167.65236545224,-45.3601096600924],[167.652656359491,-45.3599382004312],[167.653034323065,-45.3598969984765],[167.65338342918,-45.3598048680914],[167.654104670619,-45.3597343858406],[167.654802316048,-45.3595906712419],[167.656641623567,-45.3595671471001],[167.657038829241,-45.3594907469785],[167.657370735943,-45.3596187447574],[167.658323090089,-45.3596941377187],[167.658691001105,-45.3597787002453],[167.659473883189,-45.3601303386791],[167.659798676813,-45.3601452824446],[167.660041798186,-45.3599716063632],[167.660672672933,-45.3604109276072],[167.661998079758,-45.3608957137065],[167.66222332983,-45.3611224932974],[167.662300856387,-45.3613560066904],[167.663154808214,-45.361665798882],[167.663691163533,-45.3620556682375],[167.663702933372,-45.3623087014655],[167.664411739553,-45.3625802486597],[167.664489276821,-45.3628137601324],[167.664807857693,-45.3628960348949],[167.665322615519,-45.3625860417031],[167.665911684349,-45.3615760935398],[167.66614350607,-45.3613342540083],[167.666431472106,-45.3611941872221],[167.666661215578,-45.3609747953892],[167.668189720528,-45.3606121713712],[167.668598275942,-45.3605858488608],[167.66892224413,-45.3606097449832],[167.670445840706,-45.3604903388325],[167.670777021613,-45.360609245228],[167.671528784435,-45.3605716155484],[167.673086740806,-45.360634101462],[167.673437165533,-45.3607178134616],[167.673958761986,-45.3606966585093],[167.674288602214,-45.36063965124],[167.674631397114,-45.3606328337467],[167.676039610824,-45.3609318820576],[167.676897311793,-45.3609937587478],[167.678817738964,-45.3607842269011],[167.679155857352,-45.3606374115324],[167.679553040975,-45.3605609323461],[167.67987577226,-45.3605982664495],[167.680544736892,-45.360556782992],[167.680901381723,-45.3605731250773],[167.680927907428,-45.3608403555673],[167.681261945942,-45.3609458349204],[167.681649960075,-45.3609861550658],[167.682706453471,-45.3615801070439],[167.682868577159,-45.3617814070472],[167.68289635465,-45.3620351674917],[167.683041317812,-45.362249208493],[167.683884014595,-45.3622832919586],[167.684230954705,-45.3622315476394],[167.684505026944,-45.3620682575055],[167.684885527526,-45.3619819782234],[167.68519096522,-45.3618426656679],[167.685436560486,-45.3616239647793],[167.685754194983,-45.3615257876582],[167.686399033198,-45.3612081341773]],[[167.686399033198,-45.3612081341773],[167.686736867953,-45.3612551570331],[167.687112273663,-45.361258812376],[167.687025430878,-45.3615073256605],[167.687284695884,-45.3617130644516],[167.687814805391,-45.361998827389],[167.687972402057,-45.3622495082776],[167.688500453047,-45.3625577171473],[167.689306915508,-45.3634197019915],[167.689423936688,-45.3637812416687],[167.689413698374,-45.3641008912519],[167.689642437862,-45.3642736668174],[167.689754286392,-45.3645177435921],[167.689750723293,-45.364747523763],[167.690121984563,-45.3657519083394],[167.690402320935,-45.3660938636048],[167.690736983172,-45.3663841972601],[167.690636290041,-45.3666095359509],[167.690610708914,-45.3671133398218],[167.690718494124,-45.3673842812884],[167.690941345121,-45.3676559757138],[167.690742375904,-45.3680977461668],[167.690842473538,-45.3686433657384],[167.691655564868,-45.3692260933368]],[[167.684920547442,-45.3592242491094],[167.685080191136,-45.3594524853275],[167.685127558996,-45.3596845989676],[167.685423676537,-45.3598198911578],[167.685550653401,-45.3600556483204],[167.685746219624,-45.3602584750058],[167.686073667834,-45.3610083840448],[167.686281017017,-45.3611356811995],[167.686399033198,-45.3612081341773]]]},"properties":{"TechObjectName":"Hidden Lakes Jetty To East Cove/Hidden L","ObjectType":"Track Visitor"}},{"type":"Feature","geometry":{"type":"LineString","coordinates":[[167.713332248356,-45.4336962247397],[167.713331425431,-45.4337052045885],[167.713290691362,-45.4337304031455],[167.713212518637,-45.4337448818964],[167.713120767307,-45.4337677609637],[167.713103894418,-45.4338120797009],[167.713123635929,-45.433876098054],[167.713141729092,-45.4339580750822],[167.713148716372,-45.4340215131214],[167.713167633752,-45.4340945112577],[167.713174622337,-45.4341579493556],[167.71319353978,-45.4342309474901],[167.713212457264,-45.4343039456231],[167.71320504304,-45.4343847629865],[167.713184874373,-45.4344650000368],[167.713163881306,-45.4345542177626],[167.713157289927,-45.4346260552713],[167.713150699796,-45.4346978928375],[167.713143284108,-45.4347787101282],[167.713150271325,-45.434842149063],[167.713142033881,-45.434931946255],[167.713122687855,-45.4350032034331],[167.713091411419,-45.4350649013898],[167.713047381625,-45.4351260190606],[167.712990595888,-45.4351865563106],[167.712932986908,-45.4352560742633],[167.712875377865,-45.4353255912838],[167.712818591731,-45.4353861284294],[167.712772912693,-45.435465205526],[167.712817340458,-45.4355393645031],[167.712863414527,-45.435595562893],[167.712831314365,-45.4356662405859],[167.712772880391,-45.435744737306],[167.712702515815,-45.4358136747286],[167.71263297552,-45.4358736314269],[167.712562610605,-45.4359425687472],[167.712504999072,-45.4360120854642],[167.712433810684,-45.4360900025218],[167.712377023251,-45.4361505393865],[167.712319412534,-45.4362200560475],[167.712251518844,-45.4362620537653],[167.712194732223,-45.4363225914769],[167.71209967974,-45.436381387745],[167.712030962482,-45.4364323651408],[167.71196224391,-45.4364833415338],[167.711892701894,-45.4365432985995],[167.711811228114,-45.4365936953073],[167.711729754189,-45.4366440919499],[167.711662684101,-45.4366771095103],[167.711555700067,-45.4367263459011],[167.711464769164,-45.4367402427822],[167.711361905302,-45.4367445800723],[167.711259042706,-45.4367489173278],[167.711168110358,-45.436762814804],[167.711050020169,-45.4367935106252],[167.710958264319,-45.4368163877385],[167.710852927547,-45.4368476638693],[167.710735661736,-45.4368693795999],[167.710631149477,-45.4368916757685],[167.7105266385,-45.4369139710001],[167.710423775598,-45.4369183074834],[167.710330369796,-45.4369591435537],[167.710236963946,-45.4369999786448],[167.710155488012,-45.4370503749646],[167.710073188477,-45.4371097501197],[167.71001639749,-45.43717028564],[167.709922990989,-45.4372111213428],[167.709832057736,-45.4372250168058],[167.709764161049,-45.4372670128974],[167.709683509197,-45.4373084291094],[167.709615612301,-45.4373504251024],[167.709534136674,-45.4374008200907],[167.709452659629,-45.4374512149546],[167.709373655892,-45.43747467141],[167.709279424854,-45.4375244854285],[167.709172437266,-45.4375737194081],[167.709079029605,-45.4376145534625],[167.708986446732,-45.4376464086093],[167.708905793874,-45.437687823322],[167.708825140817,-45.4377292388683],[167.708707046227,-45.4377599320469],[167.708600058995,-45.4378091655036],[167.708495544293,-45.4378314595918],[167.708389380584,-45.4378717130636],[167.708272111888,-45.4378934261142],[167.708179526872,-45.4379252805031],[167.708074188021,-45.4379565530579],[167.707982427972,-45.4379794275698],[167.707902599044,-45.4380118627062],[167.707822770111,-45.438044296886],[167.70775569493,-45.4380773119016],[167.707653655137,-45.4380726660726],[167.707565193169,-45.4380596213111],[167.707489487623,-45.4380471575262],[167.707387447927,-45.4380425114619],[167.707273477089,-45.4380283054409],[167.70718419128,-45.4380242401443],[167.707069395315,-45.4380190127202],[167.70698093488,-45.4380059675731],[167.706879719415,-45.4379923413084],[167.706766574215,-45.4379691551003],[167.706667008368,-45.4379375692166],[167.706554687505,-45.4379054030608],[167.706480631987,-45.4378749791942],[167.706382717326,-45.437825433708],[167.706272046468,-45.4377753078658],[167.706186061726,-45.4377353230229],[167.706087322115,-45.4376947569842],[167.70598610749,-45.4376811299586],[167.705896822412,-45.4376770636802],[167.705780377555,-45.4376897952987],[167.705675862197,-45.4377120867562],[167.705584101842,-45.4377349584118],[167.705504272045,-45.4377673918194],[167.705398930879,-45.4377986626808],[167.705319100978,-45.4378310950531],[167.705212935186,-45.4378713463548],[167.705119524438,-45.4379121770056],[167.705027763481,-45.4379350490835],[167.7049351768,-45.4379669007461],[167.704828184914,-45.4380161304294],[167.704746704301,-45.4380665217498],[167.704676325933,-45.4381354535616],[167.70461952945,-45.4381959870303],[167.704574662212,-45.4382660814334],[167.704528969211,-45.4383451545728],[167.704496856852,-45.4384158302513],[167.704463918745,-45.4384954846749],[167.704456490852,-45.4385763017428],[167.704436307751,-45.4386565374783],[167.704416124583,-45.438736773207],[167.704384011901,-45.4388074479382],[167.704377409582,-45.4388792853386],[167.704356401721,-45.4389685007593],[167.704325113316,-45.4390301957517],[167.704268315484,-45.4390907289822],[167.704211516254,-45.4391512621193],[167.704128381678,-45.4392196130875],[167.704071583434,-45.4392801462006],[167.703988448578,-45.4393484961532],[167.703931648775,-45.4394090291238],[167.70384851347,-45.4394773798534],[167.703767854426,-45.4395187906284],[167.703673613918,-45.4395686004541],[167.70356661787,-45.4396178287569],[167.70345962283,-45.439667057906],[167.703378963241,-45.4397084683794],[167.70329830218,-45.4397498796273],[167.70320406216,-45.4397996890861],[167.703108994705,-45.4398584780328],[167.703041090023,-45.439900469733],[167.702946023504,-45.4399592585869],[167.702876466502,-45.4400192094372],[167.702807735319,-45.440070181506],[167.702726249896,-45.4401205711544],[167.702643936891,-45.4401799412004],[167.702576031479,-45.4402219325887],[167.702492067222,-45.4402992618177],[167.702422510583,-45.4403592124071],[167.702352953711,-45.4404191638433],[167.702308906586,-45.4404802774511],[167.702239349522,-45.4405402279087],[167.702157035382,-45.4405995975493],[167.702061966763,-45.4406583855659],[167.701969374013,-45.4406902345298],[167.701874305051,-45.4407490223733],[167.701793642696,-45.4407904324926],[167.701710502835,-45.4408587805459],[167.701641769569,-45.4409097518126],[167.701546699899,-45.4409685393491],[167.701464384409,-45.4410279084252],[167.701394825765,-45.4410878582923],[167.701312511212,-45.441147227302],[167.701231846611,-45.4411886369179],[167.701139253828,-45.4412204852033],[167.701021148205,-45.4412511707715],[167.700928555213,-45.4412830188752],[167.700810449362,-45.4413137042133],[167.700704274031,-45.4413539499573],[167.700584516312,-45.4414025942978],[167.700504678571,-45.4414350238222],[167.700398501538,-45.441475269201],[167.700291500328,-45.4415244950783],[167.700198078731,-45.4415653220777],[167.700104658277,-45.4416061490533],[167.699997655304,-45.4416553745716],[167.699904234564,-45.441696201369],[167.699785302058,-45.4417358652197],[167.699692707553,-45.4417677131451],[167.699597633197,-45.441826498832],[167.699516967701,-45.4418679071879],[167.699448231258,-45.4419188769796],[167.699366740144,-45.4419692648534],[167.69927166503,-45.4420280511324],[167.699190173602,-45.4420784388649],[167.699082342271,-45.4421366430157],[167.699002502683,-45.4421690713979],[167.698908253594,-45.4422188777704],[167.698828412523,-45.4422513059611],[167.698733337742,-45.4423100909048],[167.698650191797,-45.4423784382361],[167.698579801642,-45.4424473666248],[167.698520514986,-45.4425348352812],[167.698450124468,-45.4426037635727],[167.69839331656,-45.4426642942991],[167.698323751369,-45.4427242419817],[167.698240604297,-45.442792588961],[167.698171039971,-45.4428525374906],[167.698102301103,-45.4429035063554],[167.698018327953,-45.4429808318654],[167.697937659671,-45.4430222389702],[167.697833131702,-45.4430445235223],[167.697703917186,-45.4430566650094],[167.697613799125,-45.4430615714843],[167.697486237239,-45.4430557535653],[167.697371432771,-45.4430505168325],[167.697260760883,-45.4430003821479],[167.697188357268,-45.4429519930257],[167.697091267496,-45.4428934607727],[167.696978943335,-45.4428612849788],[167.696852209108,-45.4428464868329],[167.696764570102,-45.4428244539159],[167.696639488984,-45.4427916964079],[167.696538268279,-45.4427780615699],[167.69641070861,-45.4427722416414],[167.696297556613,-45.4427490455706],[167.696170824242,-45.4427342458477],[167.696057673797,-45.442711048709],[167.695971688431,-45.4426710569886],[167.695873773331,-45.4426215024019],[167.695787789512,-45.4425815106134],[167.6956762928,-45.4425403540118],[167.695591135332,-45.4424913816095],[167.69549322081,-45.4424418276196],[167.695381724606,-45.4424006707507],[167.69526940253,-45.4423684933549],[167.695167354415,-45.4423638368013],[167.695038968608,-45.4423669948962],[167.694924165905,-45.4423617566624],[167.694797433621,-45.4423469554047],[167.694695386895,-45.4423422984905],[167.694567001076,-45.4423454569499],[167.694476055396,-45.4423593404238],[167.694346015897,-45.4423804576981],[167.694246449071,-45.4423488617555],[167.694149364921,-45.4422903263346],[167.69405062588,-45.4422497507332],[167.693950231947,-45.4422271340466],[167.69381074583,-45.4422117492351],[167.693684014201,-45.4421969476611],[167.693584448113,-45.4421653511697],[167.693484055909,-45.4421427332497],[167.693370907978,-45.4421195335398],[167.693256932438,-45.4421053141052],[167.693154058757,-45.4421096353199],[167.693026500014,-45.44210381162],[167.692887013197,-45.4420884265375],[167.69278496725,-45.4420837679372],[167.692658236363,-45.4420689643489],[167.692557843415,-45.4420463464725],[167.692431112694,-45.4420315426375],[167.692304381967,-45.4420167395606],[167.692203162763,-45.4420031009139],[167.692101117166,-45.4419984408133],[167.691973558806,-45.4419926168449],[167.691871513182,-45.4419879574362],[167.691742300522,-45.4420000913069],[167.691638599161,-45.4420133906193],[167.691534071135,-45.4420356693569],[167.691416785999,-45.442057366013],[167.691312257821,-45.4420796445391],[167.691194972612,-45.4421013400621],[167.691091272252,-45.4421146389206],[167.690972332113,-45.4421542940728],[167.690880559388,-45.4421771541591],[167.690776029458,-45.4421994330095],[167.690645989416,-45.4422205451118],[167.690530358484,-45.4422242818642],[167.690402801295,-45.4422184552818],[167.690301582347,-45.4422048149475],[167.690175678938,-45.4421810291074],[167.690060876321,-45.4421757850465],[167.68995883068,-45.4421711239141],[167.689844856292,-45.4421569001981],[167.689718124954,-45.4421420941983],[167.689604150708,-45.4421278702465],[167.689502105228,-45.4421232087099],[167.689414469434,-45.4421011702482],[167.689299667119,-45.4420959254295],[167.689184866025,-45.4420906814515],[167.689083647781,-45.4420770391605],[167.688981601205,-45.4420723771036],[167.688880382975,-45.4420587355317],[167.688779991864,-45.4420361143897],[167.688666846503,-45.4420129100968],[167.688564800196,-45.4420082467764],[167.688463582214,-45.4419946048432],[167.688375948367,-45.4419725656678],[167.688276386062,-45.4419409646807],[167.68818875111,-45.4419189253086],[167.688102773108,-45.4418789270455],[167.688028722341,-45.4418484913311],[167.687956328575,-45.4418000967495],[167.687906961965,-45.4417798059411],[167.687833738645,-45.4417403906406],[167.687734178442,-45.4417087883734],[167.687635444233,-45.4416682073946],[167.687551122791,-45.4416102498763],[167.687491485319,-45.441562437379],[167.687445430678,-45.4415062286492],[167.687385793402,-45.4414584161049],[167.687312572146,-45.4414190005622],[167.687228251408,-45.4413610428348],[167.687155857775,-45.4413126468448],[167.687069881463,-45.4412726478731],[167.686970321194,-45.4412410458291],[167.68688351652,-45.4412100261244],[167.686798367921,-45.4411610475072],[167.686713220745,-45.441112068892],[167.686622660308,-45.4411377402479]]},"properties":{"TechObjectName":"Te Anau Wildlife Centre To Control Gates","ObjectType":"Track Visitor"}},{"type":"Feature","geometry":{"type":"LineString","coordinates":[[167.62050477423,-45.38533459638],[167.620494175112,-45.3853765890684],[167.620486783746,-45.3853833973174],[167.620440946641,-45.3854083268685],[167.620401144946,-45.3854371431476],[167.62031413128,-45.3854782006374],[167.620238584512,-45.3855197898403],[167.620197544198,-45.3855756026736],[167.62018111452,-45.3856145194192],[167.620066589571,-45.3857309532791],[167.620053177421,-45.3857375463912],[167.620046237526,-45.3857570640825],[167.619965711356,-45.385824573724],[167.619940412658,-45.3858351242302],[167.619907818741,-45.3858552573613],[167.619840622868,-45.3859170719401],[167.619758117917,-45.3859646505198],[167.619708977687,-45.3859975425175],[167.619649977427,-45.3860263706187],[167.619611199328,-45.3860579400433],[167.619571899108,-45.3860813686964],[167.619419312854,-45.3861942348395],[167.619275845415,-45.3862642379965],[167.619075574408,-45.3863532506981],[167.61903778356,-45.3863605174005],[167.618967315333,-45.3863888140955],[167.618914435188,-45.3864206306516],[167.618843798473,-45.3864507232847],[167.618722914407,-45.3865118520559],[167.61863621634,-45.3865357890026],[167.618527537108,-45.3865758411663],[167.618464814742,-45.3866171214991],[167.618439900286,-45.3866646632313],[167.61843508766,-45.3866887885867],[167.618408313345,-45.3867425563406],[167.618340963341,-45.3868196929431],[167.61821358923,-45.3869229052143],[167.618177910387,-45.3869897873366],[167.618108447336,-45.3870758438246],[167.618079541927,-45.3871250044521],[167.618031874796,-45.3871832147001],[167.617990075987,-45.3872471069824],[167.617931376408,-45.3873138237919],[167.617796186256,-45.3874870122734],[167.617688511786,-45.3875848239444],[167.617643357964,-45.3876160976744],[167.617545138293,-45.3876674544856],[167.61734630138,-45.3878232637203],[167.617212400334,-45.3879415028744],[167.617073385663,-45.3880459775498],[167.616895639346,-45.3881540665234],[167.61682189789,-45.3882173801965],[167.616760327952,-45.3883010966931],[167.616659590196,-45.3883793906479],[167.616304628506,-45.3886172362313],[167.616276727451,-45.3886556209246],[167.616188161215,-45.3887543173835],[167.616145269273,-45.3888298822535],[167.616085056202,-45.388912760542],[167.616039765932,-45.3889728835967]]},"properties":{"TechObjectName":"Luxmore Caves Track","ObjectType":"Track Visitor"}},{"type":"Feature","geometry":{"type":"MultiLineString","coordinates":[[[167.5859091866,-45.386605856572],[167.585885739843,-45.3866197696105],[167.585797624971,-45.3866670540795],[167.585705163373,-45.3866982272931],[167.585585504003,-45.3867367635344],[167.585414496382,-45.3867952234231],[167.58523556938,-45.3868367655438],[167.58506961887,-45.3868367532819],[167.5848856655,-45.3868037425995],[167.584735535231,-45.3867868195178],[167.584569564621,-45.3867537911583],[167.584402536444,-45.3867367824252],[167.584235489213,-45.3866867482283],[167.584085724333,-45.3866197731827],[167.583969827214,-45.3865198018187],[167.583921504373,-45.3864678852363],[167.583831563172,-45.3864159741763],[167.583752732541,-45.3863867748173],[167.583569486658,-45.3863537497318],[167.583358636808,-45.3863318636919],[167.583282614644,-45.3863368022054],[167.58323576039,-45.3863697682344],[167.583135687852,-45.3864198116584],[167.583019773265,-45.3865198063428],[167.582985568313,-45.3865538132547],[167.582969736307,-45.3865697496543],[167.58285273865,-45.3866698285774],[167.582778594151,-45.3867390638111],[167.582735737073,-45.3867868253348],[167.582699999276,-45.3868546963467],[167.582652572294,-45.3869197671161],[167.582608370208,-45.3869649503827],[167.582502830217,-45.3870197607089],[167.582407972022,-45.3870796691615],[167.582385817968,-45.3871198393574],[167.582352715896,-45.3872537546474],[167.582325397094,-45.3873096547713],[167.582235703601,-45.3874037845948],[167.582185656953,-45.3874538261208],[167.582069746491,-45.3875699352058],[167.5820135692,-45.3876339844789],[167.58197087504,-45.387671418402],[167.581952750285,-45.3877038495541],[167.581869580492,-45.3877538957731],[167.581769504288,-45.3878039378194],[167.581619758773,-45.3878869138231],[167.581469624261,-45.3879538810733],[167.581319506994,-45.3880368479945],[167.581169758166,-45.388103915117],[167.581002706207,-45.3881369507187],[167.580835676746,-45.388136945728],[167.580752606127,-45.3881190802305],[167.580687407111,-45.3880921747765],[167.580602392441,-45.388036866036],[167.580469184465,-45.3879538766113],[167.580385312332,-45.3878538908155],[167.580319434307,-45.3877368979805],[167.580284415773,-45.3876963594612],[167.580235191991,-45.3876539215195],[167.580102329935,-45.3875539300604],[167.580019184337,-45.3874368344793],[167.579968688011,-45.3873809815595],[167.579902179953,-45.3873368521549],[167.579742519831,-45.3872654323647],[167.579573021701,-45.3871954821868],[167.579507824335,-45.3871685761291],[167.579434546494,-45.3871556128108],[167.579366668761,-45.3871572140847],[167.579291615468,-45.3871632510592],[167.579235451141,-45.3871537919832],[167.579069141695,-45.3871038392892],[167.578919361383,-45.3870538009158],[167.578852413913,-45.3870197968997],[167.578719210357,-45.3869197965551],[167.578655401212,-45.3868710770102],[167.578569535367,-45.3868479754687],[167.578436027093,-45.3868274280254],[167.578269204467,-45.3868198170952],[167.578151047411,-45.3868332099319],[167.578102165372,-45.3868198067068],[167.577952399877,-45.3867368433611],[167.577819201756,-45.3866698755312],[167.577685280294,-45.3866198461575],[167.577619394438,-45.3865698019881],[167.57750239611,-45.3864868166217],[167.577335357699,-45.3864368815758],[167.577152115957,-45.3864038372932],[167.576985450771,-45.3864198682174],[167.576902287912,-45.3864538859658],[167.576789768313,-45.3864737445435],[167.576719656324,-45.3864991018274],[167.576648213757,-45.3865387177011],[167.576602401461,-45.3865868168732],[167.576519239749,-45.3867198452364],[167.576452277447,-45.3868368385234],[167.576402233914,-45.3869538462775],[167.576335286896,-45.3870868563784],[167.57628524203,-45.387136814372],[167.576259162896,-45.387162893924],[167.576235214686,-45.3871868550952],[167.576152408923,-45.3873038470803],[167.576019213818,-45.3874038478534],[167.575935338447,-45.3875199425586],[167.57585217171,-45.3876199368748],[167.575752443223,-45.3877539399584],[167.57563546304,-45.3878539411616],[167.575469146351,-45.3879369190819],[167.575302459981,-45.3880039710159],[167.57515233288,-45.3880699400461],[167.574985313405,-45.3881369936498],[167.574835182418,-45.3882039540831],[167.57471926654,-45.3882539977693],[167.574652312864,-45.3883039497625],[167.574502170054,-45.3883869343494],[167.574369349036,-45.3884699968584],[167.57433609853,-45.3884834584256],[167.574317476805,-45.3884874034214],[167.574302382385,-45.3884869147064],[167.574297928987,-45.3884768490625],[167.574308210747,-45.3884403555822],[167.574352431794,-45.3883539991218],[167.574419376708,-45.3882369882386],[167.574425160544,-45.3882159212283],[167.574424549122,-45.3881982087933],[167.574406529478,-45.3881957605433],[167.574363681191,-45.3882146529801],[167.574269260295,-45.3882699313901],[167.574119131436,-45.3883369899977],[167.5740290825,-45.3883758599328],[167.573952466153,-45.3884199670893],[167.573858317288,-45.3884932762943],[167.573831821532,-45.3885081163872],[167.573806094227,-45.3885149490043],[167.573780503717,-45.3885201830973],[167.573762620723,-45.3885161371201],[167.57375898952,-45.3885063176751],[167.573769101101,-45.3884473069182],[167.573785407722,-45.3883869350005],[167.573798737264,-45.3883265139456],[167.573819255288,-45.3882699281426],[167.573848045935,-45.3882146664084],[167.573885146508,-45.3881539232877],[167.573891469113,-45.3881411421064],[167.573897374526,-45.3881269439537],[167.573893880113,-45.3881155259944],[167.573885246686,-45.3881103067212],[167.573869343859,-45.3881095633839],[167.573824378636,-45.3881267515126],[167.573752300373,-45.3881699522318],[167.573692377857,-45.3882202593922],[167.573619447166,-45.3882699304733],[167.573554149467,-45.3883070367186],[167.573485186755,-45.3883539900825],[167.573431083012,-45.388402566058],[167.573391576847,-45.3884344837825],[167.573352343638,-45.3884539864962],[167.573169462211,-45.3885199547901],[167.573035183803,-45.3886039220905],[167.572902344811,-45.3886539757093],[167.572769144096,-45.3887369561369],[167.572652158767,-45.3888199368558],[167.572585182199,-45.3888699675558],[167.572469254285,-45.3889539445806],[167.57238539529,-45.3890370131274],[167.572285314352,-45.389120008787],[167.572202142635,-45.3891699488067],[167.57210242432,-45.3892369985437],[167.571999341955,-45.3893040084722],[167.571935390299,-45.3893700253905],[167.571883572466,-45.3894558189641],[167.57188342502,-45.3894560639887],[167.571847253226,-45.3894618032923],[167.571774203761,-45.3894652779476],[167.571653279541,-45.3894548436472],[167.571535432469,-45.3894539952797],[167.571369473869,-45.3894369814033],[167.571202426952,-45.3894199802152],[167.571035380318,-45.3893869446334],[167.570869439373,-45.3893700298859],[167.570783407358,-45.3893425864119],[167.570719302142,-45.3893039663951],[167.570569184988,-45.3892039854527],[167.570497426433,-45.389143093427],[167.570435260807,-45.3891039959049],[167.570346825515,-45.3890883344069],[167.570252395496,-45.389086992572],[167.570069143927,-45.3891200129156],[167.569902457946,-45.3891699686493],[167.569719214531,-45.3892039898258],[167.569624043235,-45.3892120001872],[167.569535259462,-45.389220012604],[167.5694649248,-45.3892475107375],[167.569401559846,-45.3892731789434],[167.569354347987,-45.3892709707197],[167.569302200668,-45.3892494395104],[167.569253167956,-45.3892080249099]],[[167.5859091866,-45.386605856572],[167.586070625835,-45.3865850784316],[167.586279439223,-45.3865785120756],[167.586419163202,-45.3865687321399],[167.586558888005,-45.3865589430692],[167.586721651616,-45.3865502282675],[167.586953501627,-45.3865447440033],[167.587093226339,-45.3865349542691],[167.587257512274,-45.3865100140462],[167.587421786639,-45.3864850730353],[167.587647989235,-45.3864503121681],[167.587777207059,-45.3864244309723],[167.587910042024,-45.3864082860318],[167.588087957483,-45.3863942427809],[167.588292626518,-45.386384638369],[167.588434184413,-45.3863720922007],[167.588567179213,-45.3863591461526],[167.588729939986,-45.3863504382324],[167.588915726524,-45.3863427935513],[167.589053927878,-45.386349235026],[167.589192128007,-45.3863556762737],[167.589331852114,-45.3863458837493],[167.589493077088,-45.3863533987721],[167.589632800315,-45.3863436148364],[167.589794039437,-45.3863511292024],[167.58993375078,-45.386341335329],[167.590071951089,-45.3863477755112]],[[167.618847868552,-45.3852703034118],[167.618736518244,-45.385286487115],[167.618686466817,-45.3853035022143],[167.618620594483,-45.3853534556269],[167.618553288989,-45.3854534376181],[167.618503596965,-45.3855034821989],[167.618459847781,-45.3855249457693],[167.618391486222,-45.3855273955482],[167.618303446373,-45.3855034841753],[167.618170609058,-45.3854534459478],[167.618082115249,-45.3854319308535],[167.618030839413,-45.3854009222053],[167.617997124011,-45.3853993585777],[167.617970438801,-45.3854365291806],[167.617953527164,-45.3855034870768],[167.617936604064,-45.3856034768123],[167.617898996751,-45.3856524953066],[167.617814978523,-45.3856820026055],[167.617707989785,-45.3856675023898],[167.617620161726,-45.3856365214198],[167.617585633489,-45.3855997957343],[167.617525399064,-45.3855922328291],[167.617420257958,-45.3856303015024],[167.617319916949,-45.3856864665764],[167.617268463317,-45.3857330210454],[167.617220197307,-45.3857535081914],[167.6170700834,-45.3857695432277],[167.616940372847,-45.3857655321101],[167.616760973319,-45.3857285819116],[167.616681390988,-45.3857105719054],[167.616635921007,-45.3856864687502],[167.616607577672,-45.3856307945186],[167.616603156622,-45.3855694663935],[167.616586233581,-45.385469485555],[167.616603157971,-45.3853534709384],[167.616603589931,-45.3853108899782],[167.616576542619,-45.3852380609137],[167.616581422397,-45.3851857944438],[167.616551700505,-45.3851414640094],[167.616512575498,-45.3851253384386],[167.616458182046,-45.3851275867643],[167.61633603937,-45.3851864282276],[167.616185908825,-45.385219370428],[167.616103110305,-45.3852193719563],[167.616008810421,-45.3852260464897],[167.615886043005,-45.3852534845935],[167.615735917109,-45.3852865074346],[167.615656507133,-45.3853003732983],[167.615603068349,-45.3852865151825],[167.615558466617,-45.3852624247378],[167.615529646174,-45.3852085946655],[167.615493183501,-45.3851639605489],[167.615468871128,-45.3851342012785],[167.615415820414,-45.3851221996055],[167.615335956632,-45.3851534039066],[167.615205108437,-45.385203092615],[167.615119300089,-45.3852516062527],[167.615054184873,-45.385296299391],[167.614986029486,-45.3853195520976],[167.614835920912,-45.3853534855554],[167.614703072241,-45.3853695074907],[167.614570218653,-45.3854035282901],[167.61446729645,-45.385417006105],[167.614370081739,-45.385419540099],[167.614253072636,-45.3854365482166],[167.614086027684,-45.3854365636279],[167.613935908139,-45.3854695033681],[167.613870027626,-45.3854694950203],[167.613801073543,-45.385485125159],[167.61371990949,-45.3855035174669],[167.613570136591,-45.3855535613807],[167.613420024691,-45.3856035269494],[167.613269902536,-45.38566948907],[167.613135996194,-45.3857365375907],[167.612970035932,-45.3857695711388],[167.612802993643,-45.3858035011569],[167.612635948207,-45.3858195206453],[167.612469997667,-45.3858535459281],[167.61232023822,-45.3858865725792],[167.61217011259,-45.3859365268421],[167.612003064687,-45.3859695534278],[167.6118360338,-45.3860195068022],[167.611685911067,-45.3860535353401],[167.611621870232,-45.3860819002275],[167.611536156784,-45.38611950357],[167.611482564611,-45.3861231575057],[167.611352912909,-45.3861035767261],[167.611247909874,-45.3860979546963],[167.611165663561,-45.3861084488289],[167.611119991984,-45.3861195132533],[167.611012432275,-45.3861538292801],[167.610952951439,-45.3861695548885],[167.610785913445,-45.3861865649092],[167.610619942344,-45.3861865621139],[167.610470184655,-45.3861865630162],[167.610320079084,-45.3862035635057],[167.610219989167,-45.386203570568],[167.610052953932,-45.3862195966333],[167.609870076797,-45.3862035758242],[167.609719946414,-45.386219601241],[167.60953599444,-45.3862196009709],[167.609353117324,-45.3862195954685],[167.60915294084,-45.3862365251828],[167.60903517064,-45.3862242834918],[167.608947072125,-45.3862249632949],[167.608786106816,-45.3862535335899],[167.608603214004,-45.3862535441371],[167.608436191952,-45.3862695594404],[167.608252957041,-45.386269553226],[167.608120102523,-45.3862695699288],[167.608077321991,-45.3862561480685],[167.607969980241,-45.3862365358745],[167.607864224055,-45.3862176188812],[167.607786022325,-45.386219623352],[167.607635907286,-45.3862035973459],[167.607535607366,-45.3861832739522],[167.607448397055,-45.3861744526553],[167.607359397929,-45.3861846305686],[167.607285986335,-45.386186586061],[167.607103099877,-45.3861695872368],[167.606936054196,-45.3861535669244],[167.60677009913,-45.3861365600978],[167.606619993764,-45.3861036150716],[167.60653610846,-45.3860866157012],[167.606482762379,-45.3860723237788],[167.606416676929,-45.3860549421669],[167.606353213644,-45.3860535712209],[167.606320105275,-45.3860535847901],[167.606153062894,-45.3860365714709],[167.605986019072,-45.3859866154617],[167.6058031359,-45.3859535895473],[167.605653010579,-45.38593658642],[167.60561989052,-45.3859365893285],[167.605420090832,-45.3859035428583],[167.605403183954,-45.3859035512545],[167.605269973665,-45.3859035567608],[167.605136058713,-45.3859195718776],[167.605052886332,-45.3859195845238],[167.604870017321,-45.3859365893149],[167.60476826037,-45.3859401754469],[167.604679718384,-45.3859456010152],[167.604520092659,-45.3859866269998],[167.604369978981,-45.3860535976516],[167.604202933485,-45.3861036300028],[167.604035904286,-45.3861696070086],[167.603936173315,-45.3862036319223],[167.603802974356,-45.3862196424819],[167.603620092519,-45.386253580784],[167.603453061002,-45.3862866135443],[167.603270176976,-45.3863036240442],[167.603103129675,-45.3863036231447],[167.60293609983,-45.3862866146751],[167.602753213735,-45.3862696088405],[167.602569975331,-45.3862696121675],[167.602402940944,-45.3862696108468],[167.602220061744,-45.3862696117284],[167.602069920831,-45.3862536041199],[167.601902893268,-45.3862036428531],[167.601770060531,-45.3861366035365],[167.601619921615,-45.3860536187394],[167.601486014246,-45.3859696487226],[167.601353165391,-45.3858866649216],[167.601236161047,-45.3857865975739],[167.601153005281,-45.3856695999073],[167.601052926861,-45.3855695993256],[167.600920079577,-45.3854866150878],[167.600850029178,-45.3854764669979],[167.600786140333,-45.3854866257673],[167.60066987766,-45.3855196533839],[167.600503190642,-45.3855536721289],[167.600403112449,-45.3855866134475],[167.600269918577,-45.3856196462475],[167.600170192174,-45.3856366599105],[167.600020077212,-45.3856366579539],[167.599869961499,-45.3856366638644],[167.599720185011,-45.3856196604057],[167.599685991011,-45.3856196475597],[167.599535875383,-45.3856196530312],[167.599386112653,-45.3856366561862],[167.599269837303,-45.3856866179033],[167.599152843894,-45.3857196453171],[167.599002714083,-45.3857536756173],[167.598869521358,-45.3858036159582],[167.598719746434,-45.3858196427508],[167.598569629035,-45.3858196477582],[167.598519603333,-45.3858196470195],[167.598432096262,-45.385841195048],[167.598352555346,-45.3858536634842],[167.598202797308,-45.3859196328278],[167.598052665312,-45.3859536608659],[167.597918436864,-45.3859747665471],[167.597835600231,-45.3859696857518],[167.597792109024,-45.385949797146],[167.597775437628,-45.3859108482326],[167.597801014366,-45.3858547744474],[167.59786748096,-45.3857958324221],[167.59795259434,-45.3856866261938],[167.597949606656,-45.3856421727137],[167.597919007964,-45.3856073458704],[167.597869783808,-45.3855866407328],[167.59771966281,-45.3855696272861],[167.597603882968,-45.3855735913852],[167.597502588021,-45.3856036593336],[167.597442133239,-45.3856376486729],[167.597369742869,-45.3856536954175],[167.597292008707,-45.3856497537758],[167.597225469143,-45.385637106345],[167.597179434629,-45.3856044924099],[167.597157830548,-45.3855732409433],[167.597135577611,-45.3855707620075],[167.597095562445,-45.3855833016875],[167.596985629133,-45.3856036612998],[167.59683551505,-45.3856366875647],[167.596735786174,-45.3856866314686],[167.59658567462,-45.3857036512781],[167.596527921336,-45.3857096293298],[167.596452818926,-45.3857196694793],[167.596392182511,-45.3857128522156],[167.596319614507,-45.3856696331782],[167.596219549082,-45.3855866442834],[167.596119827637,-45.3855036815241],[167.596035582557,-45.3854197067045],[167.596019749652,-45.3853037016071],[167.595992419977,-45.385269784622],[167.595957803368,-45.3852465653503],[167.595919658429,-45.3852196300949],[167.595802647981,-45.3851366639996],[167.59573570392,-45.3850536837015],[167.595685642431,-45.3849535979947],[167.595652537038,-45.3848365994298],[167.595669821183,-45.3847035679876],[167.595669809131,-45.384586585266],[167.595669816078,-45.3844865935967],[167.595635609497,-45.3843695976792],[167.595619762462,-45.3842695899951],[167.595685641756,-45.3841535827554],[167.595758433297,-45.3840805346086],[167.595785721143,-45.38405360595],[167.595869611386,-45.3839865395575],[167.595869596029,-45.3839696296945],[167.595952767526,-45.3838695507405],[167.596069753649,-45.3837695495906],[167.596131799052,-45.3837176173962],[167.596169467627,-45.3836865632627],[167.596185675341,-45.3836695608249],[167.596242945813,-45.3836205265466],[167.596285766828,-45.3835365508491],[167.596335810356,-45.3834365443209],[167.59636962788,-45.3833036239363],[167.596385472018,-45.3831866131192],[167.596385471602,-45.3830865490846],[167.596435513629,-45.382986551443],[167.596519749933,-45.3828865577055],[167.596560938336,-45.3828288565477],[167.59656405584,-45.3827955993845],[167.596535583741,-45.3827535392311],[167.596483979015,-45.3827107460385],[167.596419669413,-45.3826695698512],[167.596302670082,-45.3826036039424],[167.596169469054,-45.3825365495537],[167.596052466421,-45.3824865993766],[167.595995854563,-45.3824637820852],[167.59595092579,-45.3824415263685],[167.595902693027,-45.3824195585403],[167.595852653955,-45.3824036208531],[167.595735662649,-45.3823195636551],[167.59560246818,-45.3822364936602],[167.595502749334,-45.3821864539478],[167.595369542902,-45.3821194892771],[167.595304897312,-45.3820794514498],[167.595235608389,-45.3820365277574],[167.595069646994,-45.3820034963088],[167.594919542638,-45.3819535366346],[167.594769758759,-45.3819195262037],[167.594635490958,-45.3818694824388],[167.594452603771,-45.381836545089],[167.594285567898,-45.3818365497062],[167.594119619499,-45.381836549887],[167.593985684137,-45.3818195454366],[167.593969484606,-45.3818195298901],[167.593835565319,-45.3818195431835],[167.593761745479,-45.3818443316994],[167.593697939925,-45.3818747626587],[167.593669612376,-45.3819035093474],[167.593636876868,-45.3819482744603],[167.59363577539,-45.3819864954723],[167.593678277264,-45.3820122376497],[167.593752767279,-45.3820365385612],[167.593836970982,-45.3820530314231],[167.593861271623,-45.3820827948027],[167.593840203016,-45.3821629403043],[167.59378553306,-45.3822365063266],[167.593685457513,-45.3823035571657],[167.593585734287,-45.3823535975823],[167.593435629709,-45.3824036459431],[167.593252739842,-45.382419575949],[167.59314465637,-45.3824311798025],[167.593069496017,-45.382453597041],[167.592935569469,-45.3825195657202],[167.592775783924,-45.3826096530247],[167.592622100795,-45.382659759042],[167.592519190682,-45.3826740564562],[167.59246972979,-45.3826866140807],[167.592319610214,-45.3827535783903],[167.592219538627,-45.3828366433744],[167.592119461654,-45.3829196278977],[167.592078942881,-45.3829637321959],[167.592049294263,-45.382990983547],[167.592002458866,-45.3830196160824],[167.591902796318,-45.3830366524991],[167.591803506094,-45.3830845118523],[167.591702575958,-45.3831366141416],[167.591602496838,-45.3832196071094],[167.591469669062,-45.3832866443545],[167.591335748496,-45.3833536043377],[167.591219463414,-45.3834195914844],[167.591085546394,-45.3834866413598],[167.590985466606,-45.3835696247503],[167.590969617631,-45.3836036417403],[167.59095802991,-45.3836511767116],[167.590946831326,-45.3836983691892],[167.590935791359,-45.3837366510343],[167.590896122194,-45.3838057655876],[167.590863810962,-45.3838615242494],[167.590785677699,-45.3839536551779],[167.590716522808,-45.3840598665769],[167.590669752658,-45.3841035987196],[167.59065248329,-45.3841196218476],[167.590576381246,-45.3841821771093],[167.590481596947,-45.3842541160334],[167.590402633323,-45.3843036616567],[167.590335674542,-45.3843536118553],[167.590185553075,-45.3844365984057],[167.590052728186,-45.3845196601827],[167.58996537332,-45.3845593269899],[167.589902590242,-45.3846036375836],[167.589785591835,-45.3847036326952],[167.5896855293,-45.3847696076031],[167.589535766927,-45.384853665375],[167.589376808806,-45.3849136660071],[167.589294561638,-45.3849241442154],[167.589235521858,-45.3849367323193],[167.589099076512,-45.3849866182602],[167.588952554233,-45.3850537274342],[167.588819730063,-45.3851196986282],[167.588685807762,-45.3852037634822],[167.58853569285,-45.3852697310024],[167.588369717958,-45.3853366991227],[167.588219602685,-45.3854037572358],[167.588069474016,-45.3854697234855],[167.587919730687,-45.3855367718721],[167.587769608969,-45.3856037390647],[167.587655794402,-45.3856446869121],[167.587576716762,-45.3856934941981],[167.58748371105,-45.3857464221569],[167.587352718157,-45.3857867125806],[167.587169501988,-45.3858197433521],[167.587035571336,-45.3858697805438],[167.586902734643,-45.3859697742175],[167.586770134936,-45.3860615089706],[167.586619761201,-45.386136723691],[167.586516242997,-45.3861689788182],[167.586452748715,-45.3862037765133],[167.586382381864,-45.3862963483228],[167.586323982433,-45.3863413487275],[167.586252568569,-45.3864037683854],[167.586119738129,-45.3864697370219],[167.586035487436,-45.3865367889761],[167.586002740956,-45.3865537940616],[167.585927700484,-45.386594870473],[167.5859091866,-45.386605856572]]]},"properties":{"TechObjectName":"Kepler Tk - Luxmoore Hut To Mt Luxmoore","ObjectType":"Track Visitor"}},{"type":"Feature","geometry":{"type":"LineString","coordinates":[[167.684982449117,-45.4398655741626],[167.68498774529,-45.4398420555319],[167.684972755642,-45.4398207021959],[167.684805709518,-45.4397377143679],[167.684638662126,-45.4396547451372],[167.684472710155,-45.4395876862377],[167.684338794444,-45.439520740479],[167.684155906786,-45.4394546748737],[167.684005784946,-45.439370710498],[167.683822910352,-45.439337684446],[167.683638935724,-45.4393376831426],[167.683455692757,-45.4393707101676],[167.683322862508,-45.439404734493],[167.683188944522,-45.4394047322103],[167.683138906482,-45.4393877269543],[167.683055745191,-45.4393376815444],[167.683022619983,-45.43928773404],[167.682972934417,-45.4392547029709],[167.682893281384,-45.439254784176],[167.682855945229,-45.439237692126],[167.682838655793,-45.4392047636876],[167.682822818447,-45.4391547230088],[167.682772776466,-45.4390707454546],[167.682705804601,-45.4389707535742],[167.682655765725,-45.4389547400684],[167.682605720731,-45.4389547414435],[167.6825703683,-45.4389346200705],[167.682522938938,-45.4389207276458],[167.682353949614,-45.4389294904279],[167.682305841752,-45.4389207242933],[167.682276464879,-45.438887774229],[167.682256041088,-45.4388152604608],[167.682222702238,-45.4387706858508],[167.682145077055,-45.4386956624651],[167.682088759744,-45.4386377553218],[167.682005607271,-45.4385207645996],[167.68196863776,-45.4384776380245],[167.681949206388,-45.4384594723897],[167.681939374614,-45.4384580213191],[167.681929267531,-45.4384595604097],[167.681922792844,-45.4384707255466],[167.681898333666,-45.4384862072016],[167.681888319112,-45.4384867505035],[167.681884531103,-45.438481572204],[167.681890655602,-45.4384768387423],[167.681888605941,-45.4384707307034],[167.681875713464,-45.4384691394155],[167.68184263834,-45.4384726396776],[167.68182273144,-45.4384707190581],[167.681726471074,-45.4384514720791],[167.681688804468,-45.4384376930963],[167.681651551146,-45.4384246985562],[167.681588727101,-45.4383868000042],[167.681555587243,-45.4383707388425],[167.681516741402,-45.4383582127058],[167.681422385614,-45.4383324884553],[167.681388916624,-45.438320694955],[167.681348194912,-45.4382979648848],[167.681312881864,-45.4382613256635],[167.681288830575,-45.4382377086997],[167.681270748338,-45.4382088100323],[167.681241899337,-45.4381919265432],[167.681220063864,-45.4381889795641],[167.681203022583,-45.4381940340611],[167.681170059062,-45.4382217147041],[167.681142784656,-45.438247708514],[167.681122884876,-45.4382547242394],[167.681103907863,-45.4382498159961],[167.681067342185,-45.4382267442995],[167.681018088776,-45.4381914145741],[167.680972745489,-45.4381707550088],[167.680939243805,-45.4381595818762],[167.68086551148,-45.4381377314942],[167.680822622355,-45.4381207188077],[167.680788924121,-45.4380992023284],[167.68073931313,-45.4380677517816],[167.680705634778,-45.4380547501549],[167.680669368537,-45.4380470395666],[167.680620021292,-45.4380428336794],[167.680590456473,-45.4380336986911],[167.680578303554,-45.4380156306038],[167.680572198173,-45.4379920045616],[167.680572787215,-45.437970786808],[167.68057667028,-45.4379435692351],[167.680588613609,-45.4379207519369],[167.680608309781,-45.4379002645305],[167.680610098758,-45.4378808860847],[167.680602549543,-45.437872758609],[167.680586044205,-45.4378720039453],[167.680555049726,-45.437878367274],[167.680534716533,-45.4378891146245],[167.680522734561,-45.4379047160304],[167.680490924112,-45.4379143512119],[167.680412442464,-45.4379263237106],[167.680365121537,-45.4379299926511],[167.680338311957,-45.4379209835828],[167.680325622295,-45.4379087343994],[167.680305665407,-45.4379047281502],[167.680279196563,-45.4379027141162],[167.680238701861,-45.4379047196281],[167.680164578617,-45.4379169279308],[167.680122790063,-45.4379207498538],[167.680070102228,-45.437922333415],[167.680005920239,-45.4379291169471],[167.679955731975,-45.4379377576341],[167.679788704846,-45.437987716084],[167.679622746139,-45.4380377584038],[167.679522657958,-45.4380707800177],[167.67946769696,-45.4381009973162],[167.679455974142,-45.4381082425965],[167.679442569564,-45.4381037429164],[167.679438146329,-45.4380918626897],[167.679439397419,-45.4380783040357],[167.679434425358,-45.4380722331697],[167.679417383134,-45.438077296356],[167.679407686368,-45.4380924165757],[167.679387531961,-45.4381012231722],[167.679355623144,-45.4381047222804],[167.679312329248,-45.4381075013827],[167.679255908009,-45.4381047116953],[167.67922719128,-45.4381016661132],[167.679188597936,-45.4380877979944],[167.67914128034,-45.4380743774682],[167.679105772911,-45.4380707868676],[167.67906385772,-45.4380747294101],[167.679022631295,-45.4380707950898],[167.679004384307,-45.4380603286505],[167.678988771474,-45.438054771555],[167.678972581229,-45.4380547704287],[167.678960175513,-45.4380602526981],[167.678946234844,-45.4380615629127],[167.678933188404,-45.4380531830032],[167.678922905292,-45.4380377613184],[167.678905624531,-45.4379877174626],[167.678881409601,-45.437955471269],[167.678872871403,-45.4379207519184],[167.67887286458,-45.4379047364089],[167.678862188162,-45.4378942743663],[167.678838672731,-45.4378877332186],[167.678826172571,-45.4378653926447],[167.678820413128,-45.4378378875685],[167.678826210249,-45.4378050775109],[167.678855575363,-45.4377547968232],[167.678922903442,-45.4376877504116],[167.678948036856,-45.4376530477413],[167.678977100503,-45.4376076859517],[167.678995157233,-45.4375618117319],[167.679011174372,-45.4375080709265],[167.679016185985,-45.4374538168628],[167.679022610996,-45.4374207192638],[167.679035244977,-45.4373671390659],[167.679038805519,-45.4373377343303],[167.679034399822,-45.437316512787],[167.679015057898,-45.4372864377768],[167.678998839598,-45.4372526198944],[167.678991232278,-45.4372153091997],[167.6789887694,-45.4371706952939],[167.67899013785,-45.4371374298765],[167.679005797787,-45.4370875584822],[167.679010865571,-45.437062497341],[167.679007158873,-45.4370428675727],[167.679000982544,-45.4369900496311],[167.679002771085,-45.4369706810911],[167.679010238161,-45.4369496154385],[167.67903319754,-45.4368806185559],[167.679038804495,-45.4368547067222],[167.67903563073,-45.4368243086343],[167.679031244254,-45.4367521213146],[167.679035181372,-45.436709496051],[167.679042822563,-45.4366768153418],[167.67905406184,-45.4366247489081],[167.679055716924,-45.4365876818964],[167.679049495835,-45.4365544931002],[167.679041352509,-45.4365229914661],[167.679022582648,-45.4364876770995],[167.67895562589,-45.4364206421584],[167.678838629211,-45.436304624454],[167.678789949873,-45.4362527094593],[167.678755824851,-45.4362046358775],[167.678732140482,-45.4361605562999],[167.678705779811,-45.4361376806619],[167.678680134004,-45.436125099626],[167.678655733383,-45.436120673025],[167.678630966891,-45.4361189613861],[167.678615344797,-45.4361085167007],[167.678605695041,-45.4360876415501],[167.678612104164,-45.4360538851956],[167.678622613269,-45.4360206768716],[167.678651745087,-45.4359837134752],[167.678655931572,-45.4359683412735],[167.678655731865,-45.4359546977406],[167.678622613303,-45.4359206915226],[167.678601651531,-45.435897756641],[167.678588784275,-45.435870647711],[167.67858242971,-45.435836558768],[167.67857881838,-45.4357858059425],[167.678572563866,-45.4357546436741],[167.678565821704,-45.4357171114167],[167.678548460848,-45.4356657287852],[167.678538721859,-45.4356376353765],[167.678535465496,-45.4355970343175],[167.678538866685,-45.435560219029],[167.678538718665,-45.4355206345781],[167.678550555878,-45.4354634740766],[167.678555656249,-45.4354376466193],[167.678551391728,-45.435424601731],[167.67853816769,-45.4354181533754],[167.678521829901,-45.4354154663391],[167.678505134538,-45.4354166405909],[167.678480736195,-45.4354116370393],[167.678456862119,-45.4354008139766],[167.678436088665,-45.4353862469807],[167.678422809244,-45.4353706879516],[167.678407363665,-45.4353382302577],[167.67839700273,-45.4353007845604],[167.678398017586,-45.4352599734793],[167.678395550923,-45.4352267845293],[167.678405518194,-45.4351876447943],[167.678409706911,-45.4351632285465],[167.678423219947,-45.4351366059194],[167.678449719261,-45.4350891791496],[167.678460656351,-45.4350604899617],[167.678455551188,-45.4350376855941],[167.678436890365,-45.435018544446],[167.678372747344,-45.4349546310354],[167.678323083251,-45.4349043756748],[167.678283518082,-45.4348539242237],[167.678231814168,-45.4347854050778],[167.678224993575,-45.4347695284866],[167.678222628138,-45.4347546495253],[167.678236645774,-45.4347330906337],[167.678238834276,-45.4347206299089],[167.6782332965,-45.43470959144],[167.678215456126,-45.43469320985],[167.678205704004,-45.4346706708397],[167.67820838644,-45.4346500811187],[167.678211787813,-45.4346132649473],[167.678205700278,-45.434570595292],[167.678195072587,-45.4345249409258],[167.678173704033,-45.4344869997748],[167.678156952099,-45.4344589909324],[167.678143298207,-45.4344272380466],[167.678138746223,-45.4344045486302],[167.678142455015,-45.4343766109475],[167.678154822237,-45.4343324244129],[167.678155655642,-45.4343045531163],[167.678153441598,-45.4342876072007],[167.678138733983,-45.4342375997353],[167.678133255653,-45.4342069147993],[167.678138741938,-45.4341705372193],[167.678155664358,-45.4341205890018],[167.678159544976,-45.4340719199831],[167.678155639455,-45.4340206024815],[167.678158202423,-45.4339667867491],[167.678155640144,-45.4339375433369],[167.678151489973,-45.4339197877062],[167.67814297752,-45.4338921557554],[167.678128371119,-45.4338408990594],[167.678118118694,-45.4337723300046],[167.678113804055,-45.4337293272981],[167.678122524972,-45.4336876061307],[167.678132684916,-45.4336445893222],[167.678153137764,-45.4336027195943],[167.678188753982,-45.4335375765487],[167.678205675438,-45.4335045364546],[167.678222603293,-45.4334875289535],[167.678238805948,-45.433470605489],[167.678250904969,-45.4334418076783],[167.678258727516,-45.433416872584],[167.67827263069,-45.4333875442433],[167.678288480628,-45.4333545990004],[167.678316437582,-45.4333008274499],[167.678344713898,-45.4332340226318],[167.678372630896,-45.4331710970188],[167.678388552838,-45.433120606918],[167.678408315409,-45.4330540434211],[167.67842275074,-45.433020599975],[167.678444127038,-45.4329953655531],[167.678488623818,-45.4329545516587],[167.678525587412,-45.432921265998],[167.678538679434,-45.4329045968363],[167.678542747847,-45.4328850890722],[167.678538663769,-45.432854558416],[167.678538653655,-45.4328046102734],[167.678540080852,-45.4327643315598],[167.678555574829,-45.4327205494233],[167.678588697244,-45.4326705946829],[167.678619539592,-45.4326220412143],[167.67864052891,-45.4325743623638],[167.678648722319,-45.4325455566703],[167.678667122958,-45.4324958115679],[167.678688291151,-45.4324461930652],[167.678714955017,-45.4323968259202],[167.678769071349,-45.432319526755],[167.6788337777,-45.4322174271272],[167.678863376315,-45.4321662472573],[167.678888556991,-45.4321206086584],[167.678906127715,-45.4320923229647],[167.67892613817,-45.4320251390284],[167.678942940955,-45.4319928323322],[167.679005554622,-45.4319045057909],[167.679072524687,-45.4318204452715],[167.67913309559,-45.4317291399337],[167.679201807056,-45.4316135984015],[167.679244557539,-45.4315396739387],[167.679272663184,-45.4314874511162],[167.679300818644,-45.4314391356169],[167.679372740057,-45.431337510467],[167.679488662729,-45.4311704673836],[167.679588732047,-45.4310045019963],[167.679672619942,-45.4308704924745],[167.679701068436,-45.4308153824643],[167.679722649596,-45.4307544839359],[167.679737822181,-45.4306867002926],[167.679735889335,-45.4306477013048],[167.679738493427,-45.4306204708223],[167.679751489207,-45.4305686384955],[167.679780835302,-45.4304902132907],[167.679788533371,-45.4304544151435],[167.679788527116,-45.4304204913754],[167.679782959908,-45.430377458127],[167.679788529596,-45.4303544386081],[167.67980046374,-45.4303374010504],[167.679829165424,-45.4302959091329],[167.679838559976,-45.4302704505367],[167.679844048083,-45.430224604811],[167.679855467427,-45.4301874798748],[167.679889301266,-45.4301235529065],[167.679905515264,-45.4300874953996],[167.679916073166,-45.4300430531225],[167.679932623733,-45.4299835029986],[167.679955566127,-45.4299204571542],[167.679973632576,-45.429868631205],[167.680005594273,-45.4298044475197],[167.680031500146,-45.429750654457],[167.680072556057,-45.4296874275464],[167.680155707476,-45.429587443572],[167.680172626839,-45.4295544120887],[167.680194728911,-45.4295090740959],[167.68022265424,-45.4294704408124],[167.680255052037,-45.4294242847293],[167.680305472332,-45.4293704600634],[167.68037242152,-45.4293044780213],[167.680405541683,-45.4292704649245],[167.680428533629,-45.4292512738173],[167.680455591806,-45.4292374351828],[167.680488712428,-45.4292203392623],[167.680512811843,-45.4292064911508],[167.680546830171,-45.4291671899657],[167.680572576987,-45.4291543648776],[167.680592462631,-45.4291517667008],[167.680603111729,-45.4291561411571],[167.68062261396,-45.4291543559389],[167.680645464264,-45.4291464113867],[167.680672734106,-45.4291204174843],[167.680705405172,-45.4291043195143],[167.680747318561,-45.4290907551118],[167.680778116496,-45.4290863305584],[167.680805489005,-45.4290873937823],[167.6808300453,-45.4290925941537],[167.680845844882,-45.4291010988263],[167.680867497978,-45.4291059853673],[167.68090291265,-45.4291114929887],[167.680938684231,-45.4291131302678],[167.680983421769,-45.4291073960526],[167.681039880037,-45.4290944153808],[167.681088445738,-45.4290703800008],[167.681116966983,-45.4290376264304],[167.681135378056,-45.4289878814154],[167.681149780724,-45.4289515780097],[167.681160906497,-45.4289209502719],[167.681180091189,-45.428892647779],[167.681207360662,-45.4288666537312],[167.681255488651,-45.4288373677637],[167.681303894758,-45.4288088068098],[167.68134856054,-45.4287738886994],[167.681388697907,-45.4287373836237],[167.68145373787,-45.4286522323654],[167.681482080462,-45.4286146111616],[167.681519568258,-45.4285676859966],[167.681559093494,-45.4285286371593],[167.681598978913,-45.428485709126],[167.681643476859,-45.4284527310631],[167.68168468532,-45.4284254271795],[167.681705478859,-45.4284043759984],[167.681721635776,-45.4283843127569],[167.681738971399,-45.428346195528],[167.681754805818,-45.4282943847977],[167.68177244658,-45.4282543437134],[167.6817896578,-45.4282162026642],[167.681825461548,-45.4281575332648],[167.681857630966,-45.4281084170547],[167.681886687482,-45.4280630460851],[167.681918486394,-45.428017808559],[167.681959264378,-45.4279651919748],[167.682005356053,-45.4279203472297],[167.682034322705,-45.4279005264813],[167.682105442754,-45.4278543838027],[167.682205513569,-45.4277873375234],[167.682288658228,-45.4277203821655],[167.682336613262,-45.4276789324655],[167.682375781768,-45.4276437536882],[167.682382899037,-45.4276265764833],[167.68237255995,-45.4276203775897],[167.682353518014,-45.427615502525],[167.682352016778,-45.4276018081324],[167.682355616251,-45.4275873553812],[167.682369530424,-45.4275617520187],[167.68239422328,-45.4275337010889],[167.682428072636,-45.4274963313508],[167.68246377116,-45.4274687843385],[167.682488463169,-45.427454331545],[167.6825053933,-45.4274543307097],[167.682532139128,-45.4274466180608],[167.682550428964,-45.4274279955575],[167.682572330852,-45.4274043710238],[167.682593424203,-45.427381322664],[167.682660931398,-45.42730853022],[167.682751449453,-45.4271959328028],[167.682802980236,-45.4271165657099],[167.682822534329,-45.4270872971832],[167.682840027297,-45.4270703603861],[167.682846510553,-45.4270640827009],[167.682852250229,-45.4270598911379],[167.682879108688,-45.4270402805177],[167.682914269891,-45.4270185432794],[167.682953257496,-45.4269853038585],[167.682975910338,-45.4269493682654],[167.68299857495,-45.4269134431194],[167.683022909104,-45.4268892632072],[167.683066857611,-45.4268620840356],[167.683119564443,-45.426837280609],[167.683155522252,-45.426820359566],[167.683202971913,-45.4267943780945],[167.683264518703,-45.4267563359548],[167.68330565233,-45.4267203808121],[167.683337733415,-45.4266887182499],[167.683349599389,-45.4266726691414],[167.683372603178,-45.4266543070619],[167.683411490763,-45.4266307470062],[167.683455395318,-45.4266202847704],[167.683483794591,-45.4266172733297],[167.683502226491,-45.4266057174565],[167.683514840489,-45.4265887832584],[167.68351530281,-45.426553780437],[167.683514157904,-45.4265362165937],[167.683521096738,-45.4265209699872],[167.683540112887,-45.4264945982275],[167.683575988986,-45.4264651111543],[167.683622447521,-45.426437227062],[167.683662465608,-45.4264262619687],[167.683702063154,-45.4264163961617],[167.683738366109,-45.4264041963121],[167.683782137666,-45.4263869826552],[167.683822448505,-45.4263693761016],[167.683872635281,-45.4263542505137],[167.683910071126,-45.4263480906185],[167.683946198639,-45.4263458475626],[167.68397236247,-45.4263372342303],[167.683992327968,-45.4263255590183],[167.684002402571,-45.4263056130464],[167.684005484832,-45.4262871968926],[167.684012022331,-45.4262613003382],[167.684022399135,-45.4262372474221],[167.684030606396,-45.4262096239303],[167.684038590343,-45.4261872110884],[167.684045471633,-45.4261383092445],[167.684055518317,-45.4261042227574],[167.684068061761,-45.4260731910069],[167.684079529186,-45.4260386919305],[167.68410555332,-45.426004235835],[167.684155578613,-45.4259372708274],[167.684205622829,-45.4258702256644],[167.684255307839,-45.4258202780336],[167.684288435259,-45.4257872390447],[167.684305346105,-45.4257702298441],[167.684328491694,-45.4257660133965],[167.684338467342,-45.4257542058508],[167.684335966319,-45.425744948645],[167.684322621084,-45.4257371963371],[167.684319034709,-45.4257188803235],[167.684323920021,-45.4256957575271],[167.684338451894,-45.4256702448655],[167.684362310116,-45.4256391434356],[167.684395250666,-45.4256114697992],[167.684435740248,-45.425591915268],[167.684505508049,-45.4255702452228],[167.684586397243,-45.4255462702814],[167.684655622602,-45.4255202026295],[167.684741940313,-45.4254775032162],[167.684828593782,-45.4254367223974],[167.684920577077,-45.4253981238333],[167.685006337252,-45.4253670222909],[167.685071055688,-45.4253544187793],[167.68514605038,-45.4253500660633],[167.685218481867,-45.4253436492894],[167.685291807269,-45.4253275431813],[167.685359815486,-45.4253092544154],[167.685425412425,-45.4252869606939],[167.685488296855,-45.4252542449487],[167.685531082022,-45.4252197982578],[167.685568027474,-45.4251786823515],[167.685599654372,-45.4251353846704],[167.685622575865,-45.4250872068661],[167.685632638109,-45.4250473858869],[167.685649718099,-45.4249820156336],[167.685655332331,-45.4249541828162],[167.6856548989,-45.4249258310673],[167.685651294991,-45.4248750788091],[167.685655338158,-45.424837192334],[167.685662089164,-45.4247880133579],[167.685672602001,-45.424737194234],[167.685688417079,-45.4246822080013],[167.68570536014,-45.4246372016387],[167.685722367197,-45.4246137135834],[167.685746879191,-45.4245875924852],[167.685765178884,-45.4245689789264],[167.685776288383,-45.4245383499779],[167.685779146235,-45.4245073531209],[167.685779964803,-45.4244684799135],[167.685772320741,-45.4244372279986],[167.685755389279,-45.424404198767],[167.685745667858,-45.424391030061],[167.685729333537,-45.4243883361193],[167.685705895412,-45.4244028283183],[167.685688442745,-45.4244041942347],[167.685682202961,-45.4243900672443],[167.685681235281,-45.4243705717934],[167.685688424776,-45.424354254728],[167.685704076556,-45.4243326973487],[167.685739950024,-45.4243032103698],[167.685772318383,-45.4242701895425],[167.685810369722,-45.424228601249],[167.685838557027,-45.4241871927366],[167.685871405984,-45.4241360609764],[167.685905517286,-45.4240872043603],[167.68594051366,-45.4240458281588],[167.685972457713,-45.424004230318],[167.68599007069,-45.4239877766336],[167.685994612619,-45.4239685247435],[167.685984501191,-45.4239583327772],[167.685966139139,-45.4239477630617],[167.685955538352,-45.4239371881866],[167.685957279172,-45.4239240123824],[167.685971918519,-45.4239149518084],[167.685979034983,-45.423897765339],[167.685972214477,-45.4238818892156],[167.685972452616,-45.4238701331068],[167.685982786423,-45.4238570791678],[167.686005590225,-45.4238371111964],[167.686041203558,-45.4238227882061],[167.68608976331,-45.4238055495096],[167.686115956827,-45.4237911830859],[167.686138410105,-45.423770143717],[167.686160374544,-45.4237290011077],[167.686180385673,-45.4236618258279],[167.686193817215,-45.4236060090723],[167.686205757523,-45.4235365173439],[167.686209509596,-45.4234958221928],[167.686210149133,-45.4234588886297],[167.68619924929,-45.4234272534971],[167.68618285252,-45.4233953754061],[167.686174705038,-45.4233638749842],[167.686172241003,-45.4233371433508],[167.686174734711,-45.4233035594655],[167.686187095131,-45.4232593708383],[167.686198751006,-45.4232229422416],[167.68621057499,-45.4231845635842],[167.686229157076,-45.4231328867241],[167.686238940263,-45.4230866334509],[167.686244373584,-45.4230577011392],[167.686238982651,-45.423026317625],[167.686231193751,-45.4229909379352],[167.686215856603,-45.4229474311835],[167.686205364319,-45.4229041549677],[167.68619674784,-45.4228551123629],[167.6861927721,-45.4228082387733],[167.686188422497,-45.4227701488507],[167.686180485211,-45.4227317952239],[167.686164804419,-45.4226921594314],[167.686155311876,-45.4226541410255],[167.6861438215,-45.4225900338628],[167.686138396577,-45.4225201262352],[167.686126677613,-45.4224763975988],[167.686111161998,-45.422434830506],[167.686087039536,-45.4223967560507],[167.686067532208,-45.4223686225152],[167.686038294552,-45.4223540751811],[167.685992287486,-45.4223457308687],[167.685979421922,-45.4223354131021],[167.685972430027,-45.4223201510092],[167.68594972935,-45.4222679037321],[167.685940437334,-45.4222188295878],[167.685933898796,-45.4221698911144],[167.685923534855,-45.4221324549591],[167.68590546376,-45.4221041525578],[167.685875733784,-45.4220816200734],[167.685831807741,-45.4220484835724],[167.685805370645,-45.4220200959738],[167.685722210187,-45.4219371111258],[167.685622498817,-45.4218371290115],[167.685522402511,-45.4217371387492],[167.685452526389,-45.4216672951375],[167.685422340735,-45.4216541473052],[167.685396001432,-45.4216510935834],[167.6853787742,-45.4216580880259],[167.685356408309,-45.4216609520827],[167.685321177637,-45.4216535064312],[167.685265010091,-45.4216334254881],[167.685216914186,-45.4216156619698],[167.685172107871,-45.4215922142362],[167.685155209048,-45.4215700975781],[167.685151275844,-45.4215484563238],[167.685155207011,-45.4215201408067],[167.685169323856,-45.421502580711],[167.685195515193,-45.421488214399],[167.685205239939,-45.4214701099762],[167.685198910365,-45.4214513986253],[167.685186224335,-45.4214391492465],[167.685155202127,-45.4214371624096],[167.685122435002,-45.4214540862452],[167.685099398822,-45.4214818703051],[167.685088260972,-45.421520153941],[167.685091283784,-45.4215398686267],[167.685099785648,-45.4215674995671],[167.685088259698,-45.4215870988526],[167.685055491524,-45.4215871063402],[167.685029398233,-45.4215817919459],[167.685008640549,-45.4215672259808],[167.684988518913,-45.4215371524972],[167.684955403579,-45.4215041312642],[167.684925536494,-45.4214797620541],[167.684905367949,-45.4214540864718],[167.684891839618,-45.4214256853381],[167.684884410352,-45.421386426334],[167.684877515473,-45.4213413662689],[167.684855323673,-45.4213041558052],[167.684828199252,-45.4212768458295],[167.684784108564,-45.4212456483367],[167.684738320071,-45.4212200913701],[167.684675244112,-45.421197863956],[167.684624753184,-45.4211760942116],[167.68458842404,-45.4211483365987],[167.684579694748,-45.4211253939719],[167.684590089328,-45.4211025228753],[167.68458819818,-45.4210870711559],[167.684577520907,-45.4210591424108],[167.684539043878,-45.420997064901],[167.684455355354,-45.420904010204],[167.684355264072,-45.4208040182362],[167.684267524886,-45.4207355933554],[167.684238270462,-45.4207040285703],[167.684223361064,-45.4206752037237],[167.684212832131,-45.4206396978065],[167.684194027901,-45.4206038236606],[167.684153765827,-45.4205611148073],[167.684115719871,-45.4205243596775],[167.684072153475,-45.4204873432736],[167.684033394459,-45.4204583288342],[167.683990450785,-45.4204446859672],[167.683960895579,-45.4204355522894],[167.683938391185,-45.4204200764286],[167.68393127863,-45.4203972353175],[167.683932886653,-45.4203797963684],[167.68393449459,-45.4203623583154],[167.683928390213,-45.42033873339],[167.683915273208,-45.4203011613453],[167.68387989671,-45.4202353395264],[167.683788651352,-45.4201163645501],[167.683710510527,-45.4200349600875],[167.683672334037,-45.4199870085115],[167.683623449811,-45.4199006215016],[167.683588446543,-45.4198540773753],[167.683556135042,-45.4198216603671],[167.683512046926,-45.4197904543934],[167.683472160869,-45.4197540830479],[167.683426192207,-45.4197028627572],[167.683388280205,-45.4196539935391],[167.68334983968,-45.419602089417],[167.683305463457,-45.4195540247465],[167.683251122403,-45.4195041788177],[167.683222311483,-45.4194700464379],[167.683197745757,-45.4194239075117],[167.683172277803,-45.4193700532829],[167.683153153264,-45.4193382040403],[167.683120784079,-45.4192997511721],[167.683100742997,-45.4192774362052],[167.683088393907,-45.4192540391209],[167.683083740392,-45.4192221749688],[167.683081986182,-45.4191812363684],[167.683072182378,-45.4191370449985],[167.683058877578,-45.4191023590812],[167.683032898344,-45.4190544689848],[167.68302214249,-45.419020053287],[167.683014392294,-45.4189855231497],[167.683012650852,-45.4189445851439],[167.683012577623,-45.4189153923172],[167.683005215373,-45.4188700051513],[167.682985570256,-45.4188188244031],[167.682955168109,-45.418770029267],[167.682888212496,-45.4186870444648],[167.682827731837,-45.4186131378122],[167.682829341287,-45.4185956998443],[167.682822700932,-45.418577883936],[167.682808942636,-45.4185772551319],[167.682786577137,-45.4185801267997],[167.682773534245,-45.4185717483879],[167.682772302122,-45.4185540265296],[167.682759883366,-45.4185399952848],[167.682713041267,-45.4185086622258],[167.682688401773,-45.4184870650954],[167.682620371865,-45.4184051939179],[167.682555208361,-45.4183039135009],[167.682472390259,-45.4181699926377],[167.682405439162,-45.4180699195394],[167.682338122166,-45.4179699202362],[167.682272238074,-45.4178699499866],[167.682205271809,-45.417786963378],[167.682155227553,-45.4177200006712],[167.682128097787,-45.4176919498397],[167.682097054653,-45.4176691218938],[167.682072445437,-45.4176369308603],[167.682060727474,-45.4175837958013],[167.682038240196,-45.4175369398973],[167.682009320548,-45.417482214889],[167.681962586074,-45.4174197590329],[167.681923042459,-45.4173693089231],[167.681872269991,-45.4173199593206],[167.68181794151,-45.4172808353909],[167.681781569732,-45.4172558240441],[167.681738327233,-45.4172369821965],[167.681690895465,-45.4172205372482],[167.681582815546,-45.4171941920151],[167.681523364261,-45.4171797926693],[167.681455374363,-45.4171539933987],[167.681369517758,-45.4171104947783],[167.681299361143,-45.417062529789],[167.681217937415,-45.4169868169854],[167.681122377773,-45.4168869752425],[167.68108535987,-45.4168367670142],[167.681057177367,-45.4167829412628],[167.681022282098,-45.4167369333866],[167.680938412629,-45.4166369496867],[167.680855236126,-45.4165369532779],[167.680808642213,-45.4164524732682],[167.680772072518,-45.4164039449104],[167.680735839845,-45.4163732586521],[167.680680931177,-45.4163396081095],[167.68063815461,-45.416303951433],[167.680607055964,-45.416272021409],[167.680550467077,-45.4162266250258],[167.680505325702,-45.4162039627492],[167.680457578039,-45.4161854014952],[167.68040984518,-45.4161637649788],[167.680372098778,-45.4161369957241],[167.680351395613,-45.4161085541863],[167.680339011426,-45.4160632329427],[167.68032900962,-45.4160219171738],[167.680305141847,-45.4159869734088],[167.680264456566,-45.4159430803517],[167.680206723128,-45.415880119029],[167.680165501272,-45.4158179145067],[167.680128700372,-45.4157675891717],[167.680090482137,-45.4157327636284],[167.680060155742,-45.415702194597],[167.680030174208,-45.4156677465635],[167.680013783705,-45.415635858855],[167.680005266997,-45.4156038447272],[167.680004790836,-45.4155690510229],[167.679988324731,-45.4155368807217],[167.679955203778,-45.4155038487472],[167.67993829607,-45.4154699348562],[167.679921982547,-45.4154331996305],[167.679905184469,-45.4153868565938],[167.679896663266,-45.4153483762156],[167.679895626439,-45.4152996799625],[167.679888258397,-45.4152369151349],[167.679878319068,-45.415187991175],[167.679855128477,-45.4151199116125],[167.679788166282,-45.4149868950415],[167.679722285265,-45.4148698982245],[167.679702145098,-45.4148219137331],[167.679689044969,-45.4147843518777],[167.679688092677,-45.4147538829253],[167.679698045749,-45.4147166642967],[167.679706772862,-45.414682040346],[167.679709097501,-45.4146568528242],[167.679703531785,-45.4146274088222],[167.679685460253,-45.4145837752354],[167.679653275207,-45.4145433909656],[167.679608585182,-45.4144888090311],[167.679576577712,-45.4144464859333],[167.67955522506,-45.4144038737937],[167.679522066993,-45.4143486476839],[167.679472060977,-45.4142868787323],[167.679431614152,-45.4142511125829],[167.679398533604,-45.4142204174115],[167.679372348105,-45.414186890087],[167.679305013602,-45.4140869052411],[167.67923168548,-45.4139929137445],[167.679194709763,-45.4139445189331],[167.679169105423,-45.4138927584483],[167.679161320896,-45.4138573874614],[167.67916328888,-45.4138360702889],[167.679154254272,-45.4138142580069],[167.679144860295,-45.4137963159362],[167.679127207089,-45.4137779952137],[167.679093770134,-45.4137511703027],[167.679050761793,-45.4137083421161],[167.679011759614,-45.4136520731678],[167.678988218067,-45.4135868540191],[167.67898032783,-45.4135436230618],[167.67898259522,-45.4134892443641],[167.67897201373,-45.4134539344315],[167.67895840884,-45.4134219840684],[167.67892729832,-45.4133699716837],[167.678888119475,-45.413319924622],[167.678849889078,-45.4132808150033],[167.678786128073,-45.4132234207414],[167.678703653171,-45.4131593252019],[167.678651846809,-45.4131219289089],[167.678588248289,-45.4130869135371],[167.678535457395,-45.4130660102994],[167.678487371009,-45.4130482434491],[167.678457833316,-45.4130391091442],[167.678435470738,-45.4130419710846],[167.678422267456,-45.4130368757519],[167.678422262801,-45.4130198683291],[167.678400712343,-45.4129995209167],[167.678367097322,-45.4129746354709],[167.678322199624,-45.4129538047778],[167.678260816678,-45.4129289091084],[167.67820483923,-45.4129068855227],[167.678160042668,-45.41288343545],[167.678122025507,-45.4128538208027],[167.678083063978,-45.412819591773],[167.678055072961,-45.4127867665362],[167.678047162754,-45.4127595767853],[167.678044171768,-45.4127321983099],[167.678040168227,-45.4127133035787],[167.678038140341,-45.4127037874789],[167.678030645374,-45.4126693130242],[167.678020466783,-45.4126299367853],[167.677998928551,-45.4125939266384],[167.677969499651,-45.4125536679726],[167.677939521026,-45.412519218614],[167.677922221172,-45.4124868020044],[167.67790728016,-45.4124496418169],[167.677901702781,-45.4124201971779],[167.677892846447,-45.4123964451223],[167.677870234712,-45.4123720637945],[167.677839017349,-45.4123511736311],[167.677813114811,-45.4123324753184],[167.677787583193,-45.4123099073315],[167.677749713649,-45.4122712012804],[167.677705385315,-45.4122127484866],[167.67768456209,-45.4121689886871],[167.677661177902,-45.412123163907],[167.677638158383,-45.4120868324168],[167.677604704023,-45.4120466420939],[167.677573058358,-45.4120004393273],[167.677548944884,-45.411962371549],[167.677535310475,-45.4119306104718],[167.677534524321,-45.4119091754218],[167.677541808888,-45.41189004933],[167.677557352813,-45.4118713110123],[167.677554999089,-45.411853817535],[167.677552324168,-45.4118360569956],[167.677537245756,-45.4118198016482],[167.677530429583,-45.4118039171064],[167.67753186021,-45.4117884179532],[167.677533648939,-45.4117690494337],[167.677531017244,-45.4117377917308],[167.677523043254,-45.4117043498728],[167.677504957627,-45.4116697783406],[167.677486618812,-45.4116501461558],[167.677450788284,-45.4116193236969],[167.677424707314,-45.4116025649573],[167.677405244349,-45.4115867942314],[167.677378782632,-45.4115615415403],[167.677351379807,-45.4115291577003],[167.67733977125,-45.4115052796798],[167.677338274524,-45.4114868162401],[167.677339892225,-45.4114741479137],[167.677354351747,-45.4114670289516],[167.677373792547,-45.4114659804831],[167.677383293852,-45.4114527902994],[167.677376655882,-45.411434974176],[167.67737107799,-45.4114055384874],[167.677374298243,-45.4113706618588],[167.677372126928,-45.4113367836221],[167.677365315288,-45.411288534909],[167.677356211054,-45.4112375298083],[167.677343460369,-45.4111960780999],[167.677322064629,-45.4111538163904],[167.677294998331,-45.4110926819322],[167.677255106384,-45.4110368037766],[167.677224176276,-45.4109921574652],[167.677203711997,-45.4109445273484],[167.677188754933,-45.4108971402046],[167.67717378551,-45.4108497623833],[167.677155030215,-45.410819821558],[167.677122275048,-45.410803803144],[167.677088063485,-45.4107867885633],[167.677073126931,-45.4107731557223],[167.677053697062,-45.4107742127514],[167.677038017495,-45.410786795493],[167.677021642474,-45.4107922036567],[167.677005256733,-45.4107867910858],[167.67699114218,-45.4107635646654],[167.676987976762,-45.4107368360431],[167.676986401652,-45.4106952476671],[167.676980837573,-45.410665803602],[167.676972130115,-45.4106368553575],[167.676955582012,-45.4106101719064],[167.676923937678,-45.4105639681167],[167.67688458187,-45.4105115770003],[167.676846477898,-45.4104456272704],[167.676813511981,-45.4103837983717],[167.676794369979,-45.4103517932898],[167.676788172088,-45.4103197855689],[167.676788179948,-45.4102868454433],[167.676805078092,-45.4102036848243],[167.676821990335,-45.4101367210018],[167.676822003226,-45.4100697576948],[167.676838210168,-45.4099696763823],[167.67683820376,-45.4098867059723],[167.676855132157,-45.4097867114874],[167.676861842184,-45.4097108576922],[167.676860820792,-45.4096621711236],[167.676845314868,-45.4096206022846],[167.676819537558,-45.4095707721723],[167.676788156368,-45.4095366908388],[167.676769167595,-45.4095178761321],[167.676755031372,-45.4095037558464],[167.676755533339,-45.4094861230663],[167.676757144141,-45.4094686852414],[167.676767180193,-45.4094496941009],[167.676771939952,-45.4094366928387],[167.676770043657,-45.4094186878132],[167.676760473442,-45.4094026853051],[167.676742631905,-45.4093800363124],[167.676717648774,-45.409357917703],[167.676697971372,-45.4093317216825],[167.67668808019,-45.4093036749855],[167.676684434667,-45.4092688447472],[167.67667461521,-45.4092255891638],[167.676654947059,-45.4091866793457],[167.676629875624,-45.4091418133985],[167.676590699021,-45.4090874915523],[167.676572141122,-45.4090537547694],[167.676550367737,-45.4090155963084],[167.676537939581,-45.4089696865579],[167.676530564282,-45.4089310245272],[167.676530852169,-45.4088979615609],[167.67653793004,-45.4088697006891],[167.676551476892,-45.4088541530414],[167.676583338843,-45.4088381012677],[167.676604902367,-45.4088197470594],[167.676626323163,-45.4087914310226],[167.676646219134,-45.4087553705291],[167.676666057732,-45.4086901278319],[167.676688054571,-45.4086037380236],[167.676706917402,-45.4085168902653],[167.676704964725,-45.4084867453996],[167.676694716177,-45.4084696291572],[167.676688043988,-45.4084537143845],[167.676688049136,-45.4084324423374],[167.676692180245,-45.4084072564883],[167.676688056012,-45.4083867600359],[167.676678726405,-45.4083735638426],[167.676652647093,-45.4083568049987],[167.676638014445,-45.4083367112672],[167.676622164762,-45.4082866681836],[167.676604885283,-45.4082367311044],[167.676579830988,-45.4081880788644],[167.676555192883,-45.4081367320118],[167.676531373733,-45.4080846825796],[167.676522063956,-45.4080367518348],[167.676522073539,-45.4079696893488],[167.676522079968,-45.4078867204342],[167.676521987757,-45.4078274262935],[167.676505147489,-45.4077867339301],[167.67649470958,-45.4077639106427],[167.676468809482,-45.4077452121305],[167.67646013448,-45.4077195204319],[167.676458384683,-45.4076785819153],[167.676452930002,-45.4076180145131],[167.676438188416,-45.4075536211254],[167.676428265363,-45.4074962484645],[167.676405057779,-45.4074366255217],[167.67638495835,-45.4073969834481],[167.676350383538,-45.4073525932164],[167.676310851355,-45.4073021416499],[167.676268744594,-45.4072496235238],[167.676240023457,-45.4072016063727],[167.676216463264,-45.4071577210584],[167.67620489838,-45.4071196508298],[167.676200653376,-45.4070597160779],[167.676204884387,-45.4070036405414],[167.676222163896,-45.4069196678582],[167.676230800418,-45.406852911404],[167.676231267253,-45.4068179087993],[167.67622863542,-45.4067866600562],[167.676214742308,-45.4067276434993],[167.67618796681,-45.4066696523035],[167.676149543278,-45.406596247355],[167.676102755919,-45.4065045953447],[167.676071044435,-45.4064292086478],[167.676055120939,-45.4063695948564],[167.676040171823,-45.406314939824],[167.676033286074,-45.4062698796166],[167.676021991647,-45.406236646106],[167.676012398302,-45.4061969270576],[167.675984583365,-45.406139230194],[167.675971958669,-45.4061036363197],[167.675964052725,-45.406062406418],[167.675962674937,-45.4060175901776],[167.67597195629,-45.4059696273564],[167.675990691259,-45.4059235413468],[167.676010599088,-45.4058874824178],[167.676037818445,-45.4058536151468],[167.676068577587,-45.4058278736793],[167.676106121759,-45.4058101432553],[167.676137994751,-45.4057940921243],[167.676154821746,-45.4057696410832],[167.676165186476,-45.4057389071326],[167.676165405798,-45.405676660538],[167.676168031905,-45.4056184107481],[167.676172505227,-45.4055699756118],[167.676177393467,-45.4055468442878],[167.676187947031,-45.4055196262855],[167.676213436953,-45.4054892329653],[167.676249247993,-45.4054567430521],[167.676274290778,-45.4054248147051],[167.676291981765,-45.4053828198009],[167.676303270907,-45.4053502611619],[167.6763049336,-45.4053196416467],[167.676295612741,-45.4052837575469],[167.676270966809,-45.4052514995999],[167.676241273573,-45.4052296693193]]},"properties":{"TechObjectName":"Kepler Track - Control Gates To Brod Bay","ObjectType":"Track Visitor"}},{"type":"Feature","geometry":{"type":"LineString","coordinates":[[167.676241273573,-45.4052296693193],[167.676238794616,-45.4052278223869],[167.676222134637,-45.4052036334085],[167.676206969022,-45.4051668504667],[167.676204836696,-45.4051365801676],[167.676209155455,-45.4050832867035],[167.676210530942,-45.4050385964633],[167.676198674823,-45.4049874644254],[167.67618850054,-45.4049480792097],[167.676174854764,-45.4049163255297],[167.676151116531,-45.4048743798775],[167.676121155519,-45.4048399299461],[167.676087824722,-45.4048195202166],[167.676037805685,-45.404803493847],[167.67598278404,-45.4047830009308],[167.675930093254,-45.4047552921352],[167.675894089608,-45.4047264000779],[167.675860659333,-45.4046995736076],[167.675819339535,-45.4046684994137],[167.6757881269,-45.4046476097943],[167.675754842591,-45.4046365433674],[167.675709978564,-45.4046265154262],[167.675655498215,-45.4046181848601],[167.67560506545,-45.4046195341478],[167.675560732527,-45.4046274572758],[167.675521328358,-45.4046353812579],[167.675496036653,-45.4046400563798],[167.675471872264,-45.4046365501989],[167.675420641864,-45.40461908874],[167.675368129588,-45.4045894490274],[167.675304988878,-45.4045554172885],[167.67526551528,-45.4045341575128],[167.675217450642,-45.4045163812725],[167.675153401535,-45.4044920469892],[167.675089185863,-45.4044696438823],[167.675021876203,-45.4044535909223],[167.675015859511,-45.4044521843837],[167.674945916021,-45.4044358344996],[167.674889232526,-45.4044215673523],[167.674837901859,-45.4044035329239],[167.674771432155,-45.4043811439717],[167.67471271228,-45.404358992214],[167.674671948599,-45.4043365907872],[167.674623673425,-45.4043062702625],[167.674581818661,-45.4042810056059],[167.674555563789,-45.4042661761648],[167.674521824025,-45.4042535199546],[167.674464197844,-45.4042386413983],[167.67439943449,-45.4042220562965],[167.674332108186,-45.4042034051113],[167.674262028378,-45.4041846287301],[167.67420827859,-45.4041685387198],[167.674170842945,-45.4041551541652],[167.674138052841,-45.4041365173045],[167.674115166046,-45.4041000652629],[167.674091238844,-45.4040600493388],[167.674066606136,-45.4040277915267],[167.674041245775,-45.4040032826887],[167.674021572571,-45.4039770863912],[167.67400535372,-45.4039432668201],[167.673987923066,-45.4039195266711],[167.673962894343,-45.4038946183382],[167.673934793357,-45.403869984015],[167.673906322692,-45.4038492184993],[167.673872009881,-45.4038365451988],[167.673836243563,-45.4038304409851],[167.673789845713,-45.4038244273964],[167.673757201875,-45.4038190353981],[167.673721896917,-45.4038035205767],[167.673697340225,-45.4037793274028],[167.673669597336,-45.4037508137558],[167.673633236309,-45.4037258002673],[167.673587968987,-45.4037035344001],[167.673529730923,-45.4036801875083],[167.673461084662,-45.4036459116594],[167.673389506166,-45.4036134484343],[167.673355541689,-45.4035924312419],[167.673321930949,-45.4035695185884],[167.673288507178,-45.4035407175518],[167.673263161022,-45.4035161993007],[167.673224584169,-45.4034852506423],[167.673159766055,-45.4034394719409],[167.673102479165,-45.4034018212531],[167.673022034001,-45.4033535229049],[167.672931938885,-45.4033045021886],[167.672917274971,-45.4032865696541],[167.672921599336,-45.4032695540617],[167.672937441776,-45.4032535344962],[167.672937426126,-45.4032365364544],[167.672929532435,-45.4032109971469],[167.672918285148,-45.4031832395559],[167.672904682741,-45.40315354353],[167.672898901138,-45.4031239801578],[167.672890049235,-45.4031002288074],[167.672877906719,-45.4030821594488],[167.67285461954,-45.4030695856572],[167.672821762129,-45.4030620724628],[167.67279187352,-45.4030568063572],[167.672764902472,-45.4030497350095],[167.672737626409,-45.4030365452279],[167.672710010386,-45.4030160894409],[167.672673473382,-45.4029930064115],[167.672621705948,-45.402969594439],[167.672603587699,-45.4029656440059],[167.672574387707,-45.4029592821203],[167.672536430785,-45.4029516977429],[167.672504712676,-45.4029365726657],[167.672471582298,-45.4029195523404],[167.672421552501,-45.4029035328672],[167.672392022879,-45.4029003295708],[167.672364514532,-45.4028990679991],[167.672337669361,-45.4029035275178],[167.672326970045,-45.402916797168],[167.672322438574,-45.4029360490138],[167.672316037693,-45.4029454851026],[167.672301567069,-45.4029526038013],[167.672282677246,-45.4029478511656],[167.672261392968,-45.4029390833111],[167.672237586826,-45.4029365581962],[167.672213563247,-45.4029485672085],[167.672187551128,-45.4029535697653],[167.672154423127,-45.4029535647723],[167.672140442277,-45.4029627263792],[167.672136436316,-45.4029761587939],[167.672121671643,-45.4029865998031],[167.672087353971,-45.4029992011528],[167.672041918193,-45.4030126911713],[167.671987380493,-45.403019549492],[167.671888670779,-45.403027060801],[167.671837625766,-45.403036558856],[167.671809339223,-45.4030487158224],[167.671777466732,-45.4030647657592],[167.67175446532,-45.4030695904006],[167.671737542735,-45.40306958907],[167.671705062136,-45.4030711742555],[167.671671673222,-45.4030865960036],[167.671618791848,-45.4031080759403],[167.671562356009,-45.403121051135],[167.671521548431,-45.4031365470444],[167.671458862732,-45.4031649443318],[167.671403209962,-45.4031993634052],[167.671321397529,-45.4032535481571],[167.67126497868,-45.4032903033101],[167.671254430864,-45.4033035889496],[167.671254421575,-45.4033196127246],[167.671238498993,-45.4033377374414],[167.671200237279,-45.4033632156876],[167.671121585841,-45.4034196096182],[167.671055449239,-45.4034655320724],[167.67098752939,-45.4035130048875],[167.670930968927,-45.4035571113684],[167.670871387784,-45.4036035591934],[167.670840936509,-45.4036346976701],[167.670816069433,-45.4036646850398],[167.670788986423,-45.4036887373125],[167.670754410627,-45.4037035532412],[167.670681071359,-45.4037207582881],[167.670637401286,-45.4037365997351],[167.670577753278,-45.4037627198792],[167.670505414738,-45.4037983111283],[167.670380879417,-45.4038606978181],[167.670305248691,-45.4039019815884],[167.67022908146,-45.4039490752069],[167.670164094137,-45.403994734059],[167.670131682981,-45.404016593331],[167.670121529413,-45.4040365613916],[167.670125359789,-45.4040552142597],[167.670136247642,-45.4040868513136],[167.670155024523,-45.4041227364529],[167.67016130093,-45.4041444230903],[167.670156577629,-45.4041656048736],[167.670137728025,-45.4041865891784],[167.670101460768,-45.4041942133831],[167.670051593861,-45.4041958117246],[167.670004533963,-45.4042036077615],[167.669949171538,-45.4042280845539],[167.669921724441,-45.4042365463641],[167.669887228619,-45.4042408065903],[167.66984615838,-45.4042369743154],[167.669804536863,-45.4042389602327],[167.669756527448,-45.4042503736852],[167.669704868719,-45.4042713491353],[167.669664210023,-45.4042928393818],[167.66963199033,-45.4043127594696],[167.669589653266,-45.4043224939265],[167.669550798705,-45.4043245975481],[167.669520358505,-45.404325148771],[167.669475997464,-45.4043270090505],[167.669423375722,-45.4043284808808],[167.669368192789,-45.4043278965122],[167.669304697153,-45.4043196171334],[167.669171495583,-45.4042865957495],[167.669071398263,-45.4042535699984],[167.668971692383,-45.4042196334891],[167.66887304072,-45.4041864843907],[167.668826642868,-45.4041804597663],[167.668774213554,-45.4041800013016],[167.668704579389,-45.4041866077791],[167.668649788703,-45.4042112628318],[167.668605481053,-45.4042423056979],[167.6685742236,-45.4042817289486],[167.668533808352,-45.4043304626121],[167.668488425258,-45.4043731341021],[167.668432220323,-45.4044133599765],[167.6683874144,-45.4044536504475],[167.668364913592,-45.4044842062476],[167.66833895679,-45.4045258210748],[167.6683256269,-45.4045505030857],[167.668298363358,-45.4045764934155],[167.668263389588,-45.4045962868868],[167.668228595373,-45.4046141497525],[167.668187613189,-45.4046196091175],[167.668141538716,-45.4046296046583],[167.668107640661,-45.4046377784303],[167.668087548021,-45.4046536289535],[167.668071700573,-45.4046865729049],[167.668050782907,-45.4047149468926],[167.668017667471,-45.4047445555975],[167.667973716531,-45.4047717279141],[167.667934913731,-45.4048030228355],[167.667894857142,-45.4048478770581],[167.667851330343,-45.40490036351],[167.667827422047,-45.4049498544341],[167.667809367552,-45.4049957180103],[167.667796216393,-45.4050184612246],[167.667760165952,-45.4050498912478],[167.667710005402,-45.4050845521453],[167.66767173753,-45.4051197491225],[167.667639571261,-45.4051591484701],[167.667605725475,-45.4051965058683],[167.667570213538,-45.4052221179368],[167.667520410318,-45.4052529075775],[167.667468570631,-45.4052758224399],[167.667414526931,-45.4052928008783],[167.667366336937,-45.405306153767],[167.667314495955,-45.4053290675982],[167.667258827138,-45.4053634838891],[167.667187556849,-45.4054197102958],[167.6671468496,-45.4054692408611],[167.667100926494,-45.4055177215171],[167.667061585088,-45.4055548349278],[167.667034858065,-45.4055750060693],[167.66700468311,-45.4055866602286],[167.666949119107,-45.4056060940792],[167.666871473144,-45.405619699499],[167.666808733613,-45.4056307775206],[167.666737572788,-45.4056537153922],[167.666670972331,-45.4056867193079],[167.666621644299,-45.4057196948536],[167.66653777433,-45.4057867487875],[167.666494345987,-45.4058342703038],[167.666437791936,-45.4058783667458],[167.666382480501,-45.4059089033384],[167.666338899049,-45.4059321963207],[167.666288134079,-45.405943481961],[167.666254456139,-45.4059536855053],[167.666225292019,-45.4059658909007],[167.666201855216,-45.4059803881294],[167.66617165943,-45.4059867209924],[167.666093152282,-45.4059909614216],[167.66600459376,-45.4059927290382],[167.665994023396,-45.4059929658377],[167.665891113865,-45.4059953008058],[167.665811160733,-45.4059935770987],[167.665772651104,-45.405991809478],[167.665737494909,-45.4059867232885],[167.66570311156,-45.4059672081965],[167.665661079488,-45.4059438790375],[167.665607687193,-45.4059239155855],[167.665570253566,-45.4059105192798],[167.665521492394,-45.4059037434785],[167.665481874874,-45.4059103559096],[167.665425434956,-45.4059233287608],[167.665360735833,-45.4059359219281],[167.665313081893,-45.4059434631471],[167.665276429186,-45.4059515097459],[167.66523923825,-45.4059653661276],[167.665195297789,-45.4059925378594],[167.66516581759,-45.4060125832],[167.665139627929,-45.4060269440604],[167.665104611118,-45.4060366803649],[167.665069612751,-45.4060373544497],[167.665037644318,-45.406036688747],[167.665000136643,-45.4060419460397],[167.664968976872,-45.4060502444421],[167.664921729937,-45.4060697167237],[167.664878689875,-45.4061005735636],[167.664837499056,-45.4061367623975],[167.664808980947,-45.4061674199975],[167.664787443231,-45.4062037183826],[167.664774838084,-45.4062378390715],[167.6647716075,-45.4062697028514],[167.66478446746,-45.4062830348031],[167.664803356698,-45.406287798563],[167.664821649203,-45.4063037155767],[167.664827638532,-45.4063239289617],[167.664830442464,-45.4063532470411],[167.664830865339,-45.4063785611772],[167.664821662915,-45.4064037115825],[167.664799783306,-45.406416043605],[167.664774130281,-45.406424595414],[167.664746621834,-45.4064233319897],[167.664720188594,-45.4064104498155],[167.664693767747,-45.4063975583138],[167.664667335378,-45.4063846671662],[167.664637969015,-45.4063735883698],[167.664604586146,-45.4063696831288],[167.664579851611,-45.4063748140058],[167.664563536522,-45.406372117001],[167.664556890396,-45.4063542997347],[167.664554520431,-45.4063367512062],[167.664549654872,-45.4063131094323],[167.66453602832,-45.4062813543416],[167.66450449106,-45.4062537733214],[167.664463492435,-45.4062293822023],[167.664416491571,-45.4061999811989],[167.664372782502,-45.4061648975846],[167.664326859131,-45.4061238689091],[167.664307188668,-45.4060976710479],[167.664298519471,-45.4060719786796],[167.664304690805,-45.4060537041635],[167.664326143384,-45.4060421182892],[167.664335826333,-45.406026998704],[167.664337439487,-45.4060095611587],[167.664327873383,-45.4059935577849],[167.664298700583,-45.4059805399654],[167.664279797842,-45.4059757853906],[167.664262764081,-45.4059808367814],[167.664246359247,-45.405978279556],[167.66422550923,-45.4059655094055],[167.664208234619,-45.4059433080744],[167.664176064141,-45.4059029200551],[167.664131576381,-45.4058463925409],[167.664104516242,-45.4057867602957],[167.664073578214,-45.4057269868695],[167.664054474951,-45.4056697591189],[167.664036261823,-45.4055929670166],[167.664023162077,-45.4055553934369],[167.664006066116,-45.4055312614437],[167.663986038226,-45.4055089337832],[167.663966892375,-45.4054769263351],[167.66396169326,-45.405443610811],[167.663955419168,-45.4054219239356],[167.663933354229,-45.4053917205177],[167.6639109307,-45.4053653962999],[167.663869976039,-45.4053304388394],[167.663821537264,-45.4053037310874],[167.663767012853,-45.405279015651],[167.66372146761,-45.4052536856853],[167.663678508849,-45.4052204661335],[167.663639590222,-45.4051933842947],[167.663607842995,-45.4051783093717],[167.663576622283,-45.4051574151018],[167.663544094883,-45.4051208971806],[167.663521667096,-45.4050867446675],[167.663495369015,-45.4050505573199],[167.663476236304,-45.4050185504036],[167.663472344105,-45.4050008594104],[167.663453455337,-45.4049960963497],[167.663434027424,-45.4049971511312],[167.663404841776,-45.40498414148],[167.66338774031,-45.4049697482477],[167.663350851792,-45.4049407936271],[167.663318145417,-45.4049062143566],[167.66327145263,-45.4048537429381],[167.663249019058,-45.4048174350538],[167.663234677843,-45.4047934212231],[167.663212074267,-45.4047690364317],[167.663186539295,-45.404746464077],[167.6631441514,-45.4047270043103],[167.663104410548,-45.4047197319608],[167.663072998559,-45.4047198398316],[167.663050459397,-45.4047246393589],[167.663021611509,-45.404719733608],[167.662999631995,-45.4047067392664],[167.662987415519,-45.4046866012511],[167.662990362036,-45.4046576732176],[167.662990491077,-45.404626549929],[167.662979966307,-45.4045910421932],[167.662958080678,-45.4045589079851],[167.662941511917,-45.4045289574264],[167.662927348199,-45.4045030119729],[167.66291191812,-45.4044906251899],[167.662887521866,-45.4044856183496],[167.662845734468,-45.4044895320373],[167.662815113667,-45.4044920209975],[167.662779717354,-45.4044864995478],[167.662750187015,-45.4044773605776],[167.662712215869,-45.4044697812426],[167.662671690505,-45.4044696140528],[167.66262038198,-45.4044772304226],[167.662557717563,-45.4044977066518],[167.662500549361,-45.404518426023],[167.662437681703,-45.4045536908206],[167.662406265126,-45.4045821946624],[167.662384851739,-45.4046045572378],[167.66234694461,-45.4046261612138],[167.662285957651,-45.4046583832214],[167.662239981371,-45.4046776780871],[167.66220441108,-45.4046866214962],[167.662152563312,-45.4046970083595],[167.662104910127,-45.4047045482632],[167.662054654223,-45.4047197419683],[167.662022282332,-45.4047318796549],[167.661978687464,-45.4047551703325],[167.661937663291,-45.4047867857777],[167.661904009486,-45.4048159443792],[167.661876742987,-45.404841933029],[167.66185448916,-45.4048697670522],[167.661844210511,-45.4048949225863],[167.661839124012,-45.4049199830094],[167.661821725433,-45.4049367310558],[167.661794824989,-45.4049510236214],[167.661760387433,-45.4049650052147],[167.661731801862,-45.4049753695853],[167.661714038827,-45.4049881694196],[167.661704732842,-45.4050037844497],[167.661699808661,-45.4050225394694],[167.661696758862,-45.4050554756589],[167.661704742087,-45.4051037712563],[167.66171637228,-45.4051419900743],[167.661721928807,-45.4051714264508],[167.661721647686,-45.4052037596621],[167.661712010477,-45.4052488015551],[167.661702735867,-45.4052892334863],[167.661687465133,-45.40531977758],[167.661663813588,-45.4053516500005],[167.66164479303,-45.4053780178987],[167.661637430916,-45.4054037494099],[167.661631880247,-45.4054280130065],[167.661637435898,-45.4054574583479],[167.661637441021,-45.4054867200379],[167.661634448374,-45.4055195778876],[167.661637439801,-45.4055537658426],[167.661642461013,-45.4055822130319],[167.661654718088,-45.4056197482918],[167.661704755218,-45.405719735024],[167.661754433304,-45.4058197229085],[167.661769151706,-45.4058545937468],[167.66177674299,-45.405891914802],[167.661787546524,-45.4059197166195],[167.661801443362,-45.4059533688018],[167.661835274897,-45.406005511667],[167.661872590578,-45.4060500330159],[167.661887638418,-45.4060697421416],[167.661894717069,-45.4061094201536],[167.661887645758,-45.4061537055434],[167.661883710107,-45.4061984142592],[167.66188764504,-45.4062367935866],[167.661910137334,-45.4063008050186],[167.661921489429,-45.4063537819328],[167.661932133377,-45.4063913243714],[167.661933692008,-45.4064342021729],[167.66192149861,-45.4064698028473],[167.661904572137,-45.4065197394903],[167.66190457072,-45.4065367466396],[167.661926398657,-45.4065428269602],[167.661922569348,-45.4065543192936],[167.661912706286,-45.4065713782342],[167.66188943485,-45.4065839343204],[167.661871447879,-45.4066037127286],[167.661858578878,-45.4066486697712],[167.661854537709,-45.4067037886928],[167.661843575756,-45.4067510954853],[167.66182178593,-45.4068037846834],[167.661793699849,-45.4068421988757],[167.661771740628,-45.4068867640468],[167.661737542126,-45.4069867579168],[167.661710219753,-45.4070874188444],[167.661660059602,-45.4072115843901],[167.661626208665,-45.4072489397661],[167.661587785665,-45.4072697181441],[167.661529282281,-45.4072814581016],[167.661467334468,-45.4072941753104],[167.661411251629,-45.4073032758984],[167.661372202827,-45.4073073156152],[167.66133758462,-45.407303740386],[167.661293517272,-45.4072920211218],[167.661261411631,-45.4072808157453],[167.661237551753,-45.4072699986883],[167.661221668799,-45.4072537853608],[167.6612350963,-45.4072368089493],[167.66125578128,-45.4072221864528],[167.66127171115,-45.407203747511],[167.661270921729,-45.4071781371197],[167.661271702892,-45.4071537984983],[167.661281261225,-45.4071260761276],[167.661287538841,-45.4071037667215],[167.661290654786,-45.4070545114705],[167.661287532436,-45.4070037611476],[167.661285691796,-45.4069589500207],[167.661287549684,-45.4069037755861],[167.661283842431,-45.4068596358175],[167.661276788773,-45.406816504925],[167.661271412648,-45.4067851199795],[167.661254783626,-45.4067537413558],[167.661237488836,-45.4067367417003],[167.661221652264,-45.4067367446986],[167.661204564556,-45.4067314589649],[167.661187460162,-45.4067197352156],[167.661174778746,-45.4066950661784],[167.661162819176,-45.4066750660359],[167.661139332037,-45.4066603605229],[167.661104650548,-45.406653753129],[167.661076245942,-45.4066555227397],[167.661071532156,-45.4066697875644],[167.66105776413,-45.4066760717864],[167.661044727367,-45.4066676902476],[167.661043421438,-45.4066520657111],[167.661037673904,-45.4066245593488],[167.661029903562,-45.4065891787531],[167.661016639074,-45.4065535442035],[167.661007431837,-45.4065336703673],[167.660987648748,-45.4065197577891],[167.66095749973,-45.4065060812185],[167.66092831481,-45.4064930619621],[167.66089567017,-45.4064876752215],[167.660856083239,-45.406497524539],[167.660826613282,-45.4065175773345],[167.660804762431,-45.4065367639517],[167.660776446094,-45.4065522348571],[167.660741994577,-45.4065662154876],[167.66070469068,-45.4065868101811],[167.660663433269,-45.4066093070493],[167.660621538424,-45.4066367511478],[167.660594783084,-45.4066645224176],[167.660581628729,-45.4066872637484],[167.660554571066,-45.4067038027159],[167.660518963266,-45.4067077298024],[167.660487616442,-45.4067038089795],[167.660454487053,-45.4066867941862],[167.660408471321,-45.4066481756878],[167.660365302868,-45.4066072718614],[167.660325773307,-45.4065568139136],[167.66028744624,-45.4065037333762],[167.660263592911,-45.4064527789209],[167.660238967546,-45.4064205175364],[167.660202790691,-45.4063935603628],[167.660166794583,-45.4063646636492],[167.660113164039,-45.4063174441011],[167.660031784483,-45.4062417162472],[167.65997205974,-45.4061708699686],[167.659953827774,-45.4061291727764],[167.659944801268,-45.4061073503223],[167.659921681181,-45.4060867646464],[167.659895049954,-45.4060778301793],[167.659874124642,-45.4060651907238],[167.659861985869,-45.4060471201409],[167.659871641491,-45.4060367247314],[167.659878791493,-45.4060148163811],[167.659875079841,-45.4059951857257],[167.659853974267,-45.4059844948189],[167.659818039987,-45.4059847813268],[167.659786712803,-45.4059950193578],[167.65976273652,-45.4060153159657],[167.659740004518,-45.4060220528957],[167.659721521243,-45.4060198143442],[167.659700010321,-45.4060065973838],[167.659685656831,-45.4059825915288],[167.659668203337,-45.4059623291174],[167.659647458085,-45.4059477581617],[167.659621427958,-45.4059367507812],[167.659585090815,-45.4059351612407],[167.659533185992,-45.4059288790853],[167.659478720222,-45.4059205414192],[167.659367739287,-45.4058959787958],[167.659227228493,-45.4058622851996],[167.659157152126,-45.4058434906269],[167.659104484571,-45.405819751204],[167.659004754608,-45.4057537743619],[167.658954716036,-45.4057037340921],[167.658904655426,-45.405653792687],[167.658882423708,-45.4056187833676],[167.658856530817,-45.4056000802536],[167.658818932444,-45.4055886219902],[167.658787658209,-45.4055698249222],[167.658743827823,-45.4055345795074],[167.658704504744,-45.4054867457134],[167.658681113852,-45.40543635272],[167.658648360833,-45.4053725894741],[167.658616915343,-45.4053244409576],[167.658591740963,-45.4052979893706],[167.658554736533,-45.4052697577992],[167.65845464787,-45.4052198148665],[167.658371503047,-45.4052037816848],[167.658322559676,-45.4051922160477],[167.658287616095,-45.4051867855425],[167.658238551073,-45.4051747361645],[167.658196164661,-45.4051552755135],[167.658143853568,-45.4051236793324],[167.658104733474,-45.4050867930118],[167.658060622867,-45.4050381349157],[167.658020390772,-45.4049954253145],[167.657980157379,-45.4049527165383],[167.657933880867,-45.4049155638021],[167.657887642936,-45.4048868178952],[167.657826314074,-45.4048541945572],[167.657773645715,-45.4048264774521],[167.65772664969,-45.4047970738909],[167.657706264317,-45.4047786243527],[167.65772109613,-45.404767628452],[167.65771666595,-45.4047557560319],[167.657692091562,-45.4047526778172],[167.657654724042,-45.404753791193],[167.657614907023,-45.4047510763872],[167.65757156667,-45.404736791834],[167.657511412076,-45.4047054575632],[167.657437637261,-45.4046538107719],[167.657369122506,-45.4046016221197],[167.657343051058,-45.4045848582847],[167.657324328992,-45.4045781630196],[167.657306757318,-45.4045890240382],[167.657302028342,-45.4046102140282],[167.657292164313,-45.4046272725235],[167.657271690897,-45.4046367101471],[167.657236071803,-45.4046363615857],[167.657205822682,-45.4046349695595],[167.657171596658,-45.4046367144487],[167.657130301412,-45.4046451221414],[167.657073681794,-45.4046600295044],[167.65701687065,-45.4046768677554],[167.656971442331,-45.4047037693606],[167.656959772248,-45.4047267779469],[167.65695451511,-45.4047537961555],[167.656962631963,-45.4047852801833],[167.656987649122,-45.4048197778247],[167.657025103626,-45.4048562542258],[167.657054607454,-45.4048868196792],[167.657074912674,-45.4049149686822],[167.657097379113,-45.4049704866113],[167.657121581731,-45.4050038288794],[167.657171601388,-45.4050697933708],[167.657205110936,-45.4051194254062],[167.657221656888,-45.4051537497431],[167.657231648178,-45.4051906858933],[167.657231349206,-45.4052237483111],[167.657237491135,-45.4052537533852],[167.657255325754,-45.405292952366],[167.657287525093,-45.4053538229507],[167.657307395531,-45.4053868035191],[167.657321735789,-45.4054197911151],[167.657336327389,-45.4054620696194],[167.657343019722,-45.4055090708179],[167.657337990364,-45.4055633240608],[167.657321735461,-45.4056197836724],[167.657295098665,-45.4056683630297],[167.657266046216,-45.4057137288184],[167.657239902123,-45.4057572713293],[167.6572229283,-45.4057915148124],[167.657216583307,-45.40583013401],[167.657223633783,-45.4058732650122],[167.657237503244,-45.4059197486291],[167.657256442416,-45.4059662306207],[167.657281857221,-45.4060199271167],[167.657303200127,-45.4060578809742],[167.657306719551,-45.4060794407986],[167.657299068743,-45.4061024453265],[167.657280226737,-45.4061268728677],[167.657261937324,-45.4061454823198],[167.65724177769,-45.4061542847239],[167.657214627858,-45.4061491501887],[167.657199749184,-45.4061309534868],[167.657179184009,-45.4061144434229],[167.6571547203,-45.4061037952176],[167.657108749132,-45.4060995258697],[167.657054091056,-45.4060931161165],[167.657002737418,-45.4060810326537],[167.656946236786,-45.4060648080954],[167.656900544182,-45.4060510376631],[167.65685468562,-45.4060391984277],[167.656827010458,-45.4060398642588],[167.656821714978,-45.4060537694495],[167.656829267176,-45.4060697897014],[167.656810023566,-45.4060741070672],[167.656785267768,-45.4060729690488],[167.656750229587,-45.4060635746129],[167.656716090813,-45.4060444922496],[167.656687435682,-45.4060198276397],[167.656653078429,-45.4059793366803],[167.656628084388,-45.4059509442139],[167.656586775813,-45.4059198545132],[167.656534271888,-45.4058902055466],[167.65648309889,-45.405876174218],[167.656409012805,-45.4058708186351],[167.656340793237,-45.4058618458511],[167.656278247478,-45.4058511858359],[167.656224679418,-45.4058331577109],[167.65617588824,-45.4058231304043],[167.656099228383,-45.4058157085528],[167.656028255482,-45.4058066090907],[167.655968822398,-45.4057921971509],[167.655901680939,-45.4057715956732],[167.655845898891,-45.4057476302745],[167.655812298538,-45.4057227378952],[167.655777164754,-45.4056766830871],[167.655751264722,-45.4056362556317],[167.655722020989,-45.4055940518331],[167.655692072598,-45.405559597071],[167.655667091865,-45.4055312059158],[167.655621460729,-45.4055037937274],[167.655558628317,-45.4054795225488],[167.655504452611,-45.4054538454909],[167.655466853696,-45.4054266589334],[167.655437861753,-45.4054116993115],[167.655404735192,-45.4054037993559],[167.65536945062,-45.4054046649546],[167.655335370563,-45.4054147653672],[167.65530971804,-45.4054233150576],[167.655287728165,-45.4054198237978],[167.655258185333,-45.4054131622999],[167.655223866687,-45.4053960181469],[167.655187662311,-45.405386787243],[167.65514846568,-45.4053750367093],[167.65510995722,-45.4053732646162],[167.655065415357,-45.4053770497681],[167.655028221763,-45.405390911677],[167.654996715407,-45.4054030789765],[167.654954736012,-45.4054038075869],[167.654920416079,-45.4053917853414],[167.654880603319,-45.4053743895366],[167.654848486263,-45.4053631809019],[167.654804610403,-45.4053538580892],[167.654758445289,-45.4053512557304],[167.654717183433,-45.4053493569785],[167.654686216331,-45.4053557144933],[167.654690093039,-45.4053734050655],[167.654707916478,-45.405389789604],[167.654717479694,-45.4054057936596],[167.654710177112,-45.4054249174515],[167.654688592287,-45.4054492185333],[167.654666110174,-45.4054832085116],[167.654651875559,-45.4055175783736],[167.65464002206,-45.4055559433934],[167.654623033959,-45.4055901867195],[167.654606777572,-45.4056166804748],[167.654587550849,-45.405636815429],[167.654561022381,-45.4056632159403],[167.654528437664,-45.4056870106138],[167.6544899876,-45.40571442239],[167.654468749526,-45.4057348527007],[167.654449739565,-45.405761219893],[167.654432391588,-45.4057993333038],[167.654406797373,-45.4058370659655],[167.654375874988,-45.4058726149352],[167.654351356737,-45.4058987289717],[167.654321498401,-45.4059197727576],[167.654274814535,-45.405949682187],[167.654231755018,-45.4059671609087],[167.654180807173,-45.4059803805448],[167.654143972265,-45.405990362994],[167.654116298427,-45.4059910282248],[167.654089508401,-45.4059820129222],[167.65407241544,-45.405957879564],[167.654050176135,-45.4059296140314],[167.654030497941,-45.4059034140147],[167.654016159758,-45.4058794072555],[167.653993739589,-45.4058530812252],[167.653954309747,-45.4058368111985],[167.653912305459,-45.4058376642807],[167.653877089091,-45.4058302004919],[167.653854230617,-45.4058197880571],[167.653830633841,-45.4057949856896],[167.653811148171,-45.4057668466686],[167.653804192438,-45.4057368041052],[167.653804458787,-45.4057198453956],[167.65382019027,-45.4056991612225],[167.653821101158,-45.4056868579258],[167.65382288541,-45.4056701045966],[167.653820074584,-45.4056407850114],[167.653811589092,-45.4056131614545],[167.653783497502,-45.4055885126587],[167.653741996338,-45.4055593698818],[167.653702543263,-45.4055380936404],[167.653657224022,-45.4055204434177],[167.653608792901,-45.4055065367998],[167.653572858226,-45.4055068303089],[167.653521910679,-45.4055200496623],[167.653464210877,-45.4055465844323],[167.653397891108,-45.4055766078127],[167.65332104214,-45.4056198178836],[167.653291977431,-45.4056415476905],[167.653254095907,-45.4056698598196],[167.653187140527,-45.40573682659],[167.653155160963,-45.4057814075759],[167.653137108139,-45.4058198027642],[167.653118788889,-45.4058458861958],[167.653094271366,-45.4058719999952],[167.653071217505,-45.4059038626811],[167.653049113311,-45.4059419092184],[167.653028483369,-45.4059857141427],[167.653004256012,-45.4060198757085],[167.65297817681,-45.4060514991195],[167.652957311357,-45.4060680515356],[167.652929860591,-45.4060959773898],[167.652894925026,-45.4061449582595],[167.652868249805,-45.4061943188395],[167.652854152239,-45.4062368560006],[167.652849341615,-45.4062790532222],[167.652837859144,-45.4063135493704],[167.65281100409,-45.4063648494968],[167.652770395664,-45.4064155164892],[167.652745876443,-45.4064416301337],[167.652729785805,-45.4064661842999],[167.652721307336,-45.4064867866726],[167.652718887705,-45.4065240533048],[167.652721159292,-45.4065591736055],[167.652721317305,-45.4065868644541],[167.652712474281,-45.4066229878259],[167.652704450349,-45.4066498606318],[167.65270486777,-45.4066751745655],[167.652717363693,-45.4066893666809],[167.652721318317,-45.4067038779203],[167.65272132488,-45.4067198124263],[167.652717659111,-45.406745803329],[167.652721317973,-45.4067698417567],[167.652721314205,-45.4067868578016],[167.652731694364,-45.4068028814774],[167.652747124788,-45.4068152606637],[167.652768586803,-45.4068220925292],[167.65278090316,-45.4068382233097],[167.652779106197,-45.4068575919673],[167.652771802737,-45.4068767155936],[167.652760858308,-45.4069054019875],[167.652755049607,-45.4069382111108],[167.652754208307,-45.4069770839645],[167.652737170524,-45.4070038396273],[167.652708989974,-45.4070178088827],[167.652687944448,-45.4070362998978],[167.652671292222,-45.4070537945327],[167.65265869602,-45.4070835943099],[167.652644639416,-45.4071160242756],[167.652618682599,-45.4071576364165],[167.652591050965,-45.4071874926981],[167.652571216957,-45.407203821616],[167.652540519003,-45.40722602546],[167.652511211512,-45.4072441366216],[167.652484299037,-45.4072662436332],[167.652471142836,-45.4072869018093],[167.652460018135,-45.4073196107441],[167.6524551069,-45.4073427309773],[167.65244158966,-45.4073693512353],[167.652421105155,-45.4073868945413],[167.652400023203,-45.407400514685],[167.652371429605,-45.4074038962753],[167.652353804064,-45.4073925518032],[167.652331385436,-45.4073662255167],[167.652321377705,-45.4073369352423],[167.652317709086,-45.4073052771668],[167.652314899042,-45.407275957581],[167.652306235257,-45.4072502645412],[167.652287177831,-45.4072198453906],[167.652262474769,-45.407185992489],[167.652237140966,-45.407136860809],[167.652210412292,-45.4070921384523],[167.652187084221,-45.4070538041568],[167.652172699463,-45.407022300926],[167.652159606648,-45.4069847352907],[167.652137396034,-45.4069538097787],[167.652111669332,-45.4069358258719],[167.652091284331,-45.4069173843415],[167.652076034602,-45.4069030565455],[167.652071163821,-45.4068868441203],[167.65208148425,-45.4068741266027],[167.652087361776,-45.4068538279339],[167.652076460418,-45.4068388707508],[167.652056076309,-45.406820420254],[167.652041197931,-45.4068022228862],[167.652037310652,-45.4067868668097],[167.652034152666,-45.406759091801],[167.652034096263,-45.4067298988103],[167.652033679145,-45.4067045848879],[167.65202190135,-45.4066826443074],[167.652009765054,-45.4066645729956],[167.651992493108,-45.4066423789213],[167.651978682016,-45.406612553545],[167.651971066995,-45.4065868809204],[167.651967199706,-45.406560119519],[167.65196089332,-45.406506670082],[167.65195622902,-45.4064675351007],[167.651950857287,-45.4064361589124],[167.651934068652,-45.4063789621739],[167.651921380409,-45.4063538686858],[167.65187134579,-45.4062538858256],[167.651787116089,-45.406119865252],[167.651768138738,-45.4060833537106],[167.651754341024,-45.4060538079921],[167.651748776633,-45.4060240907918],[167.651740652429,-45.4059925790362],[167.651740774936,-45.4059614563451],[167.651737045777,-45.4059368015565],[167.651734088553,-45.4059144550881],[167.651723750606,-45.4058770061664],[167.651709772805,-45.4058491209308],[167.651691948874,-45.4058327358964],[167.651671181349,-45.4058198133719],[167.651642035091,-45.405805142592],[167.651619854605,-45.4058060696853],[167.651599334424,-45.4058187411593],[167.651577211074,-45.4058488513684],[167.651512441941,-45.4059217521282],[167.651406286822,-45.4060238863104],[167.651306884209,-45.406112704194],[167.65124995911,-45.4061606725509],[167.651221176407,-45.4061698250653],[167.651188009474,-45.4061733840531],[167.65115536705,-45.4061679856051],[167.651115722157,-45.4061486474565],[167.651087259418,-45.4061198694084],[167.651034311104,-45.4060437203945],[167.651004096311,-45.4060198848784],[167.650943438106,-45.4059811644397],[167.650887099703,-45.4059538352748],[167.650788940469,-45.4059195746088],[167.650697585264,-45.4058920211593],[167.65062165866,-45.4058768461274],[167.650554099405,-45.4058698578759],[167.650473308549,-45.4058680668872],[167.650406584449,-45.4058727760897],[167.650362748835,-45.4058688095551],[167.650328070727,-45.4058555430387],[167.650266797907,-45.405831313373],[167.650194151915,-45.4058104553453],[167.65011545849,-45.405795162609],[167.650071330379,-45.4057868892326],[167.650028889986,-45.4057756101808],[167.649999708206,-45.4057625882506],[167.649969817476,-45.4057573250231],[167.649937048238,-45.4057538502659],[167.649898127259,-45.4057559620309],[167.649859258017,-45.405758067211],[167.649831569495,-45.4057587397067],[167.649804217963,-45.4057538549723],[167.6497864325,-45.4057391484914],[167.649766049541,-45.4057206976341],[167.64973981253,-45.4057058632702],[167.64970238244,-45.4056924708811],[167.64967136923,-45.4056869027907],[167.649634164096,-45.4056834851104],[167.649600429445,-45.4056897220226],[167.649590563779,-45.4057067707717],[167.649590800036,-45.4057340242121],[167.649595809546,-45.405769279505],[167.649612180866,-45.4058011626521],[167.649633878008,-45.4058352385981],[167.649654105652,-45.4058538451164],[167.649669149767,-45.4058718876522],[167.649694679946,-45.4058944718385],[167.64973688591,-45.4059158670996],[167.649760022366,-45.4059344446134],[167.649782439156,-45.4059607722264],[167.649796428728,-45.4059886582542],[167.649804218931,-45.4060198934066],[167.64981267571,-45.4060516738786],[167.649815831308,-45.4060771137557],[167.649809853966,-45.4061118628123],[167.649804226725,-45.4061369072023],[167.649793265872,-45.4061714086449],[167.649776107689,-45.4062075903614],[167.649754184359,-45.4062368985443],[167.649740269991,-45.4062662588974],[167.649732078503,-45.4062950626253],[167.649723334891,-45.406329684425],[167.649704848299,-45.4063502413028],[167.649684341506,-45.4063629130595],[167.649649540791,-45.4063807699216],[167.649621348258,-45.4064038369308],[167.649603782204,-45.4064273041314],[167.649570295615,-45.4064607860279],[167.649519581332,-45.4065012568825],[167.649471234132,-45.4065538843142],[167.649424242529,-45.4066058255563],[167.649388002247,-45.4066391807302],[167.649334715277,-45.4066775853331],[167.649287262275,-45.4067038945386],[167.649208711282,-45.4067554467058],[167.649101001381,-45.4068146901212],[167.649043118502,-45.406843162045],[167.648979909355,-45.4068694311844],[167.648927880268,-45.4068942766772],[167.648881358109,-45.4069193754888],[167.648837286057,-45.4069368324944],[167.648787345284,-45.4069500691191],[167.6487173277,-45.4069604602897],[167.648583324036,-45.4069756863988],[167.648497876993,-45.406973696824],[167.648471156701,-45.4069698604406],[167.648441377389,-45.4069574779707],[167.648403960499,-45.4069440758718],[167.648375136127,-45.4069271833131],[167.648356968048,-45.4069146685867],[167.648334785941,-45.4069155940609],[167.648321403386,-45.4069199108392],[167.648295736885,-45.4069196292579],[167.648271160061,-45.406916558787],[167.648246945149,-45.4069095994085],[167.648221320129,-45.4069039006373],[167.648186792602,-45.4069029415891],[167.648128494699,-45.4069060902035],[167.648071192665,-45.4069038916689],[167.647991322799,-45.4068958831949],[167.647921082819,-45.4068868842089],[167.647882392333,-45.4068791859803],[167.647850096069,-45.4068699158423],[167.647818173544,-45.4068567672518],[167.647787155002,-45.4068538683486],[167.647751986946,-45.4068556651433],[167.64771018443,-45.4068595734398],[167.647665281411,-45.4068672347176],[167.647631018558,-45.4068792812295],[167.647593643311,-45.4068950711651],[167.647548727105,-45.4069027227752],[167.647521119773,-45.4069038945253],[167.647488394803,-45.4068980041402],[167.647448404607,-45.4068825354836],[167.64738719893,-45.4068538613949],[167.647350046894,-45.4068410394126],[167.647296662317,-45.4068210676817],[167.647271269232,-45.4068039094204],[167.647253323903,-45.4067820979579],[167.647238033449,-45.4067385862501],[167.647204312079,-45.4066869032772],[167.647165056585,-45.4066320975962],[167.647126671582,-45.4065992001443],[167.647100602523,-45.4065824340609],[167.64709050135,-45.4065722381835],[167.647088826799,-45.4065604921613],[167.64711210124,-45.4065479392528],[167.647121141864,-45.4065368849906],[167.647128541752,-45.4065195153201],[167.647130880202,-45.406494329089],[167.647121137953,-45.4064699289381],[167.647097824453,-45.4064636157053],[167.647087307565,-45.4064538962913],[167.647084387773,-45.4064299194203],[167.647095334922,-45.4064012336981],[167.647104214658,-45.4063698465653],[167.647113891526,-45.4063203707431],[167.647112356976,-45.4062774929516],[167.647121143863,-45.4062369132502],[167.647127621247,-45.4062023129613],[167.647139286163,-45.40616588696],[167.647154244632,-45.4061199189472],[167.647167004789,-45.4060757073964],[167.647177715886,-45.4060197772305],[167.64718532733,-45.4059675910854],[167.647192040196,-45.4059250937222],[167.647194737484,-45.4058960373497],[167.647191570354,-45.4058705968555],[167.647173346823,-45.4058288979869],[167.647137323085,-45.4057699034883],[167.647102944726,-45.4057244747061],[167.647069113439,-45.4056723265293],[167.647038035542,-45.405620305955],[167.647021043086,-45.4055699160112],[167.647017144083,-45.4055181646693],[167.647021030339,-45.4054698380804],[167.647034027984,-45.4054255467875],[167.64704808724,-45.4053931176372],[167.647071082232,-45.4053539231867],[167.647096353723,-45.4053194581866],[167.647124885689,-45.4052799145416],[167.647166633092,-45.4052468135254],[167.647232055722,-45.4052264817399],[167.647252203687,-45.4052176805672],[167.647284983673,-45.4051919482567],[167.6473124379,-45.4051640239291],[167.647329057718,-45.405133660391],[167.647354019016,-45.405103897732],[167.647377570256,-45.4050872547287],[167.6474041247,-45.4050690182063],[167.647421354852,-45.4050538514814],[167.647440544022,-45.4050337330787],[167.647459750736,-45.4050054283013],[167.647471013283,-45.4049698853419],[167.647477587567,-45.4049323144703],[167.647470227253,-45.404922244739],[167.647455933121,-45.4049274205594],[167.647442594127,-45.4049521005985],[167.647421343525,-45.4049698869553],[167.6473982864,-45.4049831351822],[167.647369518643,-45.4049954353726],[167.647327370483,-45.4050032232882],[167.647287962555,-45.4050111282744],[167.647249273686,-45.405011293032],[167.647221187505,-45.4050198372337],[167.647196345894,-45.4050458265059],[167.647165072171,-45.4050852440061],[167.64712110546,-45.4051199204606],[167.647071062998,-45.4051538468348],[167.647038337672,-45.4051708525443],[167.647021031163,-45.4051698653765],[167.647005694289,-45.4051654609552],[167.64699081926,-45.4051472630773],[167.646971343919,-45.4051368345279],[167.646950637806,-45.4051337332562],[167.64692240954,-45.4051402146798],[167.646896036074,-45.4051565115924],[167.646867281699,-45.4051688032826],[167.646833739657,-45.4051731013203],[167.646812085187,-45.4051682072853],[167.646791343658,-45.4051536350436],[167.646785075934,-45.4051319376038],[167.646798055479,-45.4051111367534],[167.646816721595,-45.4050886506852],[167.646838308249,-45.4050643511845],[167.646854221879,-45.405041728533],[167.646867201375,-45.4050209276724],[167.646863314435,-45.4050032363475],[167.646843112612,-45.4049828454722],[167.646821222674,-45.4049698882028],[167.646775975914,-45.4049622388006],[167.646754273563,-45.4049538713846],[167.646736872294,-45.4049370895478],[167.646724570812,-45.404920958805],[167.646729111227,-45.4049017074908],[167.646742270621,-45.4048789670969],[167.646771188371,-45.4048538869666],[167.646810571486,-45.4048276396941],[167.646837066724,-45.4048038364688],[167.646859432466,-45.404777354624],[167.646888684329,-45.4047300609629],[167.646921309362,-45.4046868461537],[167.646987169487,-45.4046198775072],[167.647071058044,-45.4045368938876],[167.647137286554,-45.4044867687547],[167.647169845792,-45.4044686650849],[167.647177602836,-45.4044601223225],[167.647174577668,-45.4044474846502],[167.647159869902,-45.4044273466518],[167.647154209851,-45.4044037928025],[167.647153727042,-45.4043745266517],[167.647171130081,-45.4043368229196],[167.64719374515,-45.4043004866834],[167.647237013672,-45.4042537589965],[167.647284530759,-45.4042151706176],[167.647337077929,-45.4041868052959],[167.647394991477,-45.4041560456123],[167.647447186018,-45.4041292704996],[167.647478526785,-45.4041190365182],[167.647504134644,-45.4041038134191],[167.647522832477,-45.404088001808],[167.647541859012,-45.4040616356521],[167.647571089349,-45.4040367680501],[167.647594425917,-45.4040309810644],[167.647621116212,-45.4040367651512],[167.647637336489,-45.404036764085],[167.647660607076,-45.4040320920164],[167.647687009795,-45.4040197553215],[167.647719580168,-45.4039920029185],[167.647753425907,-45.4039546424391],[167.647785071463,-45.4039113543459],[167.647811029945,-45.403869744285],[167.64784046034,-45.4038205107654],[167.64786056604,-45.4037825171515],[167.647878084657,-45.4037424656554],[167.647883535984,-45.4037135359886],[167.647887150088,-45.4036867479448],[167.647874639221,-45.403660588411],[167.647859405414,-45.4036462607912],[167.647830584083,-45.4036293682327],[167.647795369194,-45.4036219116203],[167.647764581026,-45.4036263276476],[167.647751782576,-45.4036451972171],[167.647737041433,-45.4036538150827],[167.647721205898,-45.4036538162404],[167.647690014905,-45.4036559682514],[167.64765423747,-45.4036697394614],[167.647603727533,-45.4036928598659],[167.647521040952,-45.4037197818413],[167.647461346892,-45.403738826599],[167.647387130455,-45.4037538022964],[167.647329024562,-45.4037658056513],[167.647287057196,-45.4037716540442],[167.647254276238,-45.4037698279995],[167.647232220911,-45.4037671881746],[167.647221148858,-45.4037538095262],[167.647229786407,-45.4037339991008],[167.64727119448,-45.4036867518707],[167.647322191435,-45.4036312360869],[167.647356936069,-45.4035841959585],[167.647387104598,-45.4035368183247],[167.647421845043,-45.4034801738897],[167.647446669808,-45.4034209993011],[167.647461807788,-45.403376941777],[167.647467439131,-45.4033460725865],[167.647464631627,-45.4033167529928],[167.647455250764,-45.4032988079865],[167.647431036547,-45.4032918583651],[167.647380629859,-45.4032992653656],[167.647337078316,-45.4033198203852],[167.647280408867,-45.4033374534784],[167.64721829455,-45.4033521030701],[167.647152694284,-45.4033743744998],[167.647087223695,-45.4034038030682],[167.647039135542,-45.403437242462],[167.646995175812,-45.4034643981367],[167.646957802756,-45.4034801879635],[167.646903935338,-45.4034952178035],[167.646842346828,-45.4035040568946],[167.646786994502,-45.4035037875279],[167.646751398589,-45.4035018128207],[167.646721118671,-45.403503790444],[167.646695497326,-45.4035089576487],[167.646644190526,-45.4035260530289],[167.646604108548,-45.4035368210922],[167.646556768856,-45.4035453701984],[167.646523407664,-45.4035477286403],[167.646487113268,-45.4035538289971],[167.646427560089,-45.4035686057469],[167.64637118567,-45.4035867743624],[167.646327338034,-45.4036067929678],[167.646292359081,-45.4036265794215],[167.646254195354,-45.4036368047032],[167.646199790751,-45.4036417727768],[167.646146282812,-45.4036529231483],[167.646104075067,-45.4036697528808],[167.646079241728,-45.4036906922509],[167.64605402491,-45.4037037684626],[167.646019147303,-45.4037132164531],[167.645987071212,-45.4037198003134],[167.645952591975,-45.4037159919602],[167.645921195256,-45.4037198018585],[167.645904217932,-45.4037312750737],[167.645886998871,-45.4037368019919],[167.645856564028,-45.4037388081085],[167.64583731669,-45.4037368113266],[167.645812562072,-45.4037367799928],[167.645798088202,-45.4037438951576],[167.645794255899,-45.4037553868105],[167.645804205569,-45.4037698317649],[167.64583377146,-45.4038058500994],[167.645886987103,-45.4038538058851],[167.6459393296,-45.4038885472683],[167.645954327763,-45.403903766056],[167.645974597754,-45.4039251973109],[167.645987085903,-45.4039537999942],[167.6459915601,-45.4039804641111],[167.646004008487,-45.4040038348394],[167.646017322121,-45.4040302933734],[167.646023769457,-45.4040500503967],[167.646018676107,-45.4040751097985],[167.646014483915,-45.4040904814476],[167.646021843866,-45.4041005512573],[167.646041090425,-45.4041014380409],[167.646055924181,-45.404090443756],[167.646064891442,-45.4040830750934],[167.646083972083,-45.4040859020736],[167.646101599898,-45.4041042267791],[167.646114093583,-45.4041184195223],[167.646121005711,-45.4041367643926],[167.646126269054,-45.4041656746592],[167.646127223751,-45.4041851788712],[167.646120109862,-45.4042023629807],[167.646099949393,-45.404211163364],[167.646073935984,-45.4042235810041],[167.646054060569,-45.4042367507823],[167.646036562091,-45.4042393713885],[167.646021276014,-45.4042367542911],[167.645996572035,-45.4042239112232],[167.645975652077,-45.4042112685445],[167.645949403236,-45.4041964417449],[167.645925189708,-45.4041894828324],[167.645904290423,-45.4041868061773],[167.645853680963,-45.4041861859056],[167.645781272128,-45.4041925785348],[167.645721047667,-45.4042038162287],[167.645671003733,-45.4042198327046],[167.645646607811,-45.4042447425633],[167.645627000179,-45.4042477338444],[167.645607739589,-45.4042468463308],[167.645587131993,-45.4042367612927],[167.645521240448,-45.4042198455675],[167.645467599899,-45.404209257081],[167.645405238476,-45.4041966517169],[167.645337293237,-45.4041868192162],[167.645237201606,-45.4041868040887],[167.645159923644,-45.4041911769161],[167.645087099479,-45.4042038265744],[167.645058386663,-45.404213738766],[167.645032193101,-45.4042280957002],[167.64499847125,-45.404234322841],[167.644971155831,-45.4042367697546],[167.644921128898,-45.4042367714798],[167.64483725539,-45.4042367642199],[167.64473335468,-45.4042337780624],[167.644653239661,-45.4042339708019],[167.644611810785,-45.4042340085161],[167.64457120352,-45.4042367710066],[167.644542057441,-45.404242677568],[167.644518880768,-45.4042530704974],[167.644487335729,-45.4042537889849],[167.644456158356,-45.4042443436428],[167.644404159333,-45.4042367700528],[167.644343941052,-45.4042333351645],[167.644296646509,-45.4042369884352],[167.644262924507,-45.4042432162502],[167.644228290847,-45.4042591313],[167.644197322163,-45.4042654858731],[167.644154330852,-45.4042698068471],[167.644108226028,-45.4042730550925],[167.644080551867,-45.4042737178545],[167.644053223243,-45.4042705188558],[167.644022603046,-45.4042729937623],[167.643994027711,-45.4042833541414],[167.643974768517,-45.4042824655155],[167.643956060635,-45.4042757597027],[167.643935500181,-45.404259247448],[167.643897892249,-45.4042477828743],[167.643865430947,-45.404240451838],[167.643819577123,-45.4042286066394],[167.6437575739,-45.404212131108],[167.643703111599,-45.4042037851108],[167.643659998368,-45.4041920669397],[167.643622223273,-45.4041825424161],[167.643588089107,-45.4041634563024],[167.643563876015,-45.4041564960048],[167.643527941167,-45.404156786317],[167.643499353091,-45.4041671459721],[167.643471043864,-45.4041698176388],[167.643444350463,-45.4041646094468],[167.643411876557,-45.4041572776875],[167.643387174291,-45.4041537933699],[167.643362381875,-45.4041549947789],[167.643337448386,-45.4041557835632],[167.643303990212,-45.4041538074986],[167.643282612217,-45.4041513157866],[167.643236604439,-45.4041427820985],[167.643185050565,-45.4041312428596],[167.643147081602,-45.4041236570624],[167.643118467833,-45.4041210752305],[167.643104198522,-45.4041197856291],[167.643061999372,-45.4041177854305],[167.64295407747,-45.4041197872703],[167.642854819648,-45.4041179602739],[167.642804315627,-45.4041197876056],[167.64277159027,-45.4041219038957],[167.642709820602,-45.4041326802234],[167.642671110816,-45.4041367924508],[167.642623658701,-45.4041384274941],[167.642579296695,-45.404140276293],[167.642520989771,-45.4041367935183],[167.642469640278,-45.404131322724],[167.642418111572,-45.4041211643056],[167.642387080948,-45.4041197864678],[167.64235706242,-45.4041241913222],[167.642331228345,-45.4041346685362],[167.642304276063,-45.4041367889187],[167.642283932897,-45.4041383308261],[167.642262111973,-45.4041353760929],[167.642237311046,-45.4041368019019],[167.64220380417,-45.4041385211876],[167.64217283546,-45.4041448743059],[167.642138573206,-45.4041569200844],[167.642123379477,-45.4041717839283],[167.642118645756,-45.4041929640683],[167.642102910604,-45.4042136464499],[167.642069961339,-45.4042413074019],[167.642020865319,-45.4042643379065],[167.641988983131,-45.4042803790169],[167.641954000352,-45.4042868276884],[167.641913653304,-45.4042885824572],[167.641856064705,-45.4042839781957],[167.64180424314,-45.4042698187933],[167.641770043351,-45.4042586011754],[167.641721076273,-45.404253799345],[167.641684601037,-45.4042566075753],[167.64165141941,-45.4042570250273],[167.641620994989,-45.4042538085138],[167.641596944749,-45.4042486774351],[167.641567957383,-45.4042337144706],[167.641533103344,-45.4042223759801],[167.641481563399,-45.4042122157065],[167.641443427233,-45.4042065703749],[167.641407313184,-45.4042087905847],[167.641366412344,-45.4042030169463],[167.641331378297,-45.4041936179279],[167.641285703851,-45.4041798330388],[167.641253423069,-45.4041705617431],[167.641226276064,-45.4041654226035],[167.641204120572,-45.4041538137329],[167.64118719083,-45.4041368092762],[167.641169910877,-45.4041180671814],[167.641132303682,-45.4041066017228],[167.641083156664,-45.4041004381688],[167.641023381157,-45.4040898982712],[167.64096669286,-45.4040756139044],[167.640926706591,-45.4040601431225],[167.640902493072,-45.4040531912371],[167.640871121226,-45.4040538358501],[167.640838317159,-45.4040700150948],[167.640810874144,-45.4040878751984],[167.640790006106,-45.4041044252561],[167.640771117853,-45.4040996665344],[167.640769265411,-45.4040898510471],[167.640776740211,-45.4040687972484],[167.640804150947,-45.4040368315095],[167.640837270954,-45.4040038849617],[167.640880518213,-45.4039626768391],[167.640908334217,-45.403930883177],[167.640936870942,-45.4038913404079],[167.640962293737,-45.403855540812],[167.640972715803,-45.4038326749799],[167.640974877622,-45.4038094186607],[167.640972072655,-45.4037801080224],[167.640954260701,-45.4037538657109],[167.640937888888,-45.4037318284208],[167.640933835245,-45.4037160770484],[167.640943523822,-45.4037009597183],[167.640966064046,-45.4036961646387],[167.640971184222,-45.4036868149802],[167.640971159569,-45.4036711055627],[167.640960829128,-45.4036336559979],[167.640947937362,-45.4035941496068],[167.640937605589,-45.4035567008772],[167.640926374359,-45.40352893994],[167.640904231182,-45.4035038494937],[167.640872582375,-45.4034836597563],[167.640844662944,-45.403457076838],[167.640821053161,-45.4034368881933],[167.640771026252,-45.4033698412811],[167.640741585207,-45.4033180562233],[167.640720964809,-45.4032698341865],[167.640702576093,-45.4032325896178],[167.640671297385,-45.4032038771684],[167.640644358975,-45.4031754274682],[167.64060856689,-45.4031445861136],[167.640587049009,-45.4031198040878],[167.640554280383,-45.4030868743326],[167.640527397959,-45.403066904297],[167.640504253293,-45.4030538336452],[167.64048334673,-45.4030356904386],[167.640454527736,-45.4030187862065],[167.640442048386,-45.4030045944107],[167.640443488711,-45.4029890961637],[167.640465979358,-45.4029551084968],[167.640471133655,-45.4029368423168],[167.64046389503,-45.4029180397417],[167.640461103053,-45.4028887297009],[167.640460280219,-45.4028381022867],[167.640471131463,-45.4027868053964],[167.640483941562,-45.4027321808783],[167.640486961931,-45.4027038339063],[167.640486233309,-45.4026778022259],[167.640471849853,-45.4026246012552],[167.640454194155,-45.402569833899],[167.640427297617,-45.4025096977441],[167.640404140612,-45.4024538010083],[167.640398570033,-45.4024324879901],[167.640392253489,-45.402381607441],[167.640387232396,-45.4023538263341],[167.640375104226,-45.4023282789984],[167.640364245523,-45.4022966485289],[167.640354120332,-45.4022538335508],[167.640350880357,-45.4022026350881],[167.640354111727,-45.4021538449068],[167.640359708141,-45.4021076982507],[167.640375391815,-45.4020578323349],[167.640404147147,-45.4020038087813],[167.640421062958,-45.4019698801373],[167.640437266751,-45.4019368568781],[167.640449408321,-45.4019153142707],[167.640445895583,-45.4018937533243],[167.64042105735,-45.4018538764119],[167.640398629384,-45.4018079061341],[167.640380953545,-45.4017603879211],[167.640362325504,-45.4016933736594],[167.640354568734,-45.4016579913582],[167.640343335965,-45.4016302392904],[167.640320977896,-45.4016037595285],[167.640290267779,-45.4015772008708],[167.640265116676,-45.4015507453866],[167.640254016558,-45.4015197894867],[167.640253835454,-45.4014937925728],[167.64025983069,-45.4014590439505],[167.640254015238,-45.4014197111648],[167.640246696414,-45.4013922837121],[167.640234756864,-45.4013722822857],[167.640237082498,-45.4013537407649],[167.640253999299,-45.4013367384033],[167.640280146299,-45.4013296214844],[167.640305079367,-45.4013288243535],[167.640337179022,-45.4013367263165],[167.640403408535,-45.4013703342303],[167.640454158896,-45.4013867708516],[167.64049494483,-45.4013959574247],[167.640535831245,-45.4014017397046],[167.640587023116,-45.4014037778522],[167.640627676216,-45.4013942999563],[167.640687100606,-45.4013697549712],[167.640736503633,-45.4013526285148],[167.640787162362,-45.4013367322692],[167.640831039384,-45.401316122167],[167.640871056386,-45.4012867759366],[167.640885228414,-45.4012680329886],[167.640887260539,-45.4012537436283],[167.640862636173,-45.4012436442504],[167.64080408811,-45.4012367402325],[167.640763445526,-45.4012410147069],[167.640720920802,-45.4012367442443],[167.640671020836,-45.40122507194],[167.640621202769,-45.401203709357],[167.640595052112,-45.4011807068346],[167.640586998342,-45.4011537516237],[167.64060522891,-45.4011305871427],[167.640637288819,-45.4011126157839],[167.640666416402,-45.4010964472298],[167.640704008688,-45.401086701946],[167.640753462516,-45.4010810039432],[167.640770689417,-45.4010740162714],[167.640766096582,-45.4010640745293],[167.640720916453,-45.4010367486547],[167.64067947556,-45.401015322109],[167.64064349107,-45.4009864287137],[167.640617799385,-45.4009657828791],[167.640603920337,-45.4009367630702],[167.640593305619,-45.4009023850307],[167.640578562209,-45.4008530631401],[167.64057170617,-45.4008079922218],[167.640571154371,-45.4007697317234],[167.640578010919,-45.4007401807862],[167.640597204466,-45.4007118855491],[167.640603919041,-45.4006867559478],[167.640604641988,-45.4006616396512],[167.640609864531,-45.4006054563096],[167.640603008479,-45.4005603853923],[167.640590284824,-45.4005189388631],[167.640571144481,-45.4004867728597],[167.640544164973,-45.4004506570078],[167.640504184731,-45.4004197202464],[167.640421030415,-45.4003697669836],[167.640382297024,-45.4003497901173],[167.640337142244,-45.4003197251124],[167.640299704581,-45.4002876071642],[167.640261510058,-45.4002527584255],[167.640237066181,-45.400218554102],[167.640221210117,-45.4001867109371],[167.640190535043,-45.4001249574974],[167.640167712869,-45.4000733154456],[167.640153902429,-45.4000197525166],[167.640141328957,-45.3999709188697],[167.640109128872,-45.399901331326],[167.640092765809,-45.3998694462782],[167.640070715962,-45.399839238894],[167.640054169868,-45.3998197813066],[167.640039107317,-45.3997930336104],[167.640009942493,-45.3997800098937],[167.639982797703,-45.3997748705563],[167.639960798516,-45.3997738549909],[167.639937168065,-45.3997697353189],[167.639904128342,-45.3997595619348],[167.639875672914,-45.3997387885559],[167.63985750689,-45.3997262815559],[167.639837093284,-45.399719783739],[167.639800476689,-45.3997158666112],[167.639721163809,-45.3997037745485],[167.639659272409,-45.3996898891617],[167.639631947178,-45.3996866802497],[167.639601341273,-45.3996891636318],[167.63958888859,-45.3997041534493],[167.639594985381,-45.3997277813521],[167.639611837122,-45.3997446473521],[167.639633167276,-45.399762620721],[167.639647331751,-45.3997885691449],[167.63965526794,-45.3998220128377],[167.639654210562,-45.3998697305815],[167.639650093722,-45.3999073878686],[167.639637511202,-45.3999535099412],[167.639629675108,-45.3999784435698],[167.639625301163,-45.3999957445337],[167.639604179786,-45.4000037423767],[167.639585895111,-45.4000036559269],[167.639554137656,-45.3999867247791],[167.639542927728,-45.3999608136866],[167.639531697749,-45.3999330526655],[167.639512400445,-45.3999029810298],[167.639500990384,-45.3998771595337],[167.639478412074,-45.3998527702723],[167.639454053707,-45.3998368030865],[167.639418038974,-45.399818846045],[167.639381695316,-45.3997938214464],[167.639353967819,-45.3997697533087],[167.639329170399,-45.3997349731305],[167.639319792676,-45.3997170275918],[167.639288234354,-45.3997000067215],[167.639253203439,-45.3996906072017],[167.639220553442,-45.3996852049486],[167.639192520169,-45.3996897447172],[167.639160641141,-45.3997057860791],[167.63913689798,-45.3997198041994],[167.639109926333,-45.3997462522556],[167.639083372049,-45.3997644868429],[167.639059931086,-45.3997789692655],[167.63902878433,-45.3997872620449],[167.639004213471,-45.3997841799355],[167.638986035003,-45.3997716713094],[167.638954013569,-45.399753727459],[167.638905874614,-45.3997426764819],[167.638852139279,-45.3997265703467],[167.638790324067,-45.3997081520299],[167.63875290033,-45.3996947473067],[167.638704151872,-45.3996697542642],[167.638666476457,-45.3996440636175],[167.638639293529,-45.3996097318048],[167.638620165579,-45.3995777190839],[167.638587477393,-45.3995431244925],[167.638538116658,-45.3995097164142],[167.638496280165,-45.399484438347],[167.638456464359,-45.3994670357076],[167.638403912366,-45.3994537612439],[167.638345506971,-45.3994424526524],[167.638304205745,-45.399436749971],[167.638238612884,-45.3994336313173],[167.638211480757,-45.399428483149],[167.638187192623,-45.3994197420953],[167.63815917526,-45.3993968779697],[167.6381218936,-45.3993523584674],[167.638078748527,-45.3993114463052],[167.638042405809,-45.3992864213193],[167.637995425244,-45.3992570093703],[167.637936993494,-45.3992037407184],[167.63787111002,-45.3991537975532],[167.637786862591,-45.399086747644],[167.637713828419,-45.3990183037379],[167.637653998311,-45.3989785682213],[167.63762089881,-45.3989536390927],[167.637589934373,-45.3989250206974],[167.637551920918,-45.3988882495647],[167.637537022286,-45.3988696613433],[167.637510087457,-45.3988629622724],[167.637488088712,-45.3988619462468],[167.637473073415,-45.3988748788675],[167.637470010114,-45.398907814695],[167.637471148927,-45.3989367148048],[167.637467356377,-45.3989660641575],[167.637461358654,-45.3990008116188],[167.637441609651,-45.3990349250857],[167.637426055563,-45.3990536574396],[167.637394368077,-45.3990677593193],[167.637321031303,-45.3990697297294],[167.63728142795,-45.3990644919026],[167.637237148413,-45.3990538082845],[167.63720680173,-45.3990382220723],[167.637170909738,-45.3990197920943],[167.637123684038,-45.3990085664168],[167.637087022333,-45.3990037713049],[167.637044656313,-45.3989971349393],[167.637003875865,-45.3989866754137],[167.636926175327,-45.3989644212913],[167.636861968988,-45.3989419960106],[167.636787144248,-45.3989036954591],[167.636765450061,-45.3988811143559],[167.63675990698,-45.3988516773625],[167.636766662118,-45.3988383630478],[167.63679339598,-45.3988181984571],[167.636804062332,-45.398803712646],[167.636811114614,-45.3987762100736],[167.636810884252,-45.3987489568702],[167.636798574256,-45.3987328237392],[167.63677234528,-45.3987179867365],[167.636754011042,-45.3987037213519],[167.636740558497,-45.3986737201414],[167.636720894198,-45.3986536768289],[167.636667157317,-45.3986314096023],[167.63662117265,-45.398619646235],[167.636577671943,-45.3986136602038],[167.636542101108,-45.3986100703279],[167.636504175833,-45.3986037284109],[167.636471500651,-45.3985970792191],[167.636428572702,-45.3985834280076],[167.636387186312,-45.3985697035503],[167.636345301649,-45.3985581736716],[167.636301665232,-45.3985522720617],[167.636268307793,-45.3985546177534],[167.636243556188,-45.3985534745356],[167.63622521202,-45.3985428975632],[167.636203936202,-45.3985196681169],[167.636192706624,-45.3985063709827],[167.636171588138,-45.3985000121412],[167.636135845036,-45.398494024028],[167.636103856387,-45.3984867391255],[167.636073864243,-45.3984775354283],[167.636038474262,-45.3984720140092],[167.636005296999,-45.3984724210052],[167.635986846078,-45.3984697291042],[167.635962729793,-45.3984548896983],[167.635926028152,-45.3984337431342],[167.635880900842,-45.3984141468124],[167.63583523256,-45.3984003591038],[167.635789565489,-45.3983865723341],[167.635757828888,-45.3983714891838],[167.635732308121,-45.3983489112827],[167.635721080298,-45.3983211499809],[167.635703527889,-45.3982866670455],[167.635699358647,-45.3982578798305],[167.63568660454,-45.3982197043871],[167.635662742493,-45.3981764174829],[167.635634072369,-45.3981283905647],[167.635585387702,-45.3980580396608],[167.635535801577,-45.3979973772947],[167.635509150988,-45.3979572347884],[167.635496432809,-45.3979157879358],[167.635488318538,-45.3978842754603],[167.635477284283,-45.3978545842488],[167.635459468881,-45.3978381970469],[167.635435078087,-45.3978331746385],[167.635408669661,-45.3978202768701],[167.635396178752,-45.3978060830681],[167.635378725215,-45.3977858159896],[167.635370534705,-45.3977697021126],[167.6353536064,-45.3977536888493],[167.635327288154,-45.3977153380233],[167.635303553144,-45.3976697210412],[167.635288063795,-45.3976026260288],[167.635270032851,-45.3975589862865],[167.635238249892,-45.3975147113441],[167.635194746628,-45.3974776763119],[167.6351398838,-45.3974440129628],[167.635086467223,-45.3974196950424],[167.635011670364,-45.3973972217116],[167.634953627548,-45.3973696692696],[167.634885079378,-45.3973330017115],[167.634836643274,-45.3972866764787],[167.634803517082,-45.3972197128356],[167.634770740327,-45.3971367504184],[167.63476060638,-45.3970976594884],[167.634749019585,-45.3970737681844],[167.634720708353,-45.3970536763375],[167.634675453602,-45.3970334055898],[167.634626673207,-45.3970233703868],[167.634586793583,-45.3970197416364],[167.634535749152,-45.3970211077218],[167.634491378708,-45.3970229538469],[167.634444811455,-45.3970188542432],[167.634399865212,-45.3969973268559],[167.634355461153,-45.396969980081],[167.634320739787,-45.3969366693458],[167.634279637063,-45.3968944791647],[167.634239609241,-45.3968498226895],[167.634197550046,-45.3967972901757],[167.634170618439,-45.3967537161009],[167.634140381646,-45.396699303775],[167.63411667852,-45.3966573491036],[167.634089488282,-45.3966230158455],[167.634048198462,-45.396591926872],[167.634003582956,-45.3965697469708],[167.633939052526,-45.3965479627922],[167.633877614973,-45.3965256725713],[167.633811201035,-45.3964973092245],[167.633752686188,-45.396473196942],[167.633708102487,-45.3964477903521],[167.633667173663,-45.3964128213395],[167.633627687929,-45.3963623551772],[167.633598465513,-45.3963201457275],[167.633570485288,-45.3962696968793],[167.633536669063,-45.3962196463664],[167.633502548654,-45.3961639445387],[167.633467834293,-45.3961214717666],[167.63342074803,-45.3960696175684],[167.633320662404,-45.3959866372348],[167.633186730396,-45.3958866632405],[167.633070451147,-45.3958035830124],[167.632970728232,-45.3957196184524],[167.6328205955,-45.3956196259018],[167.632703603618,-45.3955366476386],[167.632586598424,-45.3954536785285],[167.632496113395,-45.3953880401404],[167.632463697458,-45.3953677848769],[167.632434703501,-45.3953528282518],[167.632344095847,-45.3953175103636],[167.632320569044,-45.3953036449573],[167.63229510317,-45.3952802208868],[167.632261340175,-45.3952572528252],[167.632222070837,-45.3952340378281],[167.6321866474,-45.3952196764878],[167.632155490399,-45.395207613663],[167.632115139509,-45.3951960185768],[167.632072949403,-45.3951746075653],[167.632036530718,-45.3951536261021],[167.631999916122,-45.395128424318],[167.631964436687,-45.395095574027],[167.631936440335,-45.3950696433056],[167.631903903857,-45.3950325369988],[167.631870560939,-45.395003681593],[167.631844983258,-45.3949831201465],[167.631805908195,-45.394957957155],[167.63177453647,-45.394938994972],[167.631753545556,-45.3949196192104],[167.631739462594,-45.394900409731],[167.631716651338,-45.3948487655693],[167.63170350244,-45.3948036009112],[167.631699840766,-45.3947623734784],[167.631698679406,-45.3947156170297],[167.631686584192,-45.394686616286],[167.631662696749,-45.3946529935402],[167.631603432603,-45.3945696080108],[167.631548213248,-45.3944926856192],[167.631523778354,-45.3944584789216],[167.631498454058,-45.3944339613156],[167.631441204369,-45.3943962894407],[167.631403625654,-45.394369636822],[167.631270433867,-45.3942866567656],[167.631169657715,-45.3942280712433],[167.631136502097,-45.3942036695731],[167.63102057468,-45.3941036856966],[167.630945533788,-45.3940250805003],[167.630920501342,-45.3940036155547],[167.630888826395,-45.3939815988977],[167.630846638848,-45.3939601884473],[167.63081800805,-45.3939413525172],[167.630786585689,-45.3939196366996],[167.630735253953,-45.393881102032],[167.630696888465,-45.3938481980928],[167.630670660733,-45.3938196525785],[167.630637349936,-45.3937462138535],[167.630620627667,-45.3937366666333],[167.630603695723,-45.3937366587102],[167.630581050564,-45.3937280366885],[167.630555127256,-45.3936801442753],[167.630536739712,-45.3936366759945],[167.630528686105,-45.3936145801726],[167.63051502592,-45.3935771112723],[167.630486701407,-45.3935196743712],[167.630459671844,-45.3934597554888],[167.630433039204,-45.3934196027191],[167.630403543157,-45.3933865686453],[167.630384939404,-45.3933726324866],[167.630330264652,-45.3933370186543],[167.630270686763,-45.393286577079],[167.630153697056,-45.3931695907969],[167.630053602661,-45.3930535657724],[167.629993198918,-45.3929828777083],[167.629970441387,-45.3929365828339],[167.62996083577,-45.3929152266586],[167.629951055626,-45.3928719670009],[167.629948992061,-45.3928348981116],[167.629936592725,-45.3928035567541],[167.629906895317,-45.3927531718492],[167.629836523399,-45.3926695505784],[167.629753733117,-45.3925535409706],[167.629694199108,-45.3924573095371],[167.629670559708,-45.3924195229945],[167.629619648626,-45.3923682556012],[167.629553551651,-45.3923195325545],[167.629458738234,-45.3922672003208],[167.629403447649,-45.3922365530356],[167.629362446853,-45.3922102541649],[167.629318784699,-45.3921700632115],[167.629270593949,-45.3921365784174],[167.629120466778,-45.392053596529],[167.628970710429,-45.3919865391371],[167.628803679436,-45.3919195940192],[167.62871510036,-45.3918892271964],[167.628636621686,-45.3918536204945],[167.628573379778,-45.3918110888899],[167.628486507001,-45.3917695563263],[167.628320542362,-45.3917196122143],[167.628153507046,-45.3916535490143],[167.628036501794,-45.3916196218713],[167.627870560129,-45.3915695791613],[167.627703504401,-45.3915195394661],[167.627520633283,-45.3914695969221],[167.627336658949,-45.3914195570278],[167.627153425896,-45.3913535995874],[167.626986372374,-45.3913035499342],[167.626803502764,-45.3912536054008],[167.626670671159,-45.3911865531112],[167.626597594917,-45.3911375053391],[167.626536379921,-45.3910865623575],[167.626479657613,-45.3910222916061],[167.626420440075,-45.3909695569158],[167.62628653448,-45.3908865822965],[167.626154351768,-45.3908068169652],[167.626071106895,-45.3907552420052],[167.625986648484,-45.3907195547371],[167.625914136479,-45.3906954845381],[167.625868705811,-45.3906742999664],[167.625820681694,-45.3906534916973],[167.62574722842,-45.3905970944563],[167.625686404682,-45.3905535006014],[167.625536646483,-45.3904695303478],[167.625386528609,-45.3903865529311],[167.625253681971,-45.3902864739909],[167.625153604312,-45.3901864876327],[167.625053514529,-45.3900535582577],[167.624970368736,-45.3899365624454],[167.624886468112,-45.3898195678528],[167.62482060025,-45.3897035440356],[167.62477056269,-45.3895695407502],[167.624770554208,-45.3895034846024],[167.624770556815,-45.3894695512632],[167.624736353954,-45.3893695563577],[167.624703581047,-45.3892864912435],[167.624636640441,-45.3891865048322],[167.624570393006,-45.3891035124289],[167.624470667789,-45.389036564568],[167.62441353688,-45.388994024713],[167.624386420903,-45.3889534975202],[167.62437057726,-45.3889035445266],[167.624370571889,-45.3888535046577],[167.62438641168,-45.3887364916165],[167.624387065845,-45.3886969430561],[167.624371261168,-45.388648488913],[167.624336386215,-45.388603480711],[167.624303613384,-45.3885695531098],[167.624186605275,-45.3884864842099],[167.624086536903,-45.3884195198093],[167.624020648091,-45.3883195367688],[167.623936407153,-45.3882365587816],[167.623852799317,-45.3881806909553],[167.623836343329,-45.3881534972221],[167.623836334976,-45.3881195633637],[167.62381489302,-45.388078729565],[167.623770443049,-45.3880364972505],[167.623672663538,-45.3879337563622],[167.623603405723,-45.3878364217155],[167.623578949614,-45.3877767180776],[167.623536442575,-45.3877194164381],[167.62345363748,-45.3876364419603],[167.623386317179,-45.3875364458764],[167.623320443895,-45.3874194469133],[167.623253482286,-45.3873194586816],[167.623186520988,-45.3872194695242],[167.623120635022,-45.3871194860872],[167.623036392768,-45.3870194101015],[167.622943368659,-45.3869422738826],[167.622936311946,-45.3869364279535],[167.622920482254,-45.3869194087682],[167.622858516531,-45.3868605471951],[167.622836601867,-45.3868194298347],[167.62283659043,-45.3867864878352],[167.622814326733,-45.3867535150899],[167.622754964961,-45.3867364460843],[167.622720304268,-45.3867034226892],[167.622653358114,-45.3865864176844],[167.622603305007,-45.3864864271695],[167.622536342132,-45.3863534150714],[167.622477047159,-45.3863036497636],[167.622436622274,-45.3862534242763],[167.622386572023,-45.3861694499341],[167.622353462273,-45.3861034924866],[167.622286504628,-45.3860034948606],[167.622240128973,-45.3859395476039],[167.622170572276,-45.3858694763369],[167.622123097709,-45.3858148300872],[167.622053575875,-45.385769487644],[167.621968362632,-45.3857313087036],[167.621903456698,-45.38570343984],[167.621852754207,-45.3856639199231],[167.621803379986,-45.3856034496341],[167.621670529639,-45.385486448154],[167.621553523606,-45.3854034747306],[167.621420328767,-45.3853034828321],[167.621286414114,-45.3852033946666],[167.621212424941,-45.3851236578936],[167.621153076076,-45.3851065967555],[167.621020370416,-45.385119340868],[167.620936484054,-45.3851533567453],[167.620803290794,-45.3852034029485],[167.620781451171,-45.3852170633407],[167.620670446573,-45.3852864798597],[167.620578000873,-45.3853185473509],[167.62050477423,-45.38533459638],[167.620488130642,-45.3853382445204],[167.620370576886,-45.3853534391555],[167.62027554715,-45.3853665668164],[167.620186605132,-45.3853864687277],[167.620120364948,-45.385403482175],[167.620040981057,-45.3854129612295],[167.619953771631,-45.3854041496075],[167.619840916004,-45.3853798286594],[167.619746029313,-45.3853427510727],[167.619611568831,-45.3852976257928],[167.619507092054,-45.3852718450769],[167.619393044664,-45.3852445471682],[167.619336284254,-45.3852363616958],[167.61930443273,-45.3852471767801],[167.619286598059,-45.3852864888116],[167.619336219946,-45.3853197286281],[167.619320443486,-45.3853694702612],[167.619286605732,-45.385403495553],[167.61922963382,-45.385399223052],[167.61918651899,-45.3853694772983],[167.619163000892,-45.385315010196],[167.619103367437,-45.3852694751068],[167.618986353923,-45.385253374505],[167.618853525253,-45.3852694832697],[167.618847868552,-45.3852703034118]]},"properties":{"TechObjectName":"Kepler Track - Brod Bay To Luxmoore Hut","ObjectType":"Track Visitor"}}]}