{"type":"FeatureCollection","crs":{"type":"name","properties":{"name":"EPSG:4326"}},"features":[{"type":"Feature","geometry":{"type":"LineString","coordinates":[[174.066958157956,-39.2704249515184],[174.067056814028,-39.2704328120959],[174.067391677298,-39.2703032337226],[174.067744236318,-39.270107145995],[174.067914814,-39.2700983722682],[174.06815756211,-39.2699552672532],[174.068239782349,-39.2699067963114],[174.068305310488,-39.2699036460146],[174.068306038885,-39.2699045124612],[174.068375432182,-39.2699871059991],[174.068799948361,-39.2698736210963],[174.069041553961,-39.2697211816157],[174.069198792973,-39.2696219717069],[174.069259543576,-39.2694794676894],[174.069215183624,-39.2693651878152],[174.069345208213,-39.2691220035504],[174.069497481973,-39.2688372028476],[174.069623258689,-39.2686019604957],[174.069626641191,-39.2685994415901],[174.069924765112,-39.2683774632918],[174.070024584178,-39.2681618877218],[174.070243383023,-39.2678672189558],[174.070273759684,-39.2678263090354],[174.070328367426,-39.2678271983302],[174.070873905763,-39.267836083113],[174.071126054173,-39.2676205896113],[174.071204625942,-39.2675534386751],[174.071324843537,-39.2675210072206],[174.071442722296,-39.2672956463256],[174.071552666595,-39.2671952392944],[174.07175911476,-39.2671882419498],[174.071910786922,-39.2671146517751],[174.072257066176,-39.2669466393724],[174.072488898759,-39.2666692566961],[174.072862468849,-39.266441539017],[174.073096979002,-39.2663399827432],[174.073364996049,-39.2661457068527],[174.073495836879,-39.2660508649534],[174.07368033306,-39.2660188909032],[174.073930739372,-39.265975494143],[174.074129771377,-39.2659124914847],[174.07431745044,-39.2657501988137],[174.074404248044,-39.2656372607202],[174.074556028389,-39.2655573397489],[174.074739246639,-39.2654608651382],[174.075073176023,-39.2654198919667],[174.075233382653,-39.2654002337806],[174.075320165274,-39.265361225534],[174.075650174788,-39.2652128856481],[174.075866723259,-39.2652236287821],[174.07605532071,-39.2651482999046],[174.076259705023,-39.2651945106132],[174.076796013852,-39.2650951417147],[174.07680662602,-39.2650968231773],[174.077009488898,-39.2651289603264],[174.077308966588,-39.2649885661899],[174.077783116805,-39.264907721492],[174.078246868648,-39.2645048755212],[174.078466928269,-39.2645308723471],[174.078759336313,-39.264357407896],[174.079622441001,-39.2631311827764],[174.079968137365,-39.2624811564058],[174.080452899921,-39.2621486140166],[174.080969368493,-39.2611766603834],[174.081643505529,-39.260805167135],[174.082148415161,-39.2602482163308],[174.083438754471,-39.2597366947154],[174.084259277669,-39.2593603804018],[174.084936183514,-39.2590499245167],[174.085214210627,-39.2590101523443],[174.086689459529,-39.2587991059647],[174.087507388551,-39.2591176891544],[174.088525329705,-39.2588023474345],[174.089763269171,-39.2577589842912],[174.091213450033,-39.2568101682056],[174.092051692866,-39.2562003514841],[174.092509840887,-39.25572711297],[174.093170906525,-39.2554973418309],[174.093430853111,-39.2551306285253],[174.093591289151,-39.2551169152666],[174.094066406305,-39.2552388905039],[174.09458371727,-39.254912244202],[174.094773551495,-39.2543961653093],[174.094799330101,-39.2536339983447],[174.094908881413,-39.2535387955395],[174.095387097298,-39.2534765184536],[174.095611334654,-39.2532258407673],[174.095759134661,-39.2526127876397],[174.095395602339,-39.2522619817043],[174.095392636933,-39.2518108804705],[174.095571320464,-39.2512269755863],[174.09557627744,-39.2507390048193],[174.095407325331,-39.2504823295037],[174.095393256328,-39.2504609552533]]},"properties":{"TechObjectName":"Kokowai Tk","ObjectType":"Track Visitor"}},{"type":"Feature","geometry":{"type":"LineString","coordinates":[[174.093759259556,-39.2721374802051],[174.093817874088,-39.2721966167374],[174.093847853281,-39.2722070315942],[174.093890900214,-39.2721727545189],[174.093924523443,-39.2721225198785],[174.093983068029,-39.2720524403993],[174.094049547458,-39.2720500334716],[174.09415147122,-39.2719670666153],[174.094233974975,-39.2719627258023],[174.094256463794,-39.2719339895835],[174.094211921099,-39.2718720097397],[174.094234271273,-39.2718343615368],[174.094336750261,-39.2717870451673],[174.094383993782,-39.2717277690901],[174.094472628739,-39.2716752349258],[174.09457759414,-39.2716403746621],[174.094675186733,-39.2715739347681],[174.09474327445,-39.2715642849193],[174.094841758851,-39.2715737103059],[174.094940148826,-39.271558522226],[174.094982888465,-39.2715046369553],[174.094989435781,-39.2714831815026],[174.095093984405,-39.2714215830187],[174.095154987547,-39.2713621763174],[174.095311947547,-39.2712786916872],[174.095483000746,-39.2712164672328],[174.095560028745,-39.2711551272527],[174.095706188604,-39.2711145296713],[174.09576108818,-39.2711050997461],[174.09581767066,-39.2710564316912],[174.095886247303,-39.2710415233914],[174.096016409208,-39.2710046423885],[174.096038647045,-39.2709598630025],[174.096175605598,-39.2709175691486],[174.09630151103,-39.2708807278995],[174.096408983683,-39.2708379581028],[174.096526916338,-39.2707290951247],[174.096548722302,-39.2706565607347],[174.096537243125,-39.2705512204205],[174.096512912203,-39.2704819138032],[174.096468185392,-39.2704097491553],[174.096424266543,-39.2702979329153]]},"properties":{"TechObjectName":"North Egmont Nature Walk","ObjectType":"Track Visitor"}},{"type":"Feature","geometry":{"type":"LineString","coordinates":[[174.098926194033,-39.268424342311],[174.098996345342,-39.268390154449],[174.099111653522,-39.2683322586929],[174.099155174429,-39.2682806279758],[174.099176348461,-39.2681789190927],[174.099183395604,-39.2680931752012],[174.099225413546,-39.2680220020206],[174.099242600509,-39.2678951866584],[174.09932225198,-39.2677789574299],[174.099397461029,-39.267685120004],[174.099409514391,-39.2676170328696],[174.099423882249,-39.2675358666066],[174.09957914892,-39.2673518716708],[174.099681416915,-39.2671497512371],[174.09968936954,-39.2670453729215],[174.099868359189,-39.2668462527006],[174.099968629317,-39.2668229556132],[174.100234561838,-39.2666677142136],[174.100300359526,-39.2665851400832],[174.100349569846,-39.2663611695873],[174.100519730752,-39.2662105584128],[174.100782382361,-39.2661521991168],[174.100835203759,-39.2661591497263],[174.100900834353,-39.266195617806],[174.100907715812,-39.2661994408226],[174.101193333457,-39.2660775368966],[174.10121174062,-39.2660289370956],[174.10138797154,-39.2659602178478],[174.101574951974,-39.2659658999673],[174.101745399712,-39.2658339092255],[174.102472699906,-39.2654582409302],[174.102889199212,-39.2651264889528],[174.103060284708,-39.2650354659988],[174.103086318695,-39.2646076379652],[174.103136490824,-39.2637831142997],[174.103013794895,-39.2632925647779],[174.103286316453,-39.2623363600176],[174.103884388712,-39.2613621679138],[174.104486652194,-39.2606561393036],[174.104977430547,-39.2601746720536],[174.105394121143,-39.2598578091686],[174.105962244839,-39.259420304284],[174.106380565972,-39.2592077247831],[174.10683158852,-39.2586372249839],[174.107229098864,-39.2583205378401],[174.107725469803,-39.2581966138093],[174.108385627224,-39.25751981595],[174.109833096387,-39.2569398148725],[174.110525483889,-39.2568628787883],[174.11071318095,-39.2568420221682],[174.110907706294,-39.2565512041615],[174.111274896153,-39.2560022419356],[174.112408174345,-39.2549483955148],[174.113088125955,-39.254316082683],[174.113774664567,-39.2541009126199],[174.113919003307,-39.2535333181461],[174.11471106677,-39.2527211183832],[174.114849040303,-39.2526603860402],[174.115472343162,-39.2523860204989],[174.116113447122,-39.2517242612563],[174.116224518245,-39.2513597919532],[174.116259179889,-39.2512460520097],[174.116828347124,-39.2508829857594],[174.117040907906,-39.2508966705614],[174.117634066445,-39.2509348574724],[174.117818150433,-39.2508210777651],[174.119152281912,-39.2499964537259],[174.120094687538,-39.2490039674058],[174.120399124828,-39.2488669355214],[174.120852814332,-39.2484751597535],[174.121139036797,-39.2483979029271],[174.121058362802,-39.2481453728967],[174.120948792355,-39.2480733631773],[174.120767872406,-39.2479544639451],[174.120627251727,-39.247950353155],[174.120384425777,-39.2479432536463],[174.120133919175,-39.2478562609103],[174.120021179325,-39.2477001738097],[174.120016349483,-39.2476934875215],[174.119515100353,-39.2475046021981],[174.119433316928,-39.2475076608531],[174.118978848074,-39.247524656058],[174.118404984643,-39.2475897703825],[174.11800143526,-39.2475191435865],[174.117765597805,-39.2471488981803],[174.117847915972,-39.2469022512538],[174.117708000833,-39.2465385348832],[174.11752255199,-39.246324258642],[174.117431717092,-39.2462286705721],[174.11734715683,-39.2461396864884],[174.117247074303,-39.246121248606],[174.117078089489,-39.2460901169285],[174.116712750602,-39.2460116681803],[174.11652351445,-39.246162486915],[174.115935947706,-39.2459669635787],[174.115561621058,-39.2459258481818],[174.115597108431,-39.2457467039713],[174.115698946073,-39.2455222223626],[174.115669262936,-39.2454629050079],[174.115380450039,-39.2453762689074],[174.115275660724,-39.2454145233434],[174.115121557523,-39.2453638482031],[174.115138003399,-39.2451923364302],[174.114372352961,-39.2446408997907],[174.114455093003,-39.2444203278559],[174.114185183589,-39.2437114163153],[174.114238299914,-39.2434352502597],[174.113827001861,-39.2428729698091],[174.113825823636,-39.2427984793296],[174.114071591823,-39.2425875223705],[174.114051253733,-39.2425132151756],[174.113875759457,-39.2423211885386],[174.113815219767,-39.2421280622663],[174.11391169396,-39.2419108139573],[174.113857873705,-39.2417961205015],[174.113665283924,-39.2417346355544],[174.11336143297,-39.2417561657566],[174.113162336432,-39.2417375814599],[174.113046883044,-39.241707021554],[174.112962062714,-39.241644505404],[174.11295338992,-39.2416188728224],[174.112949500196,-39.2416073745741],[174.11291203076,-39.2415904340176],[174.112808716452,-39.2415573592376],[174.112617183482,-39.2414720878758]]},"properties":{"TechObjectName":"Ngatoro Tk","ObjectType":"Track Visitor"}},{"type":"Feature","geometry":{"type":"MultiLineString","coordinates":[[[174.110078256436,-39.299597255545],[174.110173486613,-39.2996473723924],[174.110328688523,-39.2996646503833],[174.110427364161,-39.299786087835],[174.110513382566,-39.2997766424012],[174.110612081233,-39.2998920216768],[174.110688409123,-39.2998317949767],[174.1107758335,-39.2998413770367],[174.110901330239,-39.3000054727196],[174.111140038684,-39.3000805690628],[174.111424500747,-39.3001682023959],[174.11156201976,-39.3002105671396],[174.111737877511,-39.3003306762698],[174.11202786599,-39.3005660428072],[174.112054971406,-39.3006355408691],[174.112085740632,-39.3007144307625],[174.112208647541,-39.300817330243],[174.112301443662,-39.3009809006046],[174.112339759312,-39.3010377127517],[174.112410478841,-39.3010645444028],[174.112520877073,-39.3010822655951],[174.112577123989,-39.3011407147139],[174.1126881761,-39.3012028713344],[174.11275172954,-39.3012848275351],[174.112986947917,-39.3014425332928],[174.113263524003,-39.3016618969157],[174.113536062614,-39.3018781979556],[174.113927470091,-39.3020167235428],[174.114086646206,-39.3022300802474],[174.114266909618,-39.3023592340492],[174.114437233831,-39.3023874249213],[174.114759116938,-39.3025297218725],[174.115058807697,-39.3027072130454],[174.115097768004,-39.3027398418804],[174.115052585361,-39.3028183618746],[174.115079252494,-39.3029450641367],[174.115236934107,-39.3029998154748],[174.115766512167,-39.3029043515186],[174.116179557565,-39.3028819202357],[174.116363787896,-39.3028719143943],[174.116931486735,-39.3028121100356],[174.117358275452,-39.3028230799579],[174.117389374847,-39.3028241276245],[174.117709653099,-39.3028349192645],[174.117839779384,-39.3027916148775],[174.118340315581,-39.3026250410709],[174.118721204332,-39.3026152208037],[174.119147506198,-39.3024456770052],[174.119499204602,-39.3024515455559],[174.12017812665,-39.3024927082427],[174.120663400252,-39.3025465818348],[174.120901399833,-39.3026829257382],[174.121063981013,-39.3030128436112],[174.121067504806,-39.3030199946827],[174.121378929984,-39.3032292042334],[174.121569651643,-39.3033573259044],[174.121574854724,-39.3033992730086],[174.121620371047,-39.3037662609165],[174.121858530333,-39.3040233695445],[174.122157788369,-39.3042126962068],[174.122355526745,-39.3043695312771],[174.122562863935,-39.304606479855],[174.12259146701,-39.3046391681819],[174.12276660195,-39.3048378753265],[174.122967855972,-39.3049302383524],[174.123054084325,-39.3050244920063],[174.123041161571,-39.3050773706768],[174.123015408866,-39.3050940246074],[174.122792739523,-39.3050441727054],[174.122620876809,-39.3049645056208],[174.122541258437,-39.3049602482373],[174.122442253774,-39.3049549540968],[174.122380016385,-39.3049505686565],[174.122350768211,-39.3049892391548],[174.122380235468,-39.305030208895],[174.122486680882,-39.3051385542512],[174.122489229805,-39.3051411481353],[174.122593742073,-39.3052114497144],[174.122646422703,-39.3052468865136]],[[174.110078256436,-39.299597255545],[174.109106876452,-39.2996070548565],[174.108844393498,-39.2995152229095],[174.108381912563,-39.299444161932],[174.1078776141,-39.2994159458142],[174.107315962987,-39.2996005212139],[174.106730327533,-39.2998041873316],[174.106421964131,-39.299882584612],[174.106230291162,-39.2998762290811],[174.105888501883,-39.2999301031782],[174.105889144588,-39.2999724926419],[174.105623191907,-39.3000150941528],[174.10548849741,-39.2999716350063],[174.104894225104,-39.3002521537832],[174.104526689384,-39.300609724873],[174.104542016221,-39.3007777272416],[174.10436244304,-39.3009397962914],[174.104028629155,-39.3011960546765],[174.103728678884,-39.3015589670591]],[[174.09776950449,-39.281751518436],[174.097805694428,-39.2817671881205],[174.097844960229,-39.2817841893892],[174.097940967015,-39.2817687626021],[174.098051457162,-39.2817913526767],[174.098090241829,-39.2818208245488],[174.098124119633,-39.2818465681527],[174.09814089484,-39.2819274709848],[174.09827347193,-39.2820130699061],[174.09833251924,-39.2820173299544],[174.098412975389,-39.2820633160651],[174.098436957976,-39.2821064406429],[174.098527326151,-39.2821476746841],[174.098560508767,-39.2821628147506],[174.098834185127,-39.2822277935286],[174.099074968789,-39.2823005375302],[174.099227737612,-39.2823744706582],[174.099388764802,-39.2824735092909],[174.099633308657,-39.2825723464205],[174.099903996711,-39.282737051221],[174.100023185237,-39.2829141320289],[174.100020308614,-39.2830858550105],[174.100263111326,-39.2832598050617],[174.100423954597,-39.2833279746075],[174.100433333645,-39.2833886001797],[174.100697642227,-39.283526674035],[174.100741658818,-39.2836015971899],[174.100754358833,-39.2836037847291],[174.100834485001,-39.2836175882539],[174.101013447681,-39.2836412148333],[174.101121040898,-39.2835300915759],[174.101379092241,-39.2835320821419],[174.101555664879,-39.2834798956233],[174.101737624416,-39.2833953224813],[174.101938584179,-39.2834052154968],[174.10192895361,-39.2835061179557],[174.102151680506,-39.2835133104535],[174.102139801827,-39.2836078357933],[174.102311460423,-39.283617189175],[174.102274561938,-39.2837486758402],[174.10242002625,-39.2837768604785],[174.10239170791,-39.2840252764556],[174.102456501686,-39.2841677158375],[174.10241800917,-39.2842304398578],[174.102480761371,-39.2843191170916],[174.102580628944,-39.2843365024945],[174.102717433135,-39.2843374594939],[174.102848993584,-39.2843693470695],[174.102986515556,-39.2843805050409],[174.103020496457,-39.284444779068],[174.103052108635,-39.2845508855241],[174.103170090266,-39.2846569854779],[174.103306015158,-39.2847572611315],[174.103335824404,-39.284718359292],[174.10340182091,-39.284654293046],[174.103462209543,-39.2846277206785],[174.103529893356,-39.2846061656063],[174.10356696847,-39.2845943581355],[174.103618768814,-39.2845765731158],[174.103634311192,-39.2845904489531],[174.103580005898,-39.2846446217245],[174.103519635254,-39.2847048448971],[174.103455883286,-39.2848367197844],[174.103517652639,-39.2851348206511],[174.103599937879,-39.2852751049285],[174.103615668973,-39.2854176365387],[174.103733258819,-39.2856210944128],[174.103911529596,-39.2856502627628],[174.10405968907,-39.2857805321509],[174.104153342765,-39.2859777541774],[174.104327106934,-39.2860551531962],[174.104490035012,-39.2860584508402],[174.104573316932,-39.2860484627388],[174.104605038634,-39.2860446584636],[174.104786663594,-39.2861876567079],[174.104928230951,-39.2863135173726],[174.105266253593,-39.2866140337972],[174.105553211101,-39.2869525100204],[174.10588854473,-39.2871518063857],[174.105923486141,-39.287333645787],[174.106213172883,-39.2876659653954],[174.106327506049,-39.2878923761659],[174.106396523445,-39.2882001900882],[174.106700279028,-39.2884157724854],[174.107088308316,-39.2886533548809],[174.107588244496,-39.2886742718206],[174.108039942985,-39.2887173783177],[174.108583333058,-39.2888177768434],[174.108780878374,-39.2891418386248],[174.108996823058,-39.2894544489522],[174.109168585436,-39.2894872069192],[174.109431618523,-39.2896693164269],[174.109468703586,-39.289694992755],[174.109473205579,-39.2897251577866],[174.109503489584,-39.2899280980697],[174.109615988504,-39.2900584693718],[174.109702008638,-39.2901581560668],[174.109772900077,-39.2905801390559],[174.109716263946,-39.2906161454188],[174.109597617535,-39.2906915747299],[174.109699414513,-39.2907946549001],[174.109699945972,-39.2907951931716],[174.109699088673,-39.2907981072513],[174.10969076425,-39.2908263932792],[174.109534991781,-39.2908050704071],[174.10947711515,-39.2908715279765],[174.109500170851,-39.2909223756487],[174.109627258739,-39.2909966216152],[174.109624657375,-39.2911208165344],[174.109508637028,-39.2911543314969],[174.109489744068,-39.291254905488],[174.109359074215,-39.2912368149263],[174.109344050223,-39.291251178565],[174.109469477236,-39.291444103385],[174.109447429952,-39.2915452552678],[174.109487700251,-39.2915605742122],[174.109682329014,-39.2916346125298],[174.109699606877,-39.291672159765],[174.109453415913,-39.2917727402616],[174.109351405428,-39.2917958098655],[174.109272021005,-39.2918137620484],[174.109149464851,-39.2920585493097],[174.109047162726,-39.2922798394651],[174.109027218949,-39.2923229810197],[174.108925535571,-39.2926088267717],[174.108856983022,-39.2927509366016],[174.108808596929,-39.2928775462703],[174.108769568572,-39.2929796715908],[174.108440387114,-39.293136940064],[174.108485431963,-39.2932397497252],[174.108691082745,-39.2934539053194],[174.108987620725,-39.2936593366787],[174.109155621425,-39.29374259499],[174.10928323041,-39.2938058353133],[174.109679776973,-39.2939395834979],[174.109885479633,-39.2939965633859],[174.110005757083,-39.2940877559912],[174.110048164832,-39.2942454437627],[174.110125908635,-39.2943484221292],[174.110241443413,-39.2946204638391],[174.110228515717,-39.2946960704039],[174.110162551851,-39.2947834621549],[174.110145526456,-39.2948060193584],[174.110210986526,-39.2948422266902],[174.110294116085,-39.2948882068212],[174.110292624484,-39.2949809054823],[174.110328436504,-39.2950176279734],[174.110301203302,-39.2950877096434],[174.110402761097,-39.2951142466545],[174.110519144825,-39.2951516422434],[174.110540413645,-39.2952811085323],[174.11045994901,-39.2953093808194],[174.110233068617,-39.295306238409],[174.110190852078,-39.2953056534499],[174.110052132829,-39.2954232818545],[174.109925944089,-39.2957584902731],[174.109610742986,-39.2960919437786],[174.109639009466,-39.2961620188963],[174.109940097101,-39.2962574403369],[174.110007869102,-39.2963984698912],[174.110000264199,-39.296494154347],[174.109766004747,-39.296711721161],[174.109696363103,-39.2969119770055],[174.109653923711,-39.2972665730745],[174.109811344798,-39.2974028438868],[174.110086459098,-39.2974678000235],[174.11035681769,-39.2976797576487],[174.11063945878,-39.2979238480362],[174.110903248056,-39.2980957682562],[174.110615848542,-39.2980659021464],[174.110873538963,-39.2982934000529],[174.110991923541,-39.2983233531343],[174.11100856777,-39.2983430391385],[174.111120479252,-39.2984753993586],[174.111060990179,-39.2985250287118],[174.110917228972,-39.2986449633727],[174.110852139754,-39.2988137619959],[174.110680231152,-39.2990087246227],[174.110597685809,-39.2991603875742],[174.110384070546,-39.2992755744251],[174.11024877693,-39.2994011473919],[174.11006044234,-39.2995151833783],[174.110078256436,-39.299597255545]]]},"properties":{"TechObjectName":"Curtis Falls Tk","ObjectType":"Track Visitor"}},{"type":"Feature","geometry":{"type":"LineString","coordinates":[[174.094717952399,-39.2709926504635],[174.094747519587,-39.2710095403836],[174.094739972083,-39.2710311620129],[174.094742531257,-39.2710546745566],[174.094777565398,-39.2711513407326],[174.094778582845,-39.2711541478817],[174.094790411721,-39.2712036085121],[174.094787255727,-39.2712479694672],[174.094785677806,-39.2712701548997],[174.094745655336,-39.2714105947624],[174.09474327445,-39.2715642849193],[174.094742303732,-39.27162690514],[174.094718786821,-39.2717209635914],[174.094636912387,-39.2718139280462],[174.094397910603,-39.2719770986986],[174.094167916781,-39.2722266067276],[174.093637730614,-39.272896144194],[174.093549803363,-39.2731592164559],[174.093361786971,-39.2733964084915],[174.093368003881,-39.2734762678598],[174.093376159124,-39.2735810377605],[174.093281118288,-39.2738799378793],[174.092965368196,-39.2745880278483],[174.092896503815,-39.2747894917427],[174.092717714607,-39.27502666908],[174.092678751689,-39.2751498113912],[174.092668647088,-39.2751817460794],[174.092545124958,-39.2753709240164],[174.092351650931,-39.2755877547748],[174.092102107674,-39.2758275060794],[174.092093853596,-39.2758349893122],[174.092033413734,-39.2759391519751],[174.092031839055,-39.276002077857],[174.092031821113,-39.2760027889617],[174.092066109566,-39.2760638935287],[174.092119056636,-39.2760811982501],[174.092165033548,-39.276083623347],[174.0923069916,-39.2760210880637],[174.092401220388,-39.2759802095753],[174.092779251396,-39.2758442640345],[174.093094501111,-39.2756876155395],[174.093291072129,-39.2756273497064],[174.093422235554,-39.2755662633134],[174.093623670113,-39.2754442403474],[174.09380212935,-39.2753318696729],[174.093967764385,-39.2752383225213],[174.094012920816,-39.2752174694058],[174.094063202687,-39.2752131737478],[174.094090074495,-39.2752281698845],[174.094100759833,-39.2752341327104],[174.094110635531,-39.2752706238495],[174.09407880609,-39.2753714226737],[174.094033157023,-39.275488956075],[174.093956003798,-39.2756109825975],[174.093894532224,-39.2757292728171],[174.093825278966,-39.2758309295547],[174.093680993603,-39.2759609400922],[174.093498468314,-39.2760942092039],[174.093405788124,-39.2762270659487],[174.093281083172,-39.2763444601866],[174.093245266597,-39.2763863533759],[174.093183677731,-39.2764913978331],[174.093151026617,-39.2766109074072],[174.093076714452,-39.2767635895546],[174.093022636101,-39.2769846226272],[174.093011206049,-39.2770607802802],[174.092933450845,-39.2772030045115],[174.092894557149,-39.2772523097587],[174.09282282266,-39.2773432440399],[174.092809867941,-39.277375164032],[174.092764706118,-39.2774864416878],[174.092665560418,-39.2775904840484],[174.092527457273,-39.2777606773578],[174.092438229569,-39.2778692290714],[174.092349001591,-39.2779777807187],[174.092257157585,-39.2780330897904],[174.092188800255,-39.2780742543984],[174.09210233478,-39.2781596118941],[174.092052065398,-39.2782168970182],[174.091932993842,-39.2783525861424],[174.091910685756,-39.2784098054015],[174.091907315549,-39.2784243701999],[174.091868265738,-39.2785931237412],[174.091755009213,-39.2788113799121],[174.09175395526,-39.2788137640871],[174.091710030979,-39.2789445070203],[174.091682403099,-39.2790743078086],[174.091658156467,-39.2792414185976],[174.091651089485,-39.2793875493207],[174.091642614234,-39.2793947804942],[174.091609243033,-39.2794232559925],[174.091569823448,-39.2794568926893],[174.091241367082,-39.279634852852],[174.091020022976,-39.2797568194714],[174.090966843938,-39.2797778619369],[174.09086657687,-39.2798175361593],[174.090738499001,-39.2799175742116],[174.0906502505,-39.2800179977227],[174.090474751317,-39.280075008975],[174.090356824051,-39.2801357148996],[174.09016942627,-39.2801672704581],[174.090074317414,-39.2802158414213],[174.089825103495,-39.2803573349601],[174.089714253569,-39.2804874186475],[174.089693362569,-39.2806177677164],[174.089692263083,-39.2806246269601],[174.089721918725,-39.2807346526008],[174.089722654678,-39.2807394240312],[174.08973347409,-39.2808095990988],[174.089726337895,-39.280821713957],[174.089680693005,-39.2808991988695],[174.08966184307,-39.280931198005],[174.089611501771,-39.2809750407353],[174.089600248587,-39.2809848414484],[174.089536083505,-39.2810407228177],[174.089085774158,-39.2813544318171],[174.08903849115,-39.2813873717067],[174.088927444424,-39.2814461664577],[174.088707152468,-39.2815628034974],[174.088561792964,-39.2815889057335],[174.088132720364,-39.281826225219],[174.088105354882,-39.2818967482887],[174.088166142879,-39.2820396153076],[174.088158852655,-39.2821359084765],[174.088106271169,-39.2822497639822],[174.087891682073,-39.2825037000667],[174.087841148376,-39.2825670265329],[174.087763363129,-39.2827734966717],[174.08770976453,-39.2828916766672],[174.087658904718,-39.2830050085817],[174.087634380299,-39.2831114500464],[174.087617274931,-39.2832125609139],[174.08757130151,-39.2832790217936],[174.087499764182,-39.2833332327586],[174.087339563472,-39.2833883699754],[174.08719497382,-39.2834612418173],[174.087050833521,-39.2835679999245],[174.087016967468,-39.2835990620614],[174.086928272894,-39.2836804150809],[174.086843426,-39.2837893522828],[174.086829286119,-39.2838669663585],[174.08685480519,-39.2839233488963],[174.086857698104,-39.2839245545396],[174.086926036863,-39.2839530297918],[174.086994372466,-39.2839604463789],[174.086997265507,-39.2839607599689],[174.087019444114,-39.2839616251608],[174.087019494005,-39.2839616273982],[174.087264896166,-39.2839712019891],[174.087296472015,-39.2839724344054],[174.087414299378,-39.2839973529535],[174.087451120891,-39.2840114241826],[174.087487733638,-39.2840254153536],[174.087492219405,-39.2840271296183],[174.087603500828,-39.2840900644299],[174.087693490861,-39.2841527403082],[174.087772967496,-39.2842080959231],[174.087878884359,-39.2842492785625],[174.087908855229,-39.2842522819729],[174.087971925425,-39.2842586037407],[174.087973956464,-39.2842588073228],[174.087977211781,-39.2842585543411],[174.088107659514,-39.2842484156826],[174.08822646887,-39.284227656751],[174.088331527101,-39.284209300515],[174.088416735766,-39.2841944132094],[174.088548694118,-39.2841838274269],[174.089058320033,-39.2841858653805],[174.089116598442,-39.2841692192041],[174.089139162273,-39.2841545272082],[174.089190945284,-39.284120809021],[174.089307891647,-39.2840630536149],[174.089400621673,-39.2840520824052],[174.089480026923,-39.2840627170579],[174.089483907547,-39.2840632366977],[174.089506711447,-39.2840662905438],[174.089598310715,-39.2840900205298],[174.089628485219,-39.2841056409229],[174.089703359306,-39.2841443993328],[174.08977992619,-39.2841620552668],[174.089900013117,-39.2841669114916],[174.090004919692,-39.2841540651427],[174.090088109157,-39.2841438792238],[174.09013769997,-39.2841398277847],[174.090282476175,-39.2841280009048],[174.09045129163,-39.2841425885035],[174.090690300042,-39.2841501189862],[174.09072084479,-39.2841723989571],[174.090722910606,-39.2841930823335],[174.090707282395,-39.2842236593045],[174.090559443256,-39.2842999573352],[174.090395493812,-39.2843856455194],[174.09034648837,-39.2844151942572],[174.090255347514,-39.284472669407],[174.090091080565,-39.2845129476691],[174.089900576223,-39.2845922132479],[174.08959989582,-39.284738071622],[174.089207656399,-39.2849145856456],[174.089078771642,-39.2849783924056],[174.08899899015,-39.285041599177],[174.088757367618,-39.2853990248362],[174.088617819041,-39.2855138316238],[174.088533821447,-39.2855776875143],[174.088194399994,-39.2858478820601],[174.087765331068,-39.2861230779255],[174.087254909703,-39.2863453910341],[174.086930934197,-39.286473579464],[174.086514476545,-39.2865728284871],[174.086026179154,-39.2867383081186],[174.085808731234,-39.2868118587478],[174.085567402926,-39.2868290091037],[174.085204297519,-39.2869068955581],[174.085036969667,-39.2869978572751],[174.084980559779,-39.2870699054291],[174.084970512369,-39.2871375090928],[174.084974351904,-39.2871615802393],[174.084971447841,-39.2872249535393],[174.084949131632,-39.287269863032],[174.084853872807,-39.2873094908258],[174.084407237639,-39.2874417949463],[174.083782042243,-39.2876830424645],[174.083411491997,-39.2877758934573],[174.083281814239,-39.2878218007616],[174.083274879709,-39.287869546614],[174.083309176704,-39.2879085055441],[174.083307957519,-39.2879108037757],[174.083352530248,-39.287931405319],[174.083437390877,-39.287963397058],[174.083499337221,-39.2880015606908],[174.083523582122,-39.2880817977988],[174.083533593239,-39.2882336880097],[174.083482162796,-39.2883801895282],[174.083346192258,-39.2885155585136],[174.08330128145,-39.2885874979459],[174.08331411612,-39.2886738008621],[174.083445081118,-39.2887113222791],[174.083683179558,-39.288732947378],[174.083890418753,-39.2887429382848],[174.084112535756,-39.2887229895712],[174.084154530773,-39.2887106784082],[174.084177619961,-39.2887605703641],[174.084167201009,-39.2888533944305],[174.084104478568,-39.2889465703865],[174.084040902344,-39.2890514644151],[174.083959303116,-39.2892310284397],[174.083846614138,-39.2893840609321],[174.08370196381,-39.2894539492005],[174.083544844287,-39.2894613721217],[174.083432958567,-39.2894177118737],[174.083305413074,-39.2893533377254],[174.083235979994,-39.2893271628655],[174.083098126222,-39.2893403655275],[174.082933705947,-39.2893716957514],[174.082818352681,-39.2893519082737],[174.08269242933,-39.2893441066467],[174.082638445095,-39.2893870575421],[174.082607123507,-39.2894119774395],[174.082547740483,-39.28941397312],[174.08254362508,-39.2894141114042],[174.082521713844,-39.2894225859588],[174.082450903674,-39.2894499706455],[174.082361441483,-39.2895075853082],[174.082221548179,-39.2895427484747],[174.082113191759,-39.2895699845827],[174.0821128023,-39.2895720281994],[174.082106729569,-39.2896038812003],[174.082102323044,-39.2896269919612],[174.082097852023,-39.2896314487048],[174.082071999959,-39.2896572132737],[174.082065216315,-39.2896639738919],[174.082073519966,-39.2896762628433],[174.082089787915,-39.2897003384045]]},"properties":{"TechObjectName":"Nth Egmont Summit Track (Translator Rd)","ObjectType":"Track Visitor"}},{"type":"Feature","geometry":{"type":"LineString","coordinates":[[174.081840885427,-39.2894265834188],[174.081849218307,-39.2894464274923],[174.081842392288,-39.2895187783532],[174.081883394412,-39.289571490417],[174.081887989486,-39.289608925448],[174.081934849943,-39.2896506514087],[174.082019670278,-39.2896779716501],[174.082040098768,-39.2896996432716],[174.082089787915,-39.2897003384045],[174.082163771599,-39.2897082468371],[174.082238302415,-39.2897870976879],[174.082396261295,-39.2898248703267],[174.082512669573,-39.2898705078881],[174.082570256476,-39.2899343007932],[174.082630963176,-39.2900180041814],[174.082717488479,-39.2900559216225],[174.082760938151,-39.2901186411892],[174.08285925896,-39.2901818739884],[174.082883328488,-39.2902249757065],[174.082848775075,-39.2902753490921],[174.082850379809,-39.2903209628665],[174.082897545532,-39.2903679847153],[174.08296138873,-39.2904387591946],[174.083032012448,-39.2904539401314],[174.083195227724,-39.2904624711843],[174.083267089431,-39.2905111066705],[174.0832951445,-39.2905781222486],[174.083345529829,-39.2906288434341],[174.083358414831,-39.2906854992229],[174.083388371564,-39.2907397119626],[174.083366077889,-39.2907866699325],[174.08334606696,-39.2908542183661],[174.083380021135,-39.2909246309798],[174.083519260002,-39.2910680523594],[174.083693542455,-39.2912817038398],[174.083799803254,-39.291508913983],[174.083795446049,-39.2917354093985],[174.083863207525,-39.2918557582431],[174.083898499513,-39.2920629541806],[174.084023568313,-39.2921072814182],[174.084188677015,-39.2920195342879],[174.084394252669,-39.2918619690561],[174.084439037229,-39.2918504157258],[174.084552643666,-39.2919030956502],[174.084736791718,-39.2919203391774],[174.084838101882,-39.2919638272616],[174.084950927731,-39.2919681542797],[174.085024352259,-39.2919646785169],[174.085144635265,-39.2920024993597],[174.085236555891,-39.29208867754],[174.085303076657,-39.2921729461128],[174.085309350616,-39.2922527474981],[174.08524663121,-39.2923284101309],[174.085162680352,-39.2923496647134],[174.085167777702,-39.2923948710376],[174.085291638332,-39.2924877860042],[174.085293191651,-39.2925923753463],[174.085318541847,-39.2926024597413],[174.085363227908,-39.2926073377658],[174.085433509228,-39.2926301334582],[174.085451306447,-39.2926887678653],[174.085426315139,-39.2927575010995],[174.085372416669,-39.2927896172217],[174.085381782754,-39.2928120734708],[174.085430017972,-39.2928392222672],[174.085461830639,-39.2928704032178],[174.085453953027,-39.2929169325098],[174.085443937238,-39.2929495027237],[174.085464080361,-39.2930075322686],[174.085443060845,-39.2930738785124],[174.085462148911,-39.2931342453256],[174.085505211471,-39.2931800969179],[174.085690325543,-39.2932158079026],[174.08590366433,-39.2932006095697],[174.08613756145,-39.2931731664988],[174.086308799744,-39.2932218424218],[174.08656248543,-39.2932996511285],[174.086670732322,-39.2933163060281],[174.086794528996,-39.2933202477139],[174.086941249056,-39.293379851642],[174.08707184853,-39.29341396361],[174.087138214147,-39.293478228165],[174.087148313623,-39.2935661302517],[174.08705252283,-39.2937187177968],[174.087068191901,-39.2937776790705],[174.087062177926,-39.2938200299735],[174.086971975846,-39.2939243172289],[174.086933889377,-39.2939921061811],[174.087010115439,-39.2941439399357],[174.086967780352,-39.2941905270336],[174.086975304181,-39.2942674035037],[174.087069768241,-39.2943103768497],[174.087252265213,-39.2943363341892],[174.087430459627,-39.2942971227934],[174.087647936587,-39.2943647402502],[174.087718494905,-39.2944327010715],[174.087837041424,-39.2944934230769],[174.0879560404,-39.2945037238593],[174.088161248734,-39.2944941289483],[174.088460626319,-39.2945438204861],[174.088599993312,-39.2945229842564],[174.088729710096,-39.2945340589536],[174.088850476905,-39.2945798664789],[174.08892033619,-39.2946541900611],[174.088899689681,-39.29473387807],[174.088792800869,-39.2948615916967],[174.088643578008,-39.2950496457522],[174.088580337904,-39.2951453725483],[174.088545586089,-39.2952586729728],[174.088475397035,-39.2953554432333],[174.088345776072,-39.2954414211573],[174.088334238741,-39.2955857342361],[174.088253098357,-39.2956687106324],[174.088276103389,-39.2956861617126],[174.088456224707,-39.2957262670251],[174.088541369289,-39.2958178383107],[174.088561096818,-39.2958642367103],[174.088598771663,-39.295910597037],[174.088603226579,-39.2959700918389],[174.08865722079,-39.29603858269],[174.088660662238,-39.2961671818379],[174.088746413936,-39.2961845515296],[174.088994670294,-39.296235907319],[174.089042555962,-39.2962677208262],[174.089159431737,-39.2963173371287],[174.089224754563,-39.2963699820543],[174.08937617901,-39.2964598431823],[174.089485200631,-39.2965003851169],[174.089519734943,-39.2965296156957],[174.089561606308,-39.2966640895485],[174.089733011744,-39.296763381079],[174.090020570011,-39.2968108048855],[174.090114130739,-39.2968955337533],[174.09018765005,-39.2969281339519],[174.090196131737,-39.2969954878309],[174.090077322285,-39.2971289206033],[174.089869986435,-39.2972936017434],[174.089871342626,-39.2973666251234],[174.089929227989,-39.2974340219894],[174.089959699062,-39.2975466040013],[174.090038069733,-39.297685592614],[174.0900336089,-39.2977224840066],[174.089905891572,-39.2977907815015],[174.089713385063,-39.2978715008966],[174.089673946235,-39.297932583275],[174.089738067568,-39.2979608682494],[174.089807213415,-39.2980381849194],[174.089955304039,-39.2981696557274],[174.090072996318,-39.2982587324278],[174.090186797114,-39.2983257632491],[174.090314824387,-39.2983483395337],[174.090446847757,-39.298404009204],[174.090611516153,-39.2984206391705],[174.090790177525,-39.2984935376395],[174.090793187465,-39.2985325756542],[174.090645328117,-39.2985567234797],[174.09040952881,-39.2986457248433],[174.090308526319,-39.2987446860013],[174.090174677374,-39.2988407261828],[174.090191196578,-39.2989007143214],[174.090275430942,-39.2989357559807],[174.09034008011,-39.2989742176109],[174.090418687779,-39.2989695707582],[174.090589322154,-39.298976805414],[174.090692285348,-39.2990020191943],[174.090760972711,-39.2990625123365],[174.090853080487,-39.2990954443163],[174.090946222853,-39.2991805250933],[174.091000532966,-39.2991868064911],[174.091047882597,-39.2992090017836],[174.091093765332,-39.2992776647801],[174.091148361568,-39.299289372293],[174.091345292649,-39.2993420591443],[174.091568368055,-39.2994174197943],[174.091615474824,-39.2994465804959],[174.091651133328,-39.2996144021984],[174.091722279645,-39.2997682923424],[174.091790600243,-39.2998417238684],[174.091746528369,-39.2998670757304],[174.091669042088,-39.2999458365795],[174.091730487443,-39.3000146777525],[174.091863000211,-39.3001724074615],[174.091804003465,-39.3003851046157],[174.091753555167,-39.30050160768],[174.091723931883,-39.3006917903363],[174.091633907544,-39.3008495823534],[174.091516092266,-39.3009802788057],[174.091365524727,-39.3010962039166],[174.091189153454,-39.3011423532209],[174.09106361713,-39.3011928672017],[174.09099193203,-39.3012567661631],[174.091025535781,-39.3013253640211],[174.091192304114,-39.3013974613937],[174.091335218708,-39.3015203034747],[174.091356750747,-39.3015698318132],[174.091355420062,-39.3016261071431],[174.091441833713,-39.3016711373277],[174.091517677806,-39.3017271585191],[174.091507297028,-39.3017907785149],[174.091450878618,-39.301874538057],[174.091453814795,-39.3020635773515],[174.091343641319,-39.30217688727],[174.091150261244,-39.3022974592225],[174.090866813783,-39.3023464552007],[174.090542103813,-39.3023813804973],[174.090338996091,-39.3023949958558],[174.090275020407,-39.30245867439],[174.090303645652,-39.3025268514222],[174.090383031978,-39.3026025480695],[174.090643724423,-39.3026935310796],[174.090869564002,-39.3027770189386],[174.090892030853,-39.3028290849771],[174.090862953411,-39.3028609926375],[174.090775470983,-39.3029152864571],[174.090746799926,-39.3029536553582],[174.090732631089,-39.3030330035623],[174.090703827981,-39.3031424435876],[174.090643235145,-39.3031967160352],[174.090563450119,-39.3033246538769],[174.090476446336,-39.3033682907026],[174.090485109145,-39.303421530447],[174.090905448181,-39.3035318217195],[174.090946601822,-39.3036159478996]]},"properties":{"TechObjectName":"Amc Tahurangi Lodge - Manganui Skifield","ObjectType":"Track Visitor"}},{"type":"Feature","geometry":{"type":"LineString","coordinates":[[174.081840885427,-39.2894265834188],[174.081811804796,-39.289430922824],[174.081690708904,-39.2894489915056],[174.081589204132,-39.2894542181831],[174.081531227723,-39.2894572040568],[174.081257756346,-39.2894712867669],[174.081214958185,-39.2894808984672],[174.081050957576,-39.2895177294093],[174.080911296233,-39.289549094492],[174.080792652339,-39.2895616574343],[174.080727263087,-39.2895685817712],[174.080652839482,-39.2895830281698],[174.080569059547,-39.2895992895922],[174.080518492375,-39.2895926883102],[174.080373327632,-39.2895737382472],[174.080331151556,-39.2895682321943],[174.080314462378,-39.2895660533167],[174.080163463279,-39.2895601828349],[174.080104002212,-39.2895469987578],[174.079981032313,-39.2895197336628],[174.079709260666,-39.2894594758391],[174.079679139039,-39.2894534234447],[174.079475260807,-39.2894124605357],[174.079465604494,-39.2894105199836],[174.079342620692,-39.2893972721122],[174.079298011244,-39.2893924667407],[174.079017201118,-39.289362217052],[174.078877554393,-39.2893405504469],[174.078478358811,-39.2892786132367],[174.07792156987,-39.2891814355387],[174.077680075622,-39.2891810869688],[174.077629767935,-39.289181013803],[174.077378382454,-39.289139933685],[174.077355216113,-39.2891054338661],[174.077335261967,-39.2890757177749],[174.077325332352,-39.2890609295714],[174.07730494184,-39.2890247551176],[174.077299579325,-39.2890152427007],[174.077281923839,-39.2890066657991],[174.077229155989,-39.2889810305545],[174.077145644365,-39.288951541167],[174.07713485138,-39.2889462409765],[174.07710792617,-39.2889330183495],[174.07706124459,-39.2889100920697],[174.076965621361,-39.288793602013],[174.076960681164,-39.2887875835845],[174.076942759939,-39.2887764131377],[174.076841291144,-39.2887131683663],[174.076574732631,-39.2887665632201],[174.076490076286,-39.2887841246346],[174.076469285824,-39.2887884374118],[174.076442924105,-39.2887939054945],[174.076414553497,-39.288799790413],[174.076360753404,-39.2888302282116],[174.076348229921,-39.2888373127845],[174.076297723295,-39.2888658864503],[174.076264369532,-39.288910134036],[174.076200448489,-39.2889949334071],[174.076199278987,-39.2889961002767],[174.076088737064,-39.2891064034035],[174.075880767001,-39.2891648894525],[174.075683160455,-39.2891831281863],[174.075629357315,-39.2891880936371],[174.075515539768,-39.2892238214975],[174.075342008427,-39.2892782931927],[174.075216740584,-39.2893176145218],[174.075153522883,-39.2893544173191],[174.074928656728,-39.2894853244438],[174.074923815821,-39.2894881425995],[174.074406028264,-39.2895685444363],[174.074379508623,-39.2895726619218],[174.074063554843,-39.2896866714796],[174.073876563836,-39.289754144907],[174.073475160026,-39.2898989850422],[174.072962182576,-39.2900977794373],[174.071045365123,-39.290235786472],[174.069759880169,-39.2907688249175],[174.06905589674,-39.2907034842412],[174.067897585283,-39.2911748588358],[174.067077625688,-39.2912556278916],[174.065840882161,-39.2933817643848],[174.065579685156,-39.2937016011826],[174.065329336484,-39.2939147878958],[174.065004480565,-39.2943220616812],[174.064764937696,-39.294710148378],[174.064704345972,-39.2949420448927],[174.064693170193,-39.2952282639142],[174.064816312716,-39.2954786799326],[174.064902027335,-39.2957278694309],[174.064903490332,-39.2960049126763],[174.064833643603,-39.2961173738446],[174.064621370774,-39.2961773605404],[174.064021755853,-39.2961510593439]]},"properties":{"TechObjectName":"Northern Summit Route","ObjectType":"Track Visitor"}},{"type":"Feature","geometry":{"type":"LineString","coordinates":[[174.093368003881,-39.2734762678598],[174.093397640958,-39.2734744865845],[174.093443920368,-39.2734717191379],[174.093486640286,-39.2734821189572],[174.093565697875,-39.2735638865659],[174.093577508943,-39.2736942527744],[174.093632440969,-39.2737880949644],[174.093707634393,-39.2738285806455],[174.093790195798,-39.273827805092],[174.093917738593,-39.2737695571531],[174.093948570835,-39.2736872592768],[174.094097852895,-39.2735521464826],[174.094115950939,-39.2734625939407],[174.094247945252,-39.2733098294377],[174.094265826254,-39.2732891343368],[174.094388568051,-39.2732419734976],[174.094391193185,-39.2732409648657],[174.094392010819,-39.2732395713499],[174.094426944016,-39.2731800136034],[174.094588080564,-39.273069748124],[174.094657774907,-39.2730361582627],[174.094720123493,-39.2730061083089],[174.094760460479,-39.2729451138248],[174.094762037819,-39.2729083636644],[174.094762144022,-39.2729058766403],[174.094782340219,-39.2728771618799],[174.094790227901,-39.2728738114604],[174.094932932653,-39.2728131888246],[174.094932359506,-39.272776366976],[174.094959275629,-39.2727565743661],[174.094992910432,-39.272731840225],[174.095073865952,-39.2726291085694],[174.095098496356,-39.2725586329541],[174.095145245537,-39.2725412569297],[174.095321577997,-39.2724495670382],[174.095390166609,-39.2723985570287],[174.095417582806,-39.2723916141361],[174.095456180177,-39.2723662916365],[174.095494535787,-39.2723253722411],[174.095502795014,-39.2723034555323],[174.095541510145,-39.2722724498095],[174.095550352527,-39.2721906908913],[174.095566100505,-39.2721709320381],[174.095669156236,-39.2720870620625],[174.095707447939,-39.2720421316766],[174.095770003682,-39.2720087209601],[174.095812768219,-39.2719564579659],[174.095853659034,-39.2719311137503],[174.095924280409,-39.2719001409988],[174.096086965885,-39.2718896963641],[174.096171457667,-39.2718657238839],[174.096210137813,-39.2718457490502],[174.096294823971,-39.2718342552388],[174.096299137117,-39.2718331865187],[174.096377077369,-39.2718138700821],[174.096404625186,-39.2718153929833],[174.09645499429,-39.2718095708862],[174.09653243884,-39.2717749680184],[174.096536775248,-39.2717588819975],[174.096566198915,-39.2717336455234],[174.096645770417,-39.2716883260609],[174.096672456737,-39.2716345904713],[174.096663808153,-39.271608005045],[174.09665800146,-39.2715901565656],[174.096611968925,-39.2715798936254],[174.096595304411,-39.2715408292129],[174.096633624165,-39.2714976805559],[174.096681283528,-39.2714651413094],[174.096749581316,-39.2714324076463],[174.096898673013,-39.2714021593685],[174.096965477871,-39.2714037186862],[174.097022244664,-39.2714050436538],[174.097112034042,-39.2714361249326],[174.097233633593,-39.2714385446067],[174.097384490712,-39.2714050325505],[174.097545257557,-39.2714186703884],[174.097738915531,-39.2714088226449],[174.097772967953,-39.2713862165753],[174.097839808188,-39.2713873686795],[174.097855053456,-39.2713551345711],[174.097894713403,-39.271324453453],[174.097908777281,-39.2712934766435],[174.097867909841,-39.2712787989576],[174.097825296604,-39.2712671670828],[174.09782117262,-39.2712600740725],[174.097841436652,-39.2712358156879],[174.0978808702,-39.2712250231125],[174.097920599933,-39.2712011956941],[174.097919775813,-39.2711851582819],[174.097918568132,-39.2711822772655],[174.097895952245,-39.271128333179],[174.09790515981,-39.2710569346339],[174.097858237268,-39.2709896308351],[174.097845240637,-39.2708916990752],[174.097759081668,-39.2708087199895],[174.097616343148,-39.2707744097625],[174.097533284856,-39.2707431023276],[174.097517689049,-39.270625584343],[174.097441356735,-39.2704373270857],[174.097352211057,-39.2703098048757],[174.097314517913,-39.2702459793596],[174.097241022359,-39.2702395409687],[174.097199465795,-39.270222104181],[174.097207693311,-39.2701614114033],[174.09725731166,-39.2701074604781],[174.097255810333,-39.2700112026042],[174.09724569119,-39.2699506827109],[174.097147985407,-39.2698624641661],[174.097096964509,-39.269826396982],[174.097028937998,-39.2698029705877],[174.096986193754,-39.2697828705627],[174.09694021795,-39.2697761727066],[174.096887626079,-39.2697864734951],[174.09683970392,-39.2698020789679],[174.096818015742,-39.2698085231127],[174.096807644431,-39.2698093542709],[174.09679911746,-39.2698100383025],[174.096788987483,-39.269803893877],[174.096786299359,-39.2697928956211],[174.096789739313,-39.2697795473433],[174.096787046656,-39.2697639456109]]},"properties":{"TechObjectName":"Ngatoro Loop Track","ObjectType":"Track Visitor"}},{"type":"Feature","geometry":{"type":"LineString","coordinates":[[174.089677667937,-39.2695868356709],[174.089634256119,-39.2694902598129],[174.089734449727,-39.2693067923879],[174.089631171661,-39.2691364049971],[174.08968463338,-39.2688751483777],[174.089736763563,-39.2688374097359],[174.089773215864,-39.268745812696],[174.089781563757,-39.2686358357247],[174.089880975637,-39.2685566778239],[174.090022558906,-39.2682610703842],[174.090191992941,-39.2680498558226],[174.090378779017,-39.2679001264394],[174.090478649831,-39.2675415824328],[174.090636595313,-39.2672197451647],[174.091012173319,-39.2667170647841],[174.091138220639,-39.2665016905557],[174.091260515736,-39.2663534038478],[174.091340381026,-39.2662502154532],[174.091399407574,-39.2661937855839],[174.091410490233,-39.2661359425813],[174.091582457783,-39.2659462132616],[174.091655337549,-39.2658561284955],[174.091676176937,-39.2658093689606],[174.091814201552,-39.2657484732318],[174.09184179419,-39.2656737129295],[174.091896171982,-39.26562663977],[174.09191210317,-39.2655724762396],[174.092056216772,-39.2654407465365],[174.092110102862,-39.2653620145819],[174.09213688569,-39.2652351101553],[174.092212679932,-39.2651785226015],[174.092230514947,-39.26509267786],[174.092324779858,-39.2649912162066],[174.092356468997,-39.2648717165779],[174.092394047818,-39.2648229373802],[174.09240772744,-39.2647781082743],[174.092392197476,-39.2647037514816],[174.092451651413,-39.2645206647267],[174.092454303014,-39.2643828116397],[174.092469651034,-39.2641368111323],[174.092630124749,-39.2639788513858],[174.09286505951,-39.2636786393818],[174.092968267454,-39.263536117474],[174.093329969361,-39.2633762678031],[174.093509603651,-39.2632181269343],[174.093687385889,-39.2629408008023],[174.093883751832,-39.262626048114],[174.094088308259,-39.2622218165614],[174.094189803205,-39.2619694188315],[174.094412333536,-39.2614886527753],[174.094544050206,-39.2613309606406],[174.094643775302,-39.2609649642012],[174.094716839892,-39.2607333215848],[174.094906858585,-39.2606272325893],[174.094980733286,-39.2604477329607],[174.095082309547,-39.2602009220289],[174.094968060055,-39.2599412397921],[174.094995106572,-39.2595237746889],[174.095043390048,-39.2592046455245],[174.095115457379,-39.2589745059446],[174.095079798947,-39.2588077599813],[174.095219467837,-39.2585456897725],[174.095275682644,-39.2584632085084],[174.095311343289,-39.2582915189324],[174.095327551113,-39.2581013864561],[174.095414446417,-39.2579075308355],[174.095403854896,-39.257616406139],[174.095348459828,-39.2574437105418],[174.095573095374,-39.2572534797798],[174.095684827429,-39.257043823507],[174.095862236883,-39.2567441465305],[174.096059968373,-39.2565187796687],[174.09631460661,-39.2562556258958],[174.096388125268,-39.2560537777721],[174.096473661504,-39.2560082715795],[174.096382191006,-39.2558266027258],[174.096410413307,-39.2557928111623],[174.096554191227,-39.2557951832506],[174.096668281356,-39.2558909613938],[174.09673518931,-39.2560337471196],[174.096747120881,-39.2561845014848],[174.096853872893,-39.2562759486584],[174.096897664811,-39.2563134618961],[174.097032210917,-39.2563382694062],[174.097110337114,-39.2562784542982],[174.097211509575,-39.2562555043272],[174.09737738079,-39.2563801351582],[174.097445512474,-39.2563408942651],[174.097416551477,-39.2562935415296],[174.097571629746,-39.2559895643846],[174.097630815922,-39.2559587992939],[174.097758090347,-39.2560296962878],[174.097853208576,-39.2561134327906],[174.098142362534,-39.2560912623285],[174.098264292947,-39.2560752124601]]},"properties":{"TechObjectName":"Ram Track","ObjectType":"Track Visitor"}},{"type":"Feature","geometry":{"type":"LineString","coordinates":[[174.088207347695,-39.2768456991331],[174.088198744869,-39.2768625969239],[174.088156430616,-39.276945717825],[174.087919546593,-39.2770829228854],[174.087732333934,-39.2771379913445],[174.087510591101,-39.2772392396845],[174.087098558433,-39.2774128327765],[174.086976909698,-39.2774807217572],[174.086860286568,-39.2775561929747],[174.08679043995,-39.2776407805066],[174.0867663349,-39.2776695979438],[174.086731784397,-39.2777093138782],[174.086720629566,-39.2777291494073],[174.086708435535,-39.2777839233292],[174.086644524041,-39.2778219651805],[174.086572425384,-39.2778774324133],[174.086502680662,-39.2779180768221],[174.086348539657,-39.277999028262],[174.086319255227,-39.2780077137896],[174.086288538847,-39.2779296189553],[174.08626909582,-39.2778897905812],[174.086239596125,-39.2778843107287],[174.086156172808,-39.2779276343454],[174.086087762997,-39.2779566180493],[174.08605080581,-39.2780011814089],[174.086006624871,-39.2780266889368],[174.085934546031,-39.2780448165607],[174.085898732468,-39.2780578843629],[174.085851704206,-39.2780856539179],[174.085779974859,-39.2781549629072],[174.085754121317,-39.2781780990375],[174.085771372585,-39.2782821115247],[174.085740923322,-39.2783276286895],[174.085671062741,-39.2784121985588],[174.0856118739,-39.2784979691121],[174.085502493985,-39.2785702321414],[174.085431506587,-39.2786338077602],[174.085396354918,-39.2786849813753],[174.085342059678,-39.2787178941399],[174.085299737607,-39.2787328804147],[174.085269768609,-39.2788082000451],[174.085231013753,-39.2788397100229],[174.08518471047,-39.2788592143357],[174.085185181807,-39.2788890845884],[174.085216346314,-39.278944729222],[174.084936150083,-39.2792906614956],[174.084866670016,-39.2794000217995],[174.084798870654,-39.2794591620428],[174.084568989818,-39.2796157903808],[174.08442074581,-39.2798570757162],[174.084175860797,-39.2799866571448],[174.084048955936,-39.2800063123216],[174.083973508623,-39.2800434545319],[174.08392216893,-39.2801484076939],[174.083784528398,-39.2802472476573],[174.08374180198,-39.28031266495],[174.083661802525,-39.2803591446644],[174.083578815765,-39.2804419287979],[174.083523349651,-39.2805053921361],[174.083386409554,-39.2805435900865],[174.083325810897,-39.2805879598738],[174.083278751216,-39.2806627874366],[174.083049906428,-39.2807867352114],[174.083043973409,-39.2808735111074],[174.082654760304,-39.2810989890383],[174.082292929783,-39.2811881790269],[174.082139954917,-39.2811876933941],[174.082091195755,-39.2811557237334],[174.082068437347,-39.2811120680476],[174.082066879049,-39.2808865427286],[174.082048385892,-39.2807645029373],[174.081986894924,-39.2805959373279],[174.081941169596,-39.2805493719687],[174.081924065014,-39.2804440167888],[174.081787054269,-39.2801516199986],[174.08178741069,-39.2800714574828],[174.081745157223,-39.2799294050809],[174.081694870447,-39.2799025215028],[174.081618641442,-39.2798918528985],[174.081510864448,-39.2798031553472],[174.081459431175,-39.2796394284003],[174.081474320544,-39.2795535947737],[174.081441244591,-39.2795323315183],[174.081387600846,-39.2795512276115],[174.081169234652,-39.2798125734626],[174.080858175213,-39.280024751679],[174.080821417809,-39.2800791294798],[174.080767151646,-39.2801133139468],[174.080701743259,-39.2801164611729],[174.080403836348,-39.2802654508972],[174.080353094084,-39.2802633897665],[174.080028378019,-39.2801226174802],[174.079987668351,-39.2801211794677],[174.079785006369,-39.2802387687945],[174.079726054285,-39.2802882701065],[174.079678314124,-39.2803706660436],[174.079455114143,-39.2807391481082],[174.079283298724,-39.281031387781],[174.079103302074,-39.2811963021387],[174.079023408623,-39.2812136112816],[174.078987284552,-39.281188344241],[174.0787806387,-39.2809410339972],[174.078395108767,-39.2809281242067],[174.078372119811,-39.2808672380466],[174.078195249162,-39.2807493856004],[174.078136233143,-39.2807416531616],[174.078075046073,-39.280752406222],[174.077932184084,-39.2808236800633],[174.077875054867,-39.2808858739196],[174.07772431235,-39.2810288934913],[174.077592810764,-39.2810989011938],[174.077502426226,-39.2811792085011],[174.07746150608,-39.2812653185603],[174.077390611224,-39.2813541262301],[174.077262672374,-39.2816110525458],[174.077270992369,-39.2817313932359],[174.077189804206,-39.2818599832105],[174.077139421871,-39.2818822468773],[174.077066869102,-39.2818527325632],[174.077015416421,-39.2817482602625],[174.076912885659,-39.2816233296703],[174.076915196361,-39.2815252855697],[174.076790507045,-39.2814305389896],[174.076731195527,-39.2812957059267],[174.076732608436,-39.2812269987345],[174.076675409986,-39.2811798796255],[174.076553853381,-39.2811470228688],[174.076461633688,-39.2811621348117],[174.07642324933,-39.2812197070165],[174.076343093466,-39.2812738511893],[174.076227888982,-39.2812827959245],[174.076142155489,-39.2812407528787],[174.076039080696,-39.2811326267924],[174.075839553309,-39.2809801793975],[174.075830680347,-39.2808246617881],[174.075887056404,-39.28076564041],[174.075865437818,-39.2807429532459],[174.075714741723,-39.2806826392378],[174.075579489627,-39.280393961791],[174.075525621374,-39.2803493523297],[174.075528715869,-39.2802825695852],[174.075486454119,-39.2801952597621],[174.075492441232,-39.2800528107785],[174.075553236592,-39.2800122132646],[174.075549355323,-39.2799793360837],[174.075512929032,-39.2799529092757],[174.075405784041,-39.2797423407787],[174.075385396615,-39.2795598624933],[174.075325363363,-39.2795032599885],[174.075313216995,-39.2794028201193],[174.075154579545,-39.2792993863615],[174.075133725038,-39.2792194746499],[174.075164643539,-39.2790996733649],[174.075124095411,-39.2789105889844],[174.075149532443,-39.2788073286245],[174.075116856352,-39.2787580765265],[174.075045108931,-39.2787218964453],[174.075034844201,-39.2786857370459],[174.075120249469,-39.2786499052996],[174.075140857954,-39.2780807807572],[174.075140853795,-39.2780805086753],[174.074910301634,-39.2780128916747],[174.074930311629,-39.2779285109176],[174.074899329625,-39.2778522338108],[174.074891388036,-39.2778354672017],[174.074942106013,-39.2777516373251],[174.074965116552,-39.2776609016075],[174.07496083269,-39.2775905809216],[174.074850375543,-39.2775164422776],[174.074862711657,-39.2774653562834],[174.07484386047,-39.2774120099965],[174.074706317358,-39.2773164336172],[174.074221163481,-39.2771119267534],[174.074008129095,-39.2771189893399],[174.073882016325,-39.2772515759183],[174.073689030111,-39.2774122055492],[174.073598237201,-39.2775483830208],[174.073477743088,-39.2776030143257],[174.073400260936,-39.2776827345901],[174.07319221491,-39.277801887636],[174.073134325892,-39.2778763298238],[174.073081944551,-39.2778819099033],[174.07305290277,-39.2779127604681],[174.073063321687,-39.2779508937566],[174.072892049851,-39.2780641712237],[174.072757612955,-39.2781168199791],[174.07275839031,-39.2781677840294],[174.072700307379,-39.2782294858849],[174.072658616526,-39.2782910357951],[174.072610838963,-39.2783297043575],[174.072487279686,-39.2783565074812],[174.072368754783,-39.2784211347938],[174.071719398259,-39.2786310003941],[174.071448779168,-39.2787328861779],[174.071341823568,-39.2788154253975],[174.071253452629,-39.2788264322097],[174.071108955499,-39.2788124705957],[174.071061850257,-39.2787338980095],[174.070948270232,-39.2787080632374],[174.070919284064,-39.278523676336],[174.070622041682,-39.2783653227684],[174.070597980278,-39.2782674527152],[174.070575366143,-39.2782432536119],[174.070546161999,-39.2782467632529],[174.070468637007,-39.2783239337692],[174.070386746561,-39.2783297839395],[174.070035526439,-39.2782072394622],[174.070087592506,-39.27806493214],[174.070166806111,-39.2778832548052],[174.070316015038,-39.2777389831017],[174.07029271628,-39.2777045938262],[174.070304649221,-39.2776755519621],[174.07030703549,-39.2776169123968],[174.070348340238,-39.277529881251],[174.070341007132,-39.2774789765359],[174.070398278313,-39.2773637638782],[174.070363590626,-39.2772392019976],[174.07037885911,-39.2771651529919],[174.070430115463,-39.2770856749287],[174.070448391675,-39.2769937581501],[174.070405225851,-39.2769584747739],[174.070257377012,-39.2769394455899],[174.070069060397,-39.2768468785927],[174.069795716124,-39.2765537540175],[174.069791196576,-39.276472241385],[174.069729856844,-39.2763198894447],[174.069737405748,-39.2761694536732],[174.069723942185,-39.2761466399512],[174.069647642754,-39.276088723274],[174.069639651543,-39.2759944988102],[174.069596604163,-39.2759668604426],[174.069521544969,-39.2759904873548],[174.069320698255,-39.275936262645],[174.069201545905,-39.2758634482087],[174.069170488996,-39.2757617900077],[174.069101444962,-39.2757496811824],[174.068979982095,-39.275740601787],[174.06883939051,-39.2757673780965],[174.068756341276,-39.2756967799761],[174.068602209157,-39.2756956464627],[174.068266992472,-39.2754975434072],[174.068374546025,-39.2753498934819],[174.068196986115,-39.2751386756282],[174.068191331814,-39.2749299425122],[174.068126655927,-39.2748258441916],[174.068080562804,-39.2748135242088],[174.067632309579,-39.2749458995977],[174.067432392024,-39.2749736182447],[174.067371244943,-39.2749602015352],[174.067312269304,-39.2749632903602],[174.067260421546,-39.2750039259371],[174.06683410348,-39.2750008045841],[174.066664816813,-39.2750813615458],[174.06656204852,-39.2750814875071],[174.066228297767,-39.2751517508385],[174.066173866345,-39.2751778574463],[174.066078877704,-39.2751780387939],[174.065993218307,-39.2753372738666],[174.065850157966,-39.2754175895336],[174.065786822648,-39.2753493570126],[174.065762752923,-39.2752756686462],[174.065696396971,-39.2752206174216],[174.06566204062,-39.2751211266676],[174.065694285406,-39.2750851513003],[174.065712451529,-39.2749855898061],[174.065681361457,-39.2748813827352],[174.065711649187,-39.2747382052264],[174.065664368348,-39.2746686543018],[174.065677887898,-39.2745455977961],[174.065657737481,-39.2744019240919],[174.065661411284,-39.2742138352481],[174.065740865351,-39.2740314755707],[174.065786690244,-39.2739656318191],[174.065737968314,-39.2738563320429],[174.065736732859,-39.2737747882335],[174.065630470539,-39.2736865601755],[174.06563266763,-39.2736151795624],[174.065510205254,-39.2735398433741],[174.065488643656,-39.2734151597949],[174.065391936003,-39.2733507492522],[174.065345584163,-39.2732788451125],[174.065333049025,-39.2732092725646],[174.065366565228,-39.2731486749387],[174.065489835633,-39.2730608945379],[174.065521462016,-39.2729841482052],[174.065703936406,-39.2729085686004],[174.065818450851,-39.2728922294066],[174.065876805877,-39.2728483685605],[174.065872176519,-39.2727592102958],[174.065910977209,-39.2727231748462],[174.065950241239,-39.2727177189919],[174.065979322691,-39.2726894180086],[174.065910518965,-39.2726472591517],[174.06581940957,-39.2725226752337],[174.065720245433,-39.272470062516],[174.065639826096,-39.2723561113565],[174.065669830678,-39.2721723390369],[174.065717201252,-39.2720899124191],[174.066019728477,-39.2718752123396],[174.066116074136,-39.2717604792088],[174.066085559686,-39.2714778655967],[174.066175655381,-39.271364902555],[174.066191390601,-39.2713214326938],[174.066179045449,-39.2711558872304],[174.066216983509,-39.2710993342738],[174.066324370469,-39.2710092871809],[174.066477024384,-39.2709135911177],[174.066614290761,-39.2708842990351],[174.066756993339,-39.2707810482493],[174.066785919122,-39.2707425547682],[174.066800958271,-39.2706532163128],[174.066855066905,-39.2705456797559],[174.066916544953,-39.2704915960501],[174.066958157956,-39.2704249515184],[174.066683699263,-39.2702720022371],[174.066454447495,-39.2702893931995],[174.066347002161,-39.2703257196095],[174.066250796622,-39.2704224709641],[174.065988053714,-39.2705050180561],[174.065833957473,-39.270453087605],[174.065794617493,-39.2704534477022],[174.065697232012,-39.2705180540874],[174.065598958573,-39.2705240498996],[174.065407925315,-39.2702505504493],[174.065465352233,-39.2701455332665],[174.065391154342,-39.2698235398862],[174.065419751875,-39.2696347497973],[174.06537590616,-39.2694352952901],[174.065301044318,-39.2693633446642],[174.065082003834,-39.2692826155866],[174.064897351949,-39.2693364543738],[174.06482388931,-39.2693112630026],[174.064723834234,-39.2690283873505],[174.064447803258,-39.2689875852533],[174.064363609976,-39.268840536441],[174.064164717483,-39.2686970849833],[174.063799789171,-39.2686316071925],[174.063312469481,-39.2686253212836],[174.063289305429,-39.2686974367283],[174.063209004334,-39.2688077590508],[174.063017786343,-39.2687381443273],[174.062965449379,-39.2687462676358],[174.062917276823,-39.2688129715516],[174.06295472415,-39.2689043786321],[174.062867937057,-39.2692364871611],[174.062816175498,-39.2697817250649],[174.062746179641,-39.2698234794355],[174.062579124642,-39.2697571044558],[174.062354584065,-39.26954700349],[174.062242352778,-39.2694970551779],[174.062198464688,-39.2694133521475],[174.062053296046,-39.2693535103876],[174.061848194532,-39.2690222706261],[174.061729033366,-39.2689410469375],[174.061685739389,-39.2688032402676],[174.061628546628,-39.2687484680034],[174.061558478609,-39.2687715910448],[174.061562308972,-39.268830155852],[174.061524752606,-39.2688575517553],[174.06107087899,-39.268781387688],[174.060928518902,-39.2689075658956],[174.060889179724,-39.268907924324],[174.060746407322,-39.268789441335],[174.060574708199,-39.2687094510455],[174.060430202565,-39.2688016952355],[174.060553385643,-39.2692524951564],[174.060490187956,-39.2696277128944],[174.060428483803,-39.269704760682],[174.060316474626,-39.2697065493198],[174.059484763744,-39.2691537463008],[174.05928560219,-39.2689509458088],[174.059226191387,-39.2688222648155],[174.059211234401,-39.2685230713146],[174.059124158417,-39.2684015314429],[174.059074503634,-39.2681522209884],[174.059024447079,-39.268094058498],[174.058889234394,-39.268041767726],[174.058294092385,-39.2682638290684],[174.058244369195,-39.2683539520869],[174.058229462218,-39.2686189316631],[174.058135209973,-39.2687279950821],[174.058214504577,-39.2688243658303],[174.058172985878,-39.2688910668017],[174.057952523626,-39.2688522924815],[174.057856502902,-39.2687431036085],[174.057816447572,-39.2687426250102],[174.057720522533,-39.2688144190997],[174.05757028708,-39.2687086725338],[174.057416202188,-39.2686362324871],[174.056922357019,-39.2680051061052],[174.056841573927,-39.267785693341],[174.056693276125,-39.2676582205041],[174.056173709734,-39.2669722728195],[174.055668952522,-39.2664652487031],[174.055517537841,-39.2662548515544],[174.055386288158,-39.2661976577051],[174.055094397922,-39.2662023222057],[174.054771851632,-39.2659156479023],[174.053986834493,-39.2655303996554],[174.05386773656,-39.265154742792],[174.053573447814,-39.2647930939985],[174.053277750232,-39.2642970859851],[174.052465696267,-39.2636764768547],[174.052408437558,-39.263688222528],[174.052356236021,-39.2641553131171],[174.052312153728,-39.2641841788217],[174.052259195161,-39.2641331534729],[174.052006808967,-39.2637382727371],[174.050870007964,-39.2634283281068],[174.050613923585,-39.2633107234449],[174.04957386225,-39.2633389223293],[174.048941129429,-39.2636861064691],[174.048546041213,-39.2635951052843],[174.048416906274,-39.263625533708],[174.048111588139,-39.263505197756]]},"properties":{"TechObjectName":"Holly Hut Track","ObjectType":"Track Visitor"}},{"type":"Feature","geometry":{"type":"LineString","coordinates":[[174.097824585946,-39.2514225206634],[174.097752294322,-39.2513952637767],[174.097652436869,-39.2512900399543],[174.09753566757,-39.2511756620415],[174.097390447612,-39.2510801779973],[174.097268540565,-39.2509434982452],[174.097133772536,-39.2509037912401],[174.096944510952,-39.2507491206999],[174.096788817784,-39.2506389345742],[174.096663616451,-39.2505095991291],[174.096527813747,-39.250360307493],[174.096528690521,-39.2503203938323],[174.096532609328,-39.2501420832927],[174.096513654265,-39.2498508442616],[174.09656902138,-39.2497114915296],[174.096840544748,-39.2496643939874],[174.096994995381,-39.2492232164646],[174.096927281266,-39.2490282865215],[174.096997044486,-39.2488935258533],[174.097266952341,-39.2486898268398],[174.097535028589,-39.2486761256624],[174.098023132759,-39.2483325406765],[174.098078726433,-39.2482109504501],[174.098316927489,-39.2481248890118],[174.098586538001,-39.2479025656603],[174.098655814097,-39.2477743638284],[174.098830626219,-39.247579903951],[174.098874690609,-39.2473336310772],[174.098838660172,-39.2471737916176],[174.098986129886,-39.2467998902933],[174.099143328931,-39.2467425299393],[174.099194799389,-39.2466638173655],[174.099640585691,-39.2463727758865],[174.099778972707,-39.2463379432009],[174.100044304461,-39.2461491818578],[174.100178075531,-39.2461255672974],[174.100371730825,-39.2459486582168],[174.100660253092,-39.2457112504636],[174.100824932904,-39.2455197135797],[174.101131608464,-39.245524264299],[174.101340706932,-39.2454161218706],[174.101337134224,-39.2453382505584],[174.101394072515,-39.2453057261083],[174.101683759851,-39.2449900780219],[174.10178377772,-39.2447879719553],[174.10215961753,-39.2446205111505],[174.102235667461,-39.2446690786975],[174.102382632621,-39.2446482057253],[174.102471931366,-39.2444941290364],[174.102713219192,-39.2444672815895],[174.102756037338,-39.2444159624205],[174.103117684265,-39.2443227490548],[174.103114443336,-39.2442687654641],[174.103396483942,-39.243959357839],[174.103605995191,-39.2438431717516],[174.103769962072,-39.2436069365641],[174.104068102205,-39.2433731542171],[174.104140066392,-39.2430744638819],[174.104223698902,-39.2425906635421],[174.104298034573,-39.2423829923321],[174.104447606344,-39.2422184984397],[174.104650294217,-39.2421607001766],[174.104862662818,-39.2419982231803],[174.104951578717,-39.2419753116317],[174.105071212701,-39.241845368456],[174.105168020199,-39.2418019033706],[174.10518808423,-39.2417830870668],[174.105171463399,-39.2414870991651],[174.105089657523,-39.2412292140817],[174.104918683023,-39.240881631474],[174.104861773625,-39.2408247483431],[174.104711385315,-39.2405392345613],[174.104724433095,-39.2404548306178],[174.10466149501,-39.2402598596473],[174.104706002364,-39.2400433810969],[174.104602500445,-39.2398581073455],[174.103300453639,-39.2386933163963],[174.102778988487,-39.2384300478637],[174.102402627889,-39.2376438886763],[174.102358884613,-39.2366522704367],[174.102494137853,-39.2361455294462],[174.102806998612,-39.2347121259512],[174.103326697567,-39.2342527405808],[174.103606812981,-39.2337881724427],[174.104619036168,-39.2324020445666],[174.105394436067,-39.2317149598514],[174.105594631762,-39.2310425395532],[174.106326271661,-39.2300521632753],[174.106468988114,-39.2293802882217],[174.106692300492,-39.2289609539841],[174.107274743349,-39.2287899311193],[174.107745569951,-39.2281179280132],[174.107958650741,-39.2275594477472],[174.108218164664,-39.2273111210399],[174.10828685606,-39.2271419094509],[174.108639438041,-39.2269942031114],[174.108998459792,-39.2257652231226],[174.109146300997,-39.2254211055127],[174.109098337815,-39.2251123774551],[174.109517872987,-39.22438198508],[174.10997814308,-39.2237744472716],[174.110768540022,-39.2235132881517],[174.110886137961,-39.223378062653],[174.110941367669,-39.223235981898],[174.111614450913,-39.223034605293],[174.111623000443,-39.2230320475666],[174.11196027513,-39.2228574723208],[174.112176957341,-39.2226281715933],[174.112509793267,-39.2224759890071],[174.112727000656,-39.2222802082332],[174.112761815079,-39.2221976758153],[174.11297627861,-39.2216892586912],[174.113107410265,-39.2215017496723],[174.112967690677,-39.2211454738651],[174.113023739198,-39.2210555353292],[174.113180599238,-39.2206778002882],[174.113395386793,-39.2203293114045],[174.113448961541,-39.2200829422211],[174.113835239273,-39.2196769360827],[174.114272926094,-39.219493944781],[174.11460963035,-39.2195875762696],[174.114638706502,-39.2195786775203],[174.114790586672,-39.2195321940788],[174.114886049469,-39.2195029778679],[174.11553096678,-39.2197054101248],[174.11558759404,-39.2197439335442],[174.115811748832,-39.2198964266722],[174.116003630318,-39.2199169384357],[174.116194687234,-39.2198853067312],[174.116305583334,-39.2199326709186],[174.116346000881,-39.2200643069848],[174.117172478565,-39.2202409944246],[174.117368369794,-39.2201456495483],[174.117500385998,-39.2200813939683],[174.117658575655,-39.2202286603314],[174.117821193914,-39.2203800496039],[174.11809033923,-39.220440793314],[174.118278840342,-39.2203375659369],[174.11842267889,-39.2202587967641],[174.119700016616,-39.2204774825385],[174.120192915611,-39.2207558511748],[174.12038657807,-39.2208880924472],[174.12071277279,-39.2209222062383],[174.121195272957,-39.2211485196069],[174.121433633196,-39.2213809067857],[174.121911054125,-39.2215886401043],[174.122186360833,-39.2217349928393],[174.122396411182,-39.221993726703],[174.122560281606,-39.222059199433],[174.122703101838,-39.2220056709777],[174.123515261886,-39.2224821043093],[174.123851873361,-39.2225682597771],[174.123947759346,-39.2225747845668],[174.124044775291,-39.2226520762121],[174.124165970373,-39.22274403444],[174.124277355003,-39.2227839353345],[174.124305956277,-39.2227879618483],[174.124349108746,-39.2228117380234]]},"properties":{"TechObjectName":"Waiwhakaiho Route","ObjectType":"Track Visitor"}},{"type":"Feature","geometry":{"type":"LineString","coordinates":[[174.096640433475,-39.2698202335757],[174.096675539647,-39.2698083630477],[174.096787046656,-39.2697639456109],[174.096808962758,-39.2697527894806],[174.096861874798,-39.2697135814861],[174.096902960547,-39.2696739325273],[174.096958762215,-39.2696324824598],[174.096960543045,-39.269624396684],[174.096978039382,-39.2695449439127],[174.097021604034,-39.269470546479],[174.09708748324,-39.2694298132594],[174.097183586747,-39.2694153368521],[174.097246113064,-39.2694144223748],[174.097316582795,-39.2694133915565],[174.097534791997,-39.2693787994446],[174.097470140911,-39.2691489814577],[174.097370089827,-39.2689980434253],[174.097305723254,-39.2689009389938],[174.097281189322,-39.2688589834301],[174.097188655056,-39.2687007442822],[174.097150201332,-39.2686349840718],[174.097008940824,-39.2684009849475],[174.097044186696,-39.2683079472288],[174.097345665207,-39.2682266636698],[174.097702401509,-39.2681591195072],[174.097903868079,-39.2681358270701],[174.098170323183,-39.26816183925],[174.098235867304,-39.2682467957179],[174.098345606724,-39.2682243667343],[174.098424950488,-39.2681647853094],[174.098557259078,-39.2681189670334],[174.098643843182,-39.2680824942371],[174.098710373153,-39.2680836496853],[174.098736016738,-39.2681101493957],[174.098753403722,-39.2681109855062],[174.098797988332,-39.2681131301053],[174.098824159765,-39.2681734983946],[174.098862576986,-39.2682836698805],[174.0988992784,-39.2683475844683],[174.098926194033,-39.268424342311],[174.098914065863,-39.2684341693075],[174.098888173714,-39.2684551479759],[174.098763503657,-39.2685484597438],[174.098618631359,-39.2686710572433],[174.098396540871,-39.2688425185732],[174.09824824973,-39.2690400251085],[174.098067408458,-39.2692093144414],[174.097924476765,-39.2693028894328],[174.09771832169,-39.2693330390377],[174.097534791997,-39.2693787994446]]},"properties":{"TechObjectName":"Connett Loop Track","ObjectType":"Track Visitor"}},{"type":"Feature","geometry":{"type":"LineString","coordinates":[[174.08269242933,-39.2893441066467],[174.082680387528,-39.2893150450557],[174.082659759059,-39.2892652587715],[174.082554195687,-39.2892278282686],[174.082530455546,-39.2892194105642],[174.082399434063,-39.2892076985728],[174.082281742133,-39.289160249078],[174.08226840158,-39.2891654415479],[174.082245321307,-39.2891744261045],[174.082078198714,-39.2893316788621],[174.082052737538,-39.2893556367761],[174.082052219572,-39.2893558100881],[174.081844788049,-39.2894252766615],[174.081840885427,-39.2894265834188],[174.081528631505,-39.2893702228493],[174.081407814314,-39.2893541682578],[174.081299956881,-39.2892661607738],[174.081025222473,-39.2891638234587],[174.081004388448,-39.2891137864864],[174.080949940132,-39.289107606179],[174.08093355014,-39.2890915465045],[174.080996308899,-39.288991023768],[174.081136669201,-39.2889231475007],[174.081201534198,-39.2887943379782],[174.081347184635,-39.2886785769191],[174.081462590452,-39.2886041119219],[174.081495905818,-39.2885491487263],[174.081487076532,-39.2884976991903],[174.081456410562,-39.2884636293806],[174.081334993425,-39.2884085410012],[174.081298228034,-39.2883698440959],[174.081297651706,-39.2883323717075],[174.081406788205,-39.2882423496405],[174.081536200965,-39.2880334606478],[174.081662674448,-39.2878948687957],[174.081696708778,-39.2876521325956],[174.081713262718,-39.2875258710866],[174.081630469751,-39.2873689234414],[174.081644727267,-39.287200864221],[174.081720493493,-39.287068267774],[174.081634853139,-39.286918165788],[174.081478124059,-39.2868706401931],[174.081465228745,-39.2868161053388],[174.081808033491,-39.2865873962568],[174.08180952437,-39.2865073503346],[174.081675765529,-39.2864102245088],[174.081554166462,-39.2863935141225],[174.081525941162,-39.2863708389625],[174.08152972345,-39.2862968944505],[174.081001592512,-39.2858727257352],[174.080603325065,-39.2856881159648],[174.079969209288,-39.2855850355741],[174.079658729995,-39.2854314552273],[174.079591916829,-39.2853617110622],[174.079665290422,-39.2852836134393],[174.079689728627,-39.2850040025211],[174.079633143428,-39.2849497329289],[174.079620289989,-39.2846465708133],[174.079649626629,-39.2845824541995],[174.079622903936,-39.2844626511376],[174.079577929686,-39.284450722758],[174.079513079968,-39.2844566916775],[174.079031536653,-39.2845924030095],[174.078891004846,-39.2845654048833],[174.078870999231,-39.2845439269937],[174.07884708273,-39.2842676278418],[174.078948735474,-39.2839605958941],[174.078954593642,-39.2837938698955],[174.079133192362,-39.2831588336414],[174.079203058289,-39.2830565744452],[174.079193896684,-39.2830398203613],[174.079134782971,-39.2830533552586],[174.078730577002,-39.2831932061056],[174.078509408082,-39.2833124901663],[174.078375255083,-39.2833305699986],[174.078325944229,-39.2833243832014],[174.078259194012,-39.2832485437809],[174.078147401487,-39.2833002384443],[174.078102644937,-39.2833047887566],[174.078045519326,-39.2832653908564],[174.077990224369,-39.2832446630573],[174.077843142979,-39.2832813102771],[174.077790307527,-39.2832528852872],[174.077768485345,-39.2831129157247],[174.077724727425,-39.2830394122484],[174.077853154913,-39.2825929862566],[174.077924378675,-39.2825268044943],[174.07799307013,-39.2823673693103],[174.078051924386,-39.2821354592054],[174.078120375684,-39.282023548067],[174.078075904841,-39.2818362113871],[174.0779997309,-39.2817256204646],[174.077928572601,-39.2817262026983],[174.07788777891,-39.2817107181085],[174.077882570042,-39.2816770072155],[174.07792694933,-39.2814701616849],[174.077808441542,-39.2813336353816],[174.077734303434,-39.2812856148645],[174.077602361884,-39.2812603593638],[174.077535633566,-39.2812928348261],[174.077512720738,-39.2812955950769],[174.077497200398,-39.2812724832501],[174.07746150608,-39.2812653185603]]},"properties":{"TechObjectName":"Amc- Humphries Castle Link Route","ObjectType":"Track Visitor"}},{"type":"Feature","geometry":{"type":"LineString","coordinates":[[174.093759259556,-39.2721374802051],[174.093697941946,-39.2722960039856],[174.093646517394,-39.2723627501004],[174.093556660217,-39.272458085578],[174.093473365558,-39.2726141376882],[174.093428418348,-39.2726757255758],[174.093170223938,-39.2729406540944],[174.093109517824,-39.2730431673017],[174.093058131782,-39.273112461892],[174.092789900274,-39.2733647409902],[174.092676262779,-39.2734371678473],[174.092490871983,-39.2735573969283],[174.092370897894,-39.2736209822683],[174.092273314288,-39.2737063144823],[174.09223913255,-39.2737929738406],[174.092187626402,-39.2738546227729],[174.091953435199,-39.2739766026713],[174.091730068215,-39.2741621954881],[174.091515903379,-39.2744126896867],[174.091496491116,-39.2745258060614],[174.091467716809,-39.2745826227395],[174.091377579109,-39.2746905082234],[174.091314517092,-39.2747471677853],[174.091223825494,-39.2748193781556],[174.091194911601,-39.2748578775177],[174.091238186808,-39.2750052899804],[174.091190233667,-39.2750847452597],[174.091156028565,-39.2752048500624],[174.090920863931,-39.2753701626869],[174.090858223632,-39.2753891924767],[174.090797415149,-39.2753775068508],[174.090801671203,-39.2752574646766],[174.090747553537,-39.2751320169529],[174.090606882336,-39.2751140781106],[174.090490405935,-39.2752059887256],[174.090507269963,-39.2752661567651],[174.09048120206,-39.2753526179616],[174.090303805399,-39.2754371083308],[174.090086038913,-39.2755614797744],[174.089776115374,-39.2756637751151],[174.089578412726,-39.2758134434074],[174.089373954584,-39.2759504317764],[174.089224323582,-39.2760282884226],[174.088954105062,-39.2760385056328],[174.088874108236,-39.2760697934194],[174.088698918761,-39.2761912149912],[174.088599947326,-39.2762584034432],[174.088526945204,-39.2764145494844],[174.088530854302,-39.2764552904181],[174.088460224098,-39.2765527966692],[174.088207347695,-39.2768456991331],[174.088142507022,-39.2768259727093],[174.088104007306,-39.2768263108838],[174.087929642947,-39.2768686952029],[174.087523716583,-39.2769127494887],[174.087189469738,-39.2769698940663],[174.086833084711,-39.2770369361398],[174.086460540993,-39.2771194188986],[174.086363739432,-39.2771461221966],[174.086326668681,-39.2771563482021],[174.086303560798,-39.2771463692035],[174.086332281518,-39.2770951300625],[174.086338832145,-39.277067982172],[174.086347690538,-39.2770312714219],[174.086486309283,-39.2768770626556],[174.086540266949,-39.2768404347319],[174.086617957628,-39.2767876959983],[174.0866842578,-39.276742689196],[174.086812695775,-39.2766116277843],[174.08686826387,-39.2765549252724],[174.086994239563,-39.2764314177061],[174.087042157317,-39.2764039169112],[174.087075495998,-39.2763847843019],[174.087123338992,-39.2763255983859],[174.087139846329,-39.2763051776089],[174.087147393091,-39.276301323592],[174.087221181303,-39.2762636406681],[174.087249979773,-39.2762174969692],[174.087316960378,-39.2761810191972],[174.087323777765,-39.2761773062381],[174.087383298267,-39.2761448915942],[174.08743998874,-39.2759939958964],[174.087476481558,-39.2759360926245],[174.087501180096,-39.2758969036945],[174.087580438074,-39.2756751260728],[174.087656882539,-39.2752786302239],[174.08775196053,-39.2746038433943],[174.087826021741,-39.2743499940115],[174.088008068709,-39.2739596421823],[174.088241451173,-39.2736258600195],[174.088311088535,-39.2733827481378],[174.088526397248,-39.2730669627068],[174.088550387037,-39.2728385393939],[174.088538675042,-39.2726746315011],[174.08883687153,-39.2723794635282],[174.088964525184,-39.2723283518553],[174.089247684548,-39.2722472596257],[174.089455578313,-39.2720456413474],[174.089626999812,-39.2718586251039],[174.089770899212,-39.2716718670994],[174.089860312548,-39.2715212748022],[174.089849150107,-39.2713930177552],[174.089873135163,-39.2711645950744],[174.089831913549,-39.2708726010505],[174.089745931546,-39.2706523385913],[174.089769364475,-39.2703882642834],[174.089714466362,-39.2701017468754],[174.089676808982,-39.270039701716],[174.089652688741,-39.2699632669643],[174.089609560488,-39.2698442222933],[174.089546234927,-39.2697538923909],[174.0894882412,-39.2697116472505],[174.089514932325,-39.269657914118],[174.089615226964,-39.2696177533253],[174.089677667937,-39.2695868356709],[174.089927964458,-39.2695640245202],[174.090033968621,-39.2695543640059],[174.090351283938,-39.2694912562171],[174.090700254999,-39.2694525608438],[174.090759337151,-39.2694629922316],[174.091084013873,-39.269592449539],[174.091200716022,-39.2696063135383],[174.09124405361,-39.269623002323],[174.091222343297,-39.2696710223945],[174.091140445503,-39.2697452155493],[174.091171680437,-39.2697991667181],[174.0913427919,-39.2697229786369],[174.091533733752,-39.2697137388633],[174.091679879202,-39.2697143105382],[174.091787586344,-39.2697547044215],[174.091801903696,-39.2698037708076],[174.091766654171,-39.2698833217075],[174.091754674699,-39.2699103559312],[174.091721301502,-39.2699635151686],[174.091733689439,-39.2699897676674],[174.091812948609,-39.2700212743723],[174.091828973207,-39.2700899615656],[174.091874307263,-39.2701324828302],[174.091952699301,-39.2700816703338],[174.092020858155,-39.2700906364311],[174.092161990343,-39.2702399998501],[174.092185631649,-39.2703118359383],[174.09229347732,-39.270334718629],[174.092351170126,-39.270337583413],[174.09250100448,-39.2704564773935],[174.092546209733,-39.2704549836775],[174.092588497898,-39.2703877759155],[174.092678268937,-39.2702982457003],[174.092841765512,-39.2702585811033],[174.092927364438,-39.2702222803788],[174.093095016123,-39.2702033314617],[174.093302277054,-39.2702308421328],[174.093393914219,-39.2702636155599],[174.093492359471,-39.2702718440565],[174.093552868285,-39.2703215585874],[174.093639523767,-39.2703618916512],[174.093693216281,-39.2705039036133],[174.093708153591,-39.2705773907852],[174.093789333638,-39.2705680167873],[174.093840262856,-39.2705203507062],[174.093912483419,-39.270444794077],[174.093977917556,-39.2704083639514],[174.094029233847,-39.2704106498617],[174.094041324742,-39.2704837105013],[174.094120369068,-39.2705387929972],[174.09417662478,-39.2705141627963],[174.09422075316,-39.2705324973806],[174.094225793608,-39.2705345918343],[174.094375366288,-39.2707334576823],[174.094418682218,-39.2707324171093],[174.094455615632,-39.2707106760742],[174.094468992921,-39.2707266054329],[174.094613619593,-39.2708214990095],[174.094649278718,-39.270844216513],[174.094708371124,-39.270881864129],[174.094741328292,-39.2709185220866],[174.094750199138,-39.2709420113305],[174.094739514184,-39.270963596681],[174.094717952399,-39.2709926504635],[174.094681993347,-39.2710411042753],[174.094530394277,-39.2712177767181],[174.09443303585,-39.2712824058631],[174.094286169233,-39.2714316043179],[174.094233013831,-39.271597762056],[174.094027809916,-39.2717908340984],[174.093947038961,-39.2718680506806],[174.093934195214,-39.2719374277658],[174.093824679678,-39.2720119209948],[174.093759259556,-39.2721374802051]]},"properties":{"TechObjectName":"Veronica Loop Tk","ObjectType":"Track Visitor"}},{"type":"Feature","geometry":{"type":"MultiLineString","coordinates":[[[174.090722910606,-39.2841930823335],[174.090755537088,-39.2841849726018],[174.090803212081,-39.2841731230428],[174.090827143839,-39.2841397542719],[174.09101070359,-39.2840207651],[174.091029318037,-39.2840086984906],[174.091187816248,-39.2839508680863],[174.091195909115,-39.283949965065],[174.091330469337,-39.2839349590844],[174.091402734943,-39.2838709002919],[174.091417666129,-39.2838576652344],[174.09223534895,-39.2834982399946],[174.092372524089,-39.2834650429339],[174.0925558733,-39.2833406199224],[174.092901462977,-39.2832986840151],[174.092998875082,-39.2833454914494],[174.093218078813,-39.2833318349645],[174.093370906565,-39.2833137627035],[174.093661768558,-39.2833522407742],[174.093818784484,-39.2833481292363],[174.093918481516,-39.283280320469],[174.094095122975,-39.2832507161211],[174.094583012009,-39.2830581342696],[174.094875038824,-39.2828942178406],[174.094983743569,-39.282795919026],[174.095295761724,-39.282653153304],[174.095456441795,-39.2826417290431],[174.095548345542,-39.2825734407619],[174.095584852187,-39.2825068207557],[174.095671880314,-39.2824853414099],[174.095775457665,-39.2824927816128],[174.095980991833,-39.2823891760423],[174.096180203545,-39.2822397107752],[174.096310799829,-39.2822039471432],[174.096334220337,-39.2822078264263],[174.096423907146,-39.2822226819133],[174.096389684198,-39.2822770226712],[174.096389930199,-39.2823070039893],[174.096500942999,-39.2822983256704],[174.097021027554,-39.2820638303289],[174.097156737576,-39.2819932339919],[174.097418960003,-39.2819081130291],[174.09761837316,-39.2818288097652],[174.097698044031,-39.2817971252966],[174.09776950449,-39.281751518436],[174.097848321131,-39.2816629733911],[174.097999039768,-39.2815469635521],[174.098164762176,-39.2814166473564],[174.098259239061,-39.281331952321],[174.098396979923,-39.2812922281892]],[[174.098396979923,-39.2812922281892],[174.098409490571,-39.2813665718661],[174.09842219214,-39.2813948687301],[174.098435010218,-39.2814234239983],[174.098494957357,-39.2814576347836],[174.09856311558,-39.28152220583],[174.098682290573,-39.2815773668322],[174.098804639196,-39.2815916518623],[174.098919497174,-39.2815936377296],[174.098964258257,-39.2816290061966],[174.099030992752,-39.2816292223667]],[[174.098396979923,-39.2812922281892],[174.098508813009,-39.2812253687631],[174.098535194547,-39.2811920717124],[174.098564567316,-39.2811762152608],[174.098793468721,-39.2811586399192],[174.098893051294,-39.2811363188425],[174.099148504837,-39.2809791947974],[174.099300194924,-39.280946920322],[174.099328461013,-39.2809409064818],[174.099841169457,-39.2806504980489],[174.099964317544,-39.2804767863979],[174.100297376471,-39.2802154373148],[174.10010081228,-39.2798971665147],[174.099908537802,-39.2796998337232],[174.099759658743,-39.2797030485077],[174.099602108112,-39.2797064504232],[174.099472487588,-39.2796872015664],[174.099447787718,-39.2796390434326],[174.099518282002,-39.279552761804],[174.099823700953,-39.2793283932243],[174.099924594882,-39.2791952943925],[174.099979856047,-39.2789007017654],[174.100066440255,-39.2787714602713],[174.100512832166,-39.2785271455688],[174.100906748031,-39.2782963546709],[174.101102903767,-39.2781297825433],[174.101365518062,-39.2779253577914],[174.101472786526,-39.2778173233473],[174.101595354212,-39.2777687031679],[174.101855835356,-39.2775047383782],[174.102193708917,-39.2772130527733],[174.102468396661,-39.2766334777404],[174.102559178599,-39.2764669709678],[174.102579533894,-39.2762378487593],[174.102625757851,-39.276131322093],[174.102746372689,-39.2760305514638],[174.102866855576,-39.2759298900865],[174.103011404837,-39.275794513449],[174.103063065623,-39.2757293468914],[174.103086789804,-39.2756770084572],[174.103120844811,-39.2754817235805],[174.10324713042,-39.2752125132112],[174.103293351562,-39.2751059862964],[174.103404453718,-39.2745558764356],[174.103481303799,-39.2744174193671],[174.103579731921,-39.2742806175154],[174.103612287786,-39.2742188891135],[174.103619820594,-39.274088533501],[174.103762656942,-39.2738824461744],[174.103745517174,-39.2735531749202],[174.103772028673,-39.2734114716403],[174.103717633138,-39.2731495563298],[174.103616711422,-39.2728983189227],[174.103611441791,-39.2727913499934],[174.103633179997,-39.2725743129055],[174.103612311446,-39.2723125455626],[174.103716121791,-39.272099383585],[174.103655114726,-39.2714159663217],[174.103506420536,-39.2709794838641],[174.103574832601,-39.2708508876482],[174.103717772646,-39.2707451999411],[174.103840988647,-39.2705194282402],[174.103857775693,-39.2703685109148],[174.103790302696,-39.2703412321083],[174.103672933063,-39.270338622397],[174.10356338801,-39.2702242655098],[174.103513024093,-39.2700665400831],[174.103517608759,-39.2699008484162],[174.1035558274,-39.2697422834403],[174.103617869856,-39.2696523570808],[174.10376123765,-39.2694806977296],[174.103873467583,-39.2693847116046],[174.103980383621,-39.2691789653309],[174.103906502023,-39.269048450682],[174.103697692704,-39.269016927806],[174.103470546729,-39.2691903118685],[174.103183350507,-39.2691264097285],[174.103052976562,-39.2690974007765],[174.102982916907,-39.2689380856729],[174.102998330595,-39.2689110096693],[174.103020201683,-39.2688725894138],[174.102995064592,-39.2687965185249],[174.102898339507,-39.2687360139496],[174.102816138995,-39.2687354616509],[174.102760715323,-39.268735089111],[174.102510868701,-39.2685717725701],[174.102394543765,-39.2685675090296],[174.101974805823,-39.2685521228898],[174.101912123218,-39.2685247976384],[174.101825995338,-39.2685293358544],[174.101344255794,-39.2688056298607],[174.101071798307,-39.268837985753],[174.100822743614,-39.2691418571025],[174.100725744863,-39.2693698422586],[174.100593793542,-39.2695477037294],[174.100329439349,-39.2699040323915],[174.100087103205,-39.270025439691],[174.099996171005,-39.2701040611895],[174.099854126137,-39.2702268749733],[174.099522811873,-39.2702299193528],[174.099375364268,-39.2702875503992],[174.098996094063,-39.2708472310323],[174.098859327694,-39.270982528432],[174.098723372228,-39.271001219001],[174.09864419282,-39.2709571978415],[174.098605142247,-39.2709588701319],[174.098510654238,-39.2710416553829],[174.09833920641,-39.2711028310524],[174.098237155596,-39.2711716191647],[174.098215989205,-39.2711858870612],[174.098049472959,-39.2712563219431],[174.097939129639,-39.2712928038853],[174.097908777281,-39.2712934766435]]]},"properties":{"TechObjectName":"Maketawa Tk","ObjectType":"Track Visitor"}},{"type":"Feature","geometry":{"type":"LineString","coordinates":[[174.095344326623,-39.2701383966906],[174.095338355737,-39.2701390097148],[174.095307250574,-39.2701299430012],[174.095232828938,-39.2700895402597],[174.095180769786,-39.2700879989338],[174.095102089659,-39.2701149408958],[174.095040569758,-39.2701378811015],[174.095036523517,-39.2701646563302],[174.095052832112,-39.2701815284982],[174.095151308834,-39.2702219330756],[174.09515637805,-39.2702491830322],[174.095147276655,-39.2702769384082],[174.095064162671,-39.2703405465615],[174.095002618515,-39.2704239805881],[174.094905274362,-39.2704782568076]]},"properties":{"TechObjectName":"North Egmont Boardwalk Track","ObjectType":"Track Visitor"}},{"type":"Feature","geometry":{"type":"LineString","coordinates":[[174.09983344867,-39.2569908795275],[174.09978785492,-39.2569708028632],[174.099607633782,-39.2569155819904],[174.099541970127,-39.2568528753553],[174.099428883563,-39.2565149597796],[174.099341399858,-39.2564356956648],[174.099182615332,-39.2563580884862],[174.098922659169,-39.2563148571964],[174.098703028817,-39.2562023919572],[174.098553756989,-39.2561637462136],[174.098341629404,-39.2560800705421],[174.098264292947,-39.2560752124601],[174.098049310255,-39.2557317372408],[174.098050574735,-39.2557036563123],[174.098056943436,-39.2555622825886],[174.098142290035,-39.2553956011404],[174.098097663477,-39.255299169433],[174.098167256052,-39.2551532348131],[174.098118362081,-39.255090369197],[174.09816481549,-39.2549968035874],[174.098176805652,-39.2548439612642],[174.098046122892,-39.2547595169258],[174.09805787971,-39.2545917759309],[174.098130783082,-39.2544649477749],[174.098136414082,-39.2540976349348],[174.098218473852,-39.2539830712414],[174.09817882569,-39.253745038293],[174.098301403864,-39.2536172297508],[174.098331708459,-39.2531028802418],[174.098439827014,-39.2529696195306],[174.098371248782,-39.2528734138074],[174.098379405647,-39.25278207179],[174.09850099374,-39.2525909447448],[174.098384063741,-39.2524616692593],[174.098290574916,-39.252462551015],[174.098152303003,-39.2519818222164],[174.098143850566,-39.2518101799826],[174.098169895383,-39.2517542639832],[174.098112580467,-39.2516484330322],[174.098052139218,-39.2516288795109],[174.097879325142,-39.2514561963644],[174.097824585946,-39.2514225206634],[174.097698463221,-39.2514599539528],[174.097629564065,-39.2514159935371],[174.097468132549,-39.2513158966732],[174.097096237895,-39.2510960993142],[174.096877625294,-39.2509341326441],[174.096558368461,-39.250723118681],[174.096359727552,-39.2505484444797],[174.096175031967,-39.2502979583277],[174.096168364015,-39.2502875597436],[174.096120501888,-39.2502129210154],[174.096059424153,-39.2502125155351],[174.095970051895,-39.2502764212142],[174.095932135369,-39.2503035333315],[174.095404194127,-39.2504577599186],[174.095393256328,-39.2504609552533],[174.095071528535,-39.250318420526],[174.09494086219,-39.2498455851073],[174.095146822944,-39.2494335021865],[174.09511627603,-39.2492313807683],[174.094836391866,-39.2488399203816],[174.094460656216,-39.2484811713087],[174.094113405797,-39.2480104925991],[174.094105930111,-39.2476961725417],[174.093551023753,-39.2472539530141],[174.093533471229,-39.2472493602154],[174.093000755337,-39.2471099746881],[174.092347177987,-39.2473717821975],[174.092037177969,-39.2474558330962],[174.091746863262,-39.2475345454417],[174.091629349192,-39.2474664020529],[174.09156238272,-39.247488450762],[174.091576195802,-39.2476204272339],[174.091533633705,-39.2476697017041],[174.091479901234,-39.2477687538261],[174.091499336107,-39.2479177158361],[174.091393375319,-39.2479320248483],[174.091325314814,-39.2478583302738],[174.091260583155,-39.2475982688636],[174.091413137086,-39.2474391322592],[174.091428527512,-39.2473271298889],[174.091375133756,-39.2471971291252],[174.09148183526,-39.2470096997932],[174.09150543424,-39.2467644566605],[174.091720899139,-39.2465227412267],[174.091881842037,-39.2464314593093],[174.092026477185,-39.246349425435],[174.09188420397,-39.2460098597083],[174.091690451915,-39.2458402035412],[174.091523086033,-39.2456936499246],[174.091195971508,-39.2458032473815],[174.091005842665,-39.245911559783],[174.09025787078,-39.2453859073868],[174.089372544939,-39.2449893726778],[174.08908522737,-39.2448578003738],[174.088927357445,-39.2445921703383],[174.088439369769,-39.2442361691978],[174.088310312139,-39.2441437150086],[174.088299105541,-39.2440317056144],[174.088410605874,-39.2439836550373],[174.088399262208,-39.2439145160039],[174.088169241454,-39.2438793794194],[174.088010806331,-39.2438222670331],[174.087716377133,-39.2438303444355],[174.08748268532,-39.2437792603878],[174.087263677857,-39.2437919585383],[174.086775501892,-39.2436740044926],[174.086035142957,-39.2436382978332],[174.085789888551,-39.2437258101338],[174.085569075752,-39.2436213374873],[174.085323657788,-39.243698197038],[174.084814363075,-39.2435431445739],[174.084540727522,-39.2435669997417],[174.084209839431,-39.2434315896475],[174.08377133446,-39.243425017891],[174.083576610921,-39.2432350731781],[174.083599762845,-39.2429947436338],[174.083600236512,-39.2429898311228],[174.083885109212,-39.2428060759292],[174.084159070055,-39.2428035258789],[174.084252988361,-39.2426748137633],[174.084456981427,-39.2425770365214],[174.084800087341,-39.2426164533695],[174.084930174413,-39.2421678093748],[174.084871773182,-39.241933984459],[174.085114723631,-39.2416973511791],[174.085138508757,-39.2414627605893],[174.084997263609,-39.2411870943853],[174.084665893801,-39.2410197309737],[174.084497584999,-39.2407656218846],[174.08442466862,-39.2404786662367],[174.084476834125,-39.24030772947],[174.084622299271,-39.2401905220924],[174.084673562845,-39.2401833866843],[174.084756802836,-39.2401399981914],[174.084831667867,-39.2401086736293],[174.084819590089,-39.2399916016133],[174.084879547153,-39.239881847443],[174.084825182345,-39.2397929491921],[174.084869399614,-39.2396954105129],[174.08502399856,-39.2396429825805],[174.085100926416,-39.2395793056788],[174.085009841511,-39.2395256650344],[174.08493785924,-39.2394660732346],[174.084850796126,-39.2394568644051],[174.084600449648,-39.2395118165597],[174.084347356189,-39.2395725362472],[174.084069265011,-39.2397509023772],[174.083707138466,-39.2402549706122],[174.083503641457,-39.2403847018428],[174.083312940301,-39.2404557209828],[174.082897159861,-39.2410348588621],[174.082544786735,-39.2412831571325],[174.08189659838,-39.2414489772518],[174.081601463296,-39.2418565386489],[174.081691177676,-39.2423457509291],[174.081901882916,-39.2426846947817],[174.082066422679,-39.2426938185112],[174.082234236455,-39.2429159757575],[174.081879323288,-39.2432240119146],[174.080583963075,-39.2434000384803],[174.079912286036,-39.2435736191798],[174.079301233185,-39.2437315278241],[174.078430745935,-39.24414441187],[174.077812916958,-39.2446914997657],[174.077158015364,-39.2448538722184],[174.076761752484,-39.2448646785299],[174.075674748524,-39.2448943147129],[174.074566477409,-39.2451833627858],[174.073433394556,-39.2452558965909],[174.072006520373,-39.2452443920182],[174.071341225798,-39.245239021988],[174.07076314747,-39.2453443973517],[174.070249265622,-39.2452227095928],[174.068689325174,-39.2450118918427],[174.068612090516,-39.2449759334809],[174.068253206355,-39.2448088443076],[174.067913925846,-39.2448272479523],[174.067794272734,-39.2447206208293],[174.067523349316,-39.2446924719184],[174.06697471907,-39.2445724433644],[174.06598296616,-39.2441086529508],[174.065676553438,-39.2441126898743],[174.064701956914,-39.2434748859793],[174.06445645667,-39.243430357567],[174.064004809956,-39.2431955471393],[174.063695589024,-39.2431660821051],[174.063306635497,-39.2432732521372],[174.063071030452,-39.2431896503039],[174.062675223536,-39.2433749627249],[174.061942820472,-39.2433321451386],[174.061526259448,-39.243266481364],[174.061327951644,-39.2430840656436],[174.061184505293,-39.2430174846318],[174.060815542876,-39.2426665420111],[174.060755995285,-39.2425717298947],[174.060550855563,-39.2422451015996],[174.06078644475,-39.241759804746],[174.060842182586,-39.2416449867795],[174.060752505796,-39.2414424652019],[174.060611577932,-39.2412826379069],[174.060356086228,-39.2412044459101],[174.060262697002,-39.2412233120925],[174.060247384348,-39.2412264051949],[174.059741977495,-39.2411189989594],[174.059745281842,-39.2410058543199],[174.059747194145,-39.2409403491549],[174.058747009694,-39.2404277838971],[174.058303501945,-39.2402674548154],[174.057870927535,-39.2399567672129],[174.057772937437,-39.2398413591655],[174.057565147758,-39.2397489260747],[174.05739872647,-39.2397442594519],[174.057182302539,-39.239705846475],[174.057067965544,-39.2396855524243],[174.057042774918,-39.2396314358733],[174.057032356961,-39.2396090550991],[174.056681723344,-39.2393603380859],[174.056486117398,-39.2390772959824],[174.056463329086,-39.2390443199816],[174.056463411524,-39.2390328216098],[174.05646407241,-39.2389406949566],[174.056370797642,-39.2388514162339],[174.056251957672,-39.238737666523],[174.05607074483,-39.2385650280298],[174.055617447826,-39.2379407760454],[174.055494261945,-39.2378454205769],[174.055439894177,-39.2377452414684],[174.055309984609,-39.2375058659581],[174.055150743625,-39.2374572859645],[174.054737811864,-39.2370358348029],[174.054397707679,-39.2368097402914],[174.05431781365,-39.2366725902229],[174.054249702747,-39.2366419775606],[174.053965010137,-39.2365140218997],[174.053801201872,-39.2363108166064],[174.053700511604,-39.2361859096526],[174.053517093273,-39.23600865101],[174.053315907073,-39.2358142198103]]},"properties":{"TechObjectName":"Kaiauai Track","ObjectType":"Track Visitor"}}]}