{"type":"FeatureCollection","crs":{"type":"name","properties":{"name":"EPSG:4326"}},"features":[{"type":"Feature","geometry":{"type":"LineString","coordinates":[[175.653071996699,-39.1080310100089],[175.653077093262,-39.1080204829165],[175.653112869895,-39.108009950853],[175.653141373799,-39.107994999623],[175.653156980336,-39.1079624642538],[175.653155818729,-39.1079315026707],[175.653193011874,-39.1078627199865],[175.653181106985,-39.1078308120529],[175.653172213316,-39.1077976427235],[175.653174019428,-39.1077642297204],[175.653201854208,-39.1077314158622],[175.65323521168,-39.1077235055768],[175.653294016946,-39.1077007127162],[175.653351517049,-39.1076839091359],[175.65341032112,-39.1076611171452],[175.653462387738,-39.1076217917424],[175.653504656414,-39.1075660044456],[175.653527413859,-39.1075201959704],[175.6535428861,-39.1074840887597],[175.653552065424,-39.1074433563118],[175.653572435997,-39.1074154800456],[175.653569522306,-39.1073785996902],[175.65358756001,-39.1073293229541],[175.653582984887,-39.1072889046907],[175.65358339518,-39.1072590992247],[175.653592977788,-39.1072290848394],[175.653600986021,-39.1071979143963],[175.653597982959,-39.1071586522423],[175.653607386805,-39.1071238742597],[175.653606001607,-39.1070869581879],[175.65358820525,-39.1070782885738],[175.653552650137,-39.1070512266547],[175.653526631069,-39.1070101048928],[175.653518461603,-39.1069554654877],[175.653513215172,-39.106897184655],[175.653508193328,-39.1068448582912],[175.653478983283,-39.1068002334442],[175.653454224777,-39.1067519314503],[175.653444394033,-39.106693755024],[175.653422245832,-39.1066334753005],[175.653392633835,-39.1065781332311],[175.65338581436,-39.1065186962977],[175.653404978419,-39.1064586675795],[175.653432321141,-39.1064127546878],[175.653450269403,-39.1063610970722],[175.653471318147,-39.1063105598534],[175.653529720064,-39.1062770497178],[175.653596935513,-39.1062338043718],[175.653637540754,-39.1061744791641],[175.653660387085,-39.1061310524702],[175.653684305778,-39.1061162055536],[175.653716089248,-39.1061071390733],[175.653770933111,-39.106101122155],[175.653818046234,-39.1060928974752],[175.653866061116,-39.1060679671982],[175.653877037904,-39.1060343452783],[175.653825437879,-39.1060045326448],[175.653772489301,-39.1059795183742],[175.653770224381,-39.1059789717549],[175.653600635592,-39.10593289842],[175.653588051322,-39.1059236506158],[175.653551174227,-39.105893543956],[175.653546525451,-39.105876922458],[175.653545631858,-39.1058531062702],[175.653553730512,-39.1058243176009],[175.653570641513,-39.1057857928775],[175.653609127879,-39.1057515452991],[175.653641681213,-39.1057221987139],[175.653680168666,-39.1056879510878],[175.653684672923,-39.1056449421769],[175.65367739837,-39.1056141198304],[175.653647563228,-39.1055528233124],[175.653615565956,-39.1055154134755],[175.653589681484,-39.1054778634978],[175.653554359207,-39.1054333778728],[175.653516248091,-39.1053961072589],[175.653485811802,-39.1053744414452],[175.653440293997,-39.1053287095862],[175.653318219826,-39.105255212531],[175.653237224315,-39.1052165337494],[175.653093072652,-39.1051009761671],[175.653057877208,-39.1050842709714],[175.653032065869,-39.1050486273456],[175.653013732539,-39.1050166261199],[175.652997773575,-39.1049826644755],[175.652971889668,-39.1049451152395],[175.652946220165,-39.1049132810573],[175.652900130214,-39.1048590293898],[175.652876763644,-39.1048233291561],[175.652844917438,-39.1047573114379],[175.652835937475,-39.1047136555142],[175.652828903073,-39.1046566072545],[175.652777421557,-39.1045891293648],[175.652759962073,-39.1045151559442],[175.652742002378,-39.1044278449736],[175.652730792298,-39.1043899606609],[175.652720812831,-39.1043495257499],[175.652715732552,-39.1042820841136],[175.652709370515,-39.1041940324776],[175.65267549737,-39.104106607238],[175.652663201394,-39.1040234583754],[175.652665186412,-39.1039948089583],[175.652647491219,-39.1039308519055],[175.652614958152,-39.1038791518586],[175.652588004142,-39.1038130217661],[175.652583806043,-39.103701084295],[175.652584692647,-39.1036898548574],[175.652586795266,-39.1036829005293],[175.6526027774,-39.1036196064572],[175.652623296355,-39.1035304661877],[175.652663882871,-39.1034380085835],[175.652741096014,-39.1033432863491],[175.652818523375,-39.1032542809325],[175.652880945715,-39.1032056621481],[175.652907985183,-39.1031435469155],[175.652898713382,-39.1031108474173],[175.652879730799,-39.1030951838154],[175.65286873228,-39.1030757905865],[175.652858383675,-39.103044561581],[175.652842693283,-39.1030177452911],[175.652836547523,-39.1030007226959],[175.6528210715,-39.1029796214655],[175.652800307272,-39.1029643614885],[175.65277037363,-39.1029493111912],[175.652744397183,-39.1029360915464],[175.652692702225,-39.1029339171635],[175.652639195061,-39.102926554175],[175.65257306365,-39.1029251994329],[175.652521710315,-39.1029263686201],[175.652502447827,-39.1029511203143],[175.65245891397,-39.1029649837988],[175.652435759713,-39.1029749733116],[175.652386143142,-39.102982373306],[175.652306089809,-39.1030013583185],[175.652251497068,-39.1030140428241],[175.652206076086,-39.1030265185134],[175.652142367398,-39.1030408402495],[175.652082595782,-39.1030622238367],[175.652033451995,-39.1030733544424],[175.651978753139,-39.1030831808138],[175.65190496406,-39.1030734187334],[175.651846114953,-39.1030704671574],[175.651756408563,-39.1030768000594],[175.651642409888,-39.1030903751168],[175.651625614148,-39.1030983692606],[175.65158654131,-39.1030992585365],[175.651503140994,-39.1031269004438],[175.651435216266,-39.1031756437228],[175.651368107087,-39.1031971939341],[175.651299378692,-39.1032245018014],[175.651234907502,-39.1032674455277],[175.65119201591,-39.1032984555644],[175.65113062342,-39.103325596398],[175.651074893064,-39.1033568994436],[175.651044250914,-39.1033718988146],[175.650962737034,-39.1034009271754],[175.650912562727,-39.1034335334833],[175.65087706059,-39.1034658068324],[175.65085040774,-39.1034892966531],[175.650798612941,-39.1035276606301],[175.650765533215,-39.1035756098057],[175.65075878624,-39.1035914960925],[175.650719722977,-39.1036267099404],[175.650689241279,-39.1036459957533],[175.650663122683,-39.1036837754926],[175.650656696998,-39.1037082357332],[175.650659656253,-39.1037382032995],[175.650650205113,-39.1037798940108],[175.650644807366,-39.1037879097826],[175.650648598176,-39.1038405904602],[175.65064021206,-39.103864265554],[175.650613954769,-39.1038820254762],[175.650577845336,-39.1038981031883],[175.65053879026,-39.1039008980614],[175.650518727819,-39.1038880064475],[175.650496148174,-39.1038732639464],[175.650480833295,-39.1038564498202],[175.650467432923,-39.1038090806563],[175.65045557193,-39.1037864671048],[175.650435410931,-39.103738298564],[175.650426736096,-39.1037027410714],[175.650421675762,-39.1036656706884],[175.650418609514,-39.1036328451252],[175.650422612807,-39.1035927081267],[175.650428824369,-39.1035625319224],[175.650429586839,-39.1035339103434],[175.650422693075,-39.1034968816689],[175.650416173019,-39.1034698564242],[175.650413268605,-39.1034413182638],[175.650412197639,-39.1034127383938],[175.650420242638,-39.10338252048],[175.650419653623,-39.1033668020014],[175.650430885857,-39.1033236392237],[175.650428140953,-39.10329938852],[175.650426962889,-39.1032679506625],[175.650425891924,-39.1032393707918],[175.650441167028,-39.1032061279726],[175.650455196577,-39.1031886462667],[175.650470898928,-39.1031668363187],[175.650469292425,-39.1031239656133],[175.650462934179,-39.1031012268734],[175.650463589544,-39.1030697473058],[175.650466186596,-39.1030410839889],[175.650488958354,-39.1030119617026],[175.650496789121,-39.1029760287104],[175.650501274279,-39.1029487521997],[175.65049950714,-39.1029015949632],[175.650507712721,-39.102875664475],[175.650541434922,-39.1028448632947],[175.650578557338,-39.1028068332388],[175.650579051988,-39.1027710662405],[175.650566709219,-39.1027355922006],[175.650585491533,-39.1026979793867],[175.650588142064,-39.102670744611],[175.6506038978,-39.1026503631921],[175.650624888338,-39.1026227111653],[175.650613348821,-39.1026086715814],[175.650605370209,-39.1025916905596],[175.65059933328,-39.102577525786],[175.650578516098,-39.1025608368479],[175.650574851076,-39.1025325205016],[175.650578921464,-39.1025226871422],[175.650574647779,-39.1025065768048],[175.650566026594,-39.1024724478566],[175.650539599785,-39.1024530261082],[175.65052061723,-39.1024362954207],[175.650547485168,-39.1024185216298],[175.650575704548,-39.1023878447298],[175.650605115907,-39.1023399790634],[175.65062514245,-39.1022866051546],[175.650650295523,-39.1022231035757],[175.650661366837,-39.1021756542488],[175.650674378685,-39.1021310220957],[175.650680215205,-39.1020908433747],[175.650684820025,-39.1020177973521],[175.650720601986,-39.1019440420019],[175.650749035353,-39.1019190819409],[175.650759292189,-39.1019095105332],[175.650762634016,-39.1019029766991],[175.650798780279,-39.1018750437829],[175.650837790168,-39.101838400464],[175.650872381172,-39.1017818356092],[175.6508982836,-39.1017383389928],[175.650919327342,-39.1017121163657],[175.650943664148,-39.1016758077733],[175.65096978191,-39.1016380279902],[175.650986943421,-39.1016061728387],[175.65099115941,-39.1015717518228],[175.651004545804,-39.1015371212426],[175.650990583906,-39.1015074049311],[175.650942579301,-39.1014999159411],[175.650905310746,-39.1014850311423],[175.650879206712,-39.1014741833928],[175.650801430181,-39.1014559300429],[175.650734763457,-39.1014402842981],[175.650664644174,-39.1014304379123],[175.650610817024,-39.101414499981],[175.650525918926,-39.101402129313],[175.650511140074,-39.101399605105],[175.650451862899,-39.1013852217485],[175.650380070923,-39.1013797034282],[175.650313512592,-39.1013669153983],[175.650248894756,-39.1013569436128],[175.650162215786,-39.1013460438506],[175.65008109281,-39.1013364465074],[175.650045712609,-39.1013229491398],[175.64996270164,-39.1013119657965],[175.649934438864,-39.1013117284307],[175.649819623068,-39.1013251238594],[175.649724606893,-39.1013259622967],[175.649612466533,-39.1013213611365],[175.64950960369,-39.1013194102126],[175.649408146014,-39.1013059846443],[175.649323408791,-39.1012979005234],[175.649248054902,-39.101295322923],[175.649117308485,-39.1012839937521],[175.649051888122,-39.1012525868102],[175.649017271213,-39.1012104675227],[175.648995009877,-39.1011551949375],[175.648965413875,-39.1011000891114],[175.648903126544,-39.1010543087233],[175.648858805468,-39.1009981078923],[175.648822033197,-39.1009474562703],[175.648794110256,-39.1008880212711],[175.648811662356,-39.1008175422591],[175.64881156934,-39.100766056721],[175.648764611331,-39.10068846216],[175.648715250634,-39.1006772822655],[175.648704766922,-39.1006357773143],[175.648696093386,-39.1006002187326],[175.6486875804,-39.1005689475884],[175.648675346032,-39.1005363312825],[175.648665374228,-39.1005151043389],[175.648649311444,-39.1004782839755],[175.648631414153,-39.1004415053141],[175.648613304011,-39.1003990106375],[175.648612126875,-39.1003675727181],[175.648613761533,-39.1003131874739],[175.648614310754,-39.100278849883],[175.648628783553,-39.1002241718837],[175.648634300108,-39.1001754192406],[175.648630542963,-39.1001422083997],[175.648628675978,-39.1001341263332],[175.648626211219,-39.1001091529666],[175.64861457738,-39.1000843889439],[175.648602541079,-39.1000489067977],[175.648601783107,-39.1000286632067],[175.648603769755,-39.1000000137884],[175.648602565879,-39.0999678611434],[175.648606259264,-39.0999439406017],[175.64861467151,-39.0999234876413],[175.648613824322,-39.0999008613391],[175.648603896106,-39.0998808262163],[175.64858070411,-39.0998742019257],[175.648548343064,-39.0998677869682],[175.648496114286,-39.0998618227393],[175.648420871922,-39.0998539986858],[175.64837444343,-39.0998395600195],[175.64835404073,-39.0998257216654],[175.648328740821,-39.0998036511908],[175.64829679364,-39.0997674305781],[175.648277785595,-39.0997499847515],[175.648267322516,-39.0997156596265],[175.648260318536,-39.0996919813456],[175.648246664984,-39.0996541529805],[175.648234037929,-39.0996437127201],[175.648194136947,-39.0995993294313],[175.648172295151,-39.099587907592],[175.648146950836,-39.0995646470665],[175.648127586263,-39.0995376748644],[175.648124721666,-39.0995019841985],[175.648129630337,-39.099469692612],[175.648142269994,-39.0994396091458],[175.648154286714,-39.0993928547695],[175.648166034738,-39.0993389540827],[175.648166359452,-39.0993067666841],[175.648143849061,-39.0992774821465],[175.648110507607,-39.0992448689245],[175.648091098561,-39.0992167058054],[175.648073351598,-39.0991920797633],[175.648057087306,-39.0991662290013],[175.64804230796,-39.0991391525674],[175.648025465349,-39.0990978208944],[175.648008934778,-39.0990648246608],[175.648014155536,-39.0990408694193],[175.648020950349,-39.0990180694209],[175.648019301022,-39.0989740085939],[175.648013824444,-39.09895029648],[175.648004980266,-39.0989183174685],[175.64800759122,-39.0989063398346],[175.648027100876,-39.0988963610661],[175.648059328883,-39.0988992043419],[175.648113620207,-39.0989194240285],[175.648161619818,-39.0989350190177],[175.648180272107,-39.0989429375998],[175.64823250015,-39.0989489010953],[175.648281136557,-39.0989406449762],[175.648381102236,-39.0989383726953],[175.64838279978,-39.0989352907953],[175.648403264196,-39.098934293171],[175.648432077713,-39.0989276795054],[175.648468354612,-39.0989161275989],[175.648495730091,-39.0989119304453],[175.648508859928,-39.0988949460082],[175.648509630332,-39.0988746667688],[175.64851615748,-39.0988447222128],[175.648519849702,-39.098820801697],[175.648520352614,-39.0987933779234],[175.648508273185,-39.0987567048191],[175.648461189175,-39.0986838806365],[175.648411438438,-39.0986623668789],[175.6484000213,-39.0986570632131],[175.648335528607,-39.0986366791362],[175.648306268275,-39.0986313855416],[175.648262675557,-39.0986109227636],[175.648227566906,-39.0985881094219],[175.648221157702,-39.0985641932849],[175.648223366218,-39.098541497519],[175.648236096009,-39.0985137958313],[175.648241049168,-39.0984826951454],[175.648240425053,-39.098466023361],[175.648224474077,-39.0984485080318],[175.64819450172,-39.0984241607826],[175.648175583241,-39.0984090967345],[175.648136039676,-39.0983742406413],[175.648107549955,-39.0983486668497],[175.648098925842,-39.0983441861788],[175.648063510594,-39.0983162967526],[175.648048998879,-39.0982963648473],[175.64804095716,-39.0982858212458],[175.648037365573,-39.0982716007429],[175.648049368246,-39.0982653683485],[175.648092649789,-39.0982774948471],[175.648134670485,-39.0982968015035],[175.648174717057,-39.0983042338205],[175.648202224876,-39.0983036085875],[175.648232477338,-39.0982945784284],[175.648273116097,-39.0982769687455],[175.648301529275,-39.0982596369397],[175.648344053001,-39.0982515197418],[175.648403430686,-39.0982442104388],[175.648467840384,-39.0982487059133],[175.648500557329,-39.0982646472671],[175.648537681028,-39.0982757225604],[175.648560917041,-39.0982835368851],[175.648587254326,-39.0982924726241],[175.648621365927,-39.0983048073818],[175.648655299218,-39.0983123794066],[175.648678579844,-39.0983213846126],[175.648719027784,-39.0983395348905],[175.648762532427,-39.0983576156623],[175.648793587405,-39.0983700198586],[175.648815518091,-39.0983838234039],[175.648849986476,-39.0984056844353],[175.648885671109,-39.0984191752705],[175.648955334884,-39.0984414289074],[175.649007339659,-39.0984414384399],[175.649034312404,-39.0984265230455],[175.649049016117,-39.0984106946835],[175.649063361903,-39.098385339104],[175.649112723447,-39.0983556125098],[175.649139072969,-39.0983240252936],[175.649170999533,-39.0982780091327],[175.649202346354,-39.0982165129973],[175.649249834687,-39.0981367710345],[175.649279431175,-39.0980693541813],[175.649282459697,-39.098037474677],[175.649301073919,-39.0979774473429],[175.649334944422,-39.0977383086271],[175.649344430115,-39.0975831524324],[175.649368102307,-39.0974801153917],[175.649396972884,-39.0974341686607],[175.649552161419,-39.0973305247291],[175.649599192053,-39.0972793972956],[175.649612422454,-39.0972242717348],[175.649620633772,-39.0971168185662],[175.649646981197,-39.0968720380873],[175.649693070722,-39.096747606005],[175.649721074481,-39.0966459001444],[175.649743190394,-39.0965176311679],[175.649765715245,-39.096465631223],[175.649781617184,-39.0964328517062],[175.649786830814,-39.096310687974],[175.649789670313,-39.0961904854852],[175.649774662001,-39.0961164557249],[175.64972083508,-39.0959860993517],[175.649677788214,-39.0958821957088],[175.649623677422,-39.095744218534],[175.649592072211,-39.0956190784925],[175.649583050826,-39.0955833611906],[175.649551114501,-39.0955055928276],[175.649534802787,-39.0954621032843],[175.649523452286,-39.0954204090714],[175.649536072973,-39.0952999832415],[175.649540163715,-39.0950824977661],[175.649444201477,-39.0949378440855],[175.649354129434,-39.0948197543042],[175.649285187402,-39.0947431363257],[175.649243212221,-39.0946678132942],[175.649219280381,-39.0946168697558],[175.649212962604,-39.0945788737742],[175.649210964992,-39.0945255242501],[175.649200186745,-39.0944990722973],[175.649180502651,-39.0944308696016],[175.649170577029,-39.0944272807778],[175.649121107913,-39.0944131502382],[175.649074009439,-39.0943970585257],[175.649045830144,-39.0943633740835],[175.649027216301,-39.0943237513008],[175.649023344098,-39.0942856997037],[175.649022559401,-39.0942647413758],[175.649033786708,-39.0942377890898],[175.649045084167,-39.0942127415588],[175.649077104106,-39.094152897746],[175.649076248047,-39.0941300337887],[175.649069573727,-39.0940825114434],[175.649063471296,-39.0940502323095],[175.64905212131,-39.0940085371241],[175.649034954292,-39.0939421844198],[175.649018714655,-39.0939006004004],[175.649007436071,-39.0938608108379],[175.648984289378,-39.0938308255597],[175.648983647364,-39.0938136775895],[175.649004368634,-39.0937788813484],[175.649003441264,-39.0937541117582],[175.649017184116,-39.0937290095326],[175.649016256743,-39.0937042399425],[175.649012385753,-39.0936661883138],[175.649008798999,-39.0936357592312],[175.64900996038,-39.0936014076925],[175.64904198888,-39.093560171339],[175.649078516345,-39.0935207102095],[175.649094943174,-39.0934202217506],[175.649108236278,-39.0933341057767],[175.649138691082,-39.0932161357965],[175.649107186661,-39.0930609583209],[175.649107605786,-39.0929250780094],[175.649177278234,-39.0927761823003],[175.649223258724,-39.0926807418108],[175.64940535358,-39.0924463364217],[175.649721260508,-39.0920115182115],[175.649824955795,-39.0918890220063],[175.650050079106,-39.0916765204827],[175.6502495826,-39.0914660310447],[175.650333907688,-39.0913654286482],[175.650348537146,-39.0913150379351],[175.650358790061,-39.091294781718],[175.650397900555,-39.0912609966998],[175.65052622091,-39.0912080206703],[175.650570351232,-39.0911612499273],[175.650596410933,-39.091122040874],[175.65062991363,-39.091085522922],[175.650694428066,-39.0910440092673],[175.650711855074,-39.0910192996202],[175.650830390402,-39.0908521278462],[175.65093144482,-39.0907082370988],[175.651081273481,-39.0904945862483],[175.651118937691,-39.090422218572],[175.651180733526,-39.0902591978672],[175.651275241791,-39.0899895969386],[175.651352362628,-39.089794762719],[175.651401523893,-39.0896863775319],[175.651402246427,-39.0896076997643],[175.65139682487,-39.0895119983367],[175.651362828223,-39.0893883428569],[175.651292119001,-39.0892154656976],[175.65121794188,-39.0890970155376],[175.651145613223,-39.0889298950794],[175.651070256737,-39.0888046660804],[175.65089387869,-39.0885298975373],[175.650824340179,-39.0883880013665],[175.650785044684,-39.0883188143831],[175.650780855291,-39.0882559802522],[175.650827152189,-39.0881691141203],[175.650919195003,-39.0880297194868],[175.651084999247,-39.087752775718],[175.65125199282,-39.0874586411802],[175.651321816541,-39.0873140309441],[175.651359746658,-39.0872488077534],[175.651436182926,-39.087182709236],[175.651564240138,-39.0870739592975],[175.651649629226,-39.0870019351487],[175.651772119515,-39.0869405083036],[175.651910949556,-39.0868744192564],[175.652011595819,-39.0868177804121],[175.652058627714,-39.0867995473702],[175.652117463211,-39.0868024984134],[175.652182602238,-39.0868267605163],[175.652215660393,-39.0868274378147],[175.652235294925,-39.0868126887468],[175.652223395172,-39.0867400182217],[175.652195100892,-39.0866705821948],[175.652119093319,-39.0865521733185],[175.65202905883,-39.0864512471221],[175.651978708359,-39.0863808823753],[175.651861371783,-39.086334925588],[175.651753632156,-39.0863001919911],[175.651645839073,-39.0862640288443],[175.651529145348,-39.0862352196638],[175.651360843953,-39.0862004340633],[175.651254885357,-39.0861642288065],[175.651090465474,-39.0861350744507],[175.650982512388,-39.0860946241275],[175.650858431383,-39.0860645525724],[175.650763366454,-39.0860252385979],[175.650659951637,-39.0859589408574],[175.650607327228,-39.0859258128116],[175.650521162312,-39.0858791455515],[175.650435640847,-39.0858496261707],[175.65036986115,-39.0858082159608],[175.650365297788,-39.0857353783375],[175.650418699278,-39.085691257205],[175.650474791092,-39.0856699582938],[175.650565666436,-39.0856464374523],[175.650672013015,-39.0856440182696],[175.650864162892,-39.0856296359238],[175.650985124363,-39.0856254532971],[175.651171238697,-39.0855969056117],[175.651427562249,-39.085581061286],[175.651659889375,-39.0855614722925],[175.651866974895,-39.0855538990265],[175.652075452592,-39.0855834792888],[175.652270934318,-39.0856090648006],[175.652402295727,-39.085637539362],[175.652520071942,-39.0856463000292],[175.652693229853,-39.0856638108256],[175.652884028297,-39.0856623282949],[175.653091112668,-39.0856547519725],[175.653227451539,-39.0856201828271],[175.653363790269,-39.0855856135265],[175.653491121251,-39.0855555402929],[175.653598605036,-39.0855344993021],[175.653682519894,-39.0855211465058],[175.653777328873,-39.085504685105],[175.653897539638,-39.0854804944515],[175.654012625326,-39.0854664314595],[175.654081871596,-39.0854534124857],[175.654139527032,-39.0854249246839],[175.654152319791,-39.0853745753352],[175.654157135303,-39.085307246024],[175.654150681571,-39.0852330218858],[175.654102914298,-39.0851826213206],[175.654029910822,-39.0851262044022],[175.654029837296,-39.085126124093],[175.653917234803,-39.0850595619437],[175.653842285659,-39.0850183625549],[175.653755022927,-39.0849750597176],[175.653611683738,-39.0849044296054],[175.653506710962,-39.084878215886],[175.653376756141,-39.0848382688107],[175.653250036089,-39.0848030147122],[175.653137970496,-39.0847507417118],[175.653044149964,-39.0846956693433],[175.652919861489,-39.0846436735267],[175.65284194654,-39.0846049248449],[175.652690601179,-39.0845654639881],[175.652588417485,-39.0845320344086],[175.652344414176,-39.0844684619478],[175.652236497254,-39.0843636518122],[175.6521408942,-39.0842609460391],[175.652082497268,-39.0841716946104],[175.651938914433,-39.0840128711892],[175.651840702376,-39.0839221419408],[175.651778268537,-39.0838067617596],[175.651788641057,-39.0836754224965],[175.651814559095,-39.0835508800718],[175.651902575785,-39.0834511457307],[175.651996096801,-39.0833988286538],[175.6520722837,-39.083382128516],[175.652203140918,-39.0833918630265],[175.652320155527,-39.0834130370766],[175.652409488548,-39.083430072546],[175.652501163628,-39.0834279856984],[175.652614141666,-39.0834230308802],[175.652680387769,-39.083395301417],[175.652707266022,-39.0833780035263],[175.652739630352,-39.0833438956428],[175.652755339756,-39.0833258555896],[175.65278799561,-39.0832497787726],[175.652829628895,-39.0831710614651],[175.652876850891,-39.0830339569258],[175.652953927395,-39.0828908454948],[175.653022780412,-39.0828466407729],[175.65314614837,-39.0828114382467],[175.653304084162,-39.0827923858111],[175.653406713375,-39.0827721420838],[175.653643850716,-39.0827440683243],[175.65383835133,-39.0827110343806],[175.654109979808,-39.0826142670739],[175.654190700722,-39.0825647542891],[175.654218579015,-39.0824926085246],[175.654227408046,-39.0824018268388],[175.654248639594,-39.0823155303214],[175.654263491206,-39.0822222276028],[175.654296766754,-39.0821308890434],[175.654297411366,-39.0820665151402],[175.654311548387,-39.081954158859],[175.654316875925,-39.0818515386156],[175.654333692232,-39.0818106329451],[175.654401759064,-39.0817203919607],[175.654445622118,-39.0816995084866],[175.654529044728,-39.0816823707541],[175.654554128819,-39.0816864264487],[175.654599204681,-39.0817140038523],[175.654671095832,-39.081755272476],[175.654712071414,-39.0817877109313],[175.654762571028,-39.0818294668504],[175.654839035753,-39.0819111537693],[175.654892144847,-39.0819409318694],[175.654954689875,-39.0819776464737],[175.655056156117,-39.0819920205338],[175.655139018601,-39.0819996668942],[175.655234372982,-39.0820141800648],[175.655329816747,-39.082031074961],[175.655400279056,-39.0820342360264],[175.655476584104,-39.0820301132748],[175.655558731865,-39.0820187066956],[175.655659215353,-39.0820068821739],[175.655775424231,-39.0820066174609],[175.65584247197,-39.0820003216194],[175.655915631611,-39.0819938864307],[175.655952301952,-39.081993050597],[175.656022941854,-39.0820009758201],[175.656075425892,-39.0820140816346],[175.656143010988,-39.0820220755159],[175.65617976956,-39.08202362144],[175.65626515186,-39.0820169074118],[175.656319083107,-39.0819870736924],[175.656354500962,-39.0819528943141],[175.656357020644,-39.0819385347292],[175.656354607436,-39.0818742305436],[175.656353266743,-39.0818385052956],[175.656345277886,-39.0817886294591],[175.656336217702,-39.0817101746557],[175.656336234795,-39.0816291281781],[175.65634711676,-39.0815931251942],[175.656376707746,-39.0814851840768],[175.656388232376,-39.0813848063342],[175.656399228741,-39.0813178792736],[175.656415125963,-39.0812864611616],[175.656431047145,-39.0812217389983],[175.656452989568,-39.0811544948214],[175.656457224453,-39.0811043412175],[175.656478363573,-39.0810156625807],[175.656497698037,-39.0809603961549],[175.65653456236,-39.0808832773103],[175.656572052289,-39.0808228301783],[175.656618529966,-39.0807574113431],[175.656630679851,-39.0806737044034],[175.656622333455,-39.0806143022665],[175.656611468669,-39.0805692605919],[175.656582626023,-39.0805341623488],[175.656507412215,-39.0804858191241],[175.656432556037,-39.0804470030615],[175.65636624198,-39.0803913062297],[175.656314043301,-39.0803042994462],[175.656266666465,-39.0802778346369],[175.656245606269,-39.0802572322262],[175.656241349585,-39.0802415964466],[175.65622158556,-39.0802039082158],[175.656207217203,-39.0801470271547],[175.65618350481,-39.0800855914059],[175.65616293655,-39.0800264678229],[175.656163062502,-39.0800247108553],[175.656169375531,-39.0799983915416],[175.656179483285,-39.0799784165134],[175.656227122579,-39.0799439585879],[175.656252121926,-39.079876645657],[175.656276762574,-39.0797998055311],[175.656272115395,-39.0796759598119],[175.65626854063,-39.079580693041],[175.65626550209,-39.0794997161943],[175.656280158308,-39.0794702885964],[175.656278044416,-39.0792634443683],[175.65627005604,-39.0792135693951],[175.656301524256,-39.0791556434547],[175.656302612815,-39.0791031768235],[175.656294804314,-39.0790580645333],[175.656277290984,-39.0789988713203],[175.656256723014,-39.0789397477357],[175.656234083457,-39.078906892729],[175.65619850452,-39.0788552619352],[175.656145844138,-39.0788373933799],[175.656095614042,-39.0788027825106],[175.656064449108,-39.0787057616656],[175.656033821531,-39.0786230298124],[175.655998510977,-39.078578544361],[175.656003103548,-39.0785379170688],[175.656040235396,-39.0784679437927],[175.656037912103,-39.0784060204574],[175.656037554687,-39.0783964941365],[175.656033873382,-39.0783798920522],[175.656032622379,-39.0783465485787],[175.656036410698,-39.0782844859375],[175.65604352174,-39.0782294990858],[175.656041913325,-39.0781866292906],[175.656047327738,-39.0780863908107],[175.656092065313,-39.0779810009492],[175.656158098625,-39.0778865268288],[175.656159079693,-39.0778859963454],[175.65619161864,-39.0778566503286],[175.656214811496,-39.0778227496622],[175.656235575245,-39.0778055903578],[175.6562806947,-39.0777854929112],[175.656353492465,-39.0777695303758],[175.656422251415,-39.0777274403056],[175.656443283207,-39.0777174263809],[175.656511416454,-39.0776586645286],[175.656525444098,-39.0776249727448],[175.656556105953,-39.0775456114382],[175.656572651967,-39.077497560984],[175.656585427177,-39.0774305257567],[175.656592355027,-39.0774092952265],[175.65658507184,-39.0772152069542],[175.656670806577,-39.0768577589293],[175.656803700656,-39.0767001666893],[175.656876045441,-39.0765396998045],[175.656913368576,-39.0765124769973],[175.657011922238,-39.0764494454867],[175.657056011502,-39.0764019579522],[175.657209027876,-39.076323382258],[175.657313370226,-39.0762923985651],[175.657412459594,-39.0762436566575],[175.657613050646,-39.0762104777123],[175.657818092077,-39.076173621154],[175.658031761566,-39.0761222652772],[175.658345592259,-39.0760507470704],[175.658541465696,-39.0760140983944],[175.658746907305,-39.0759879574676],[175.658911233442,-39.0759663310142],[175.659084055605,-39.0759266316442],[175.65927534472,-39.075890086351],[175.659470680361,-39.0758391462447],[175.65958823351,-39.0757935568758],[175.65967357112,-39.0757451269287],[175.659767671865,-39.0756857705151],[175.659879031612,-39.0755974157773],[175.659982029381,-39.075530704585],[175.66009904592,-39.0754708248092],[175.660251788282,-39.0753851007978],[175.660453736966,-39.075266073117],[175.660629393494,-39.0751798245633],[175.660782537333,-39.0751048170848],[175.660900089523,-39.0750592264319],[175.661099198262,-39.0749867446993],[175.661248966211,-39.0749439928617],[175.661394419105,-39.0749084909079],[175.661640702116,-39.0748706866519],[175.661805294282,-39.0748561997923],[175.661979453941,-39.0748522214255],[175.661983244024,-39.074852226739],[175.661984037393,-39.0748521167212],[175.662230588467,-39.0748214557198],[175.662421066683,-39.0747634710632],[175.662570027206,-39.0746992832216],[175.662696743201,-39.0746534813878],[175.662787599996,-39.0746299516009],[175.662946667328,-39.0745905617587],[175.663140920287,-39.0745110360105],[175.663289610804,-39.0744397019084],[175.663428732215,-39.0743578608539],[175.663586050189,-39.0742720270446],[175.663639167184,-39.0742207549551],[175.663746070697,-39.0741360742037],[175.663794602925,-39.0740849068481],[175.663807276707,-39.0740560128488],[175.663785573131,-39.0739941993915],[175.663798381984,-39.0739283753011],[175.663810652345,-39.0738237544875]]},"properties":{"TechObjectName":"TAC Ketetahi Rd 2 Ketetahi Toilets Track","ObjectType":"Track Visitor"}},{"type":"Feature","geometry":{"type":"LineString","coordinates":[[175.542983836825,-39.199575463527],[175.543063254655,-39.1995689612563],[175.543133472417,-39.1995197533504],[175.543210242402,-39.1994823215157],[175.543283150766,-39.1994652348734],[175.543373454713,-39.1994629676923],[175.543438763851,-39.199464331214],[175.543587260299,-39.1994454805411],[175.543700049222,-39.1994299062475],[175.543822322879,-39.199422468084],[175.543906116334,-39.1994099100262],[175.543980384347,-39.1993880264513],[175.544067153102,-39.1993730203245],[175.544341191982,-39.1993265086433],[175.544484334494,-39.1993031196512],[175.544544137155,-39.199299396448],[175.54483349063,-39.1993352177382],[175.545191052079,-39.1994123403145],[175.545336528408,-39.1995045085567],[175.545500907815,-39.1995771934828],[175.545830081654,-39.1997339943847],[175.545981076286,-39.1998432037435],[175.546456665115,-39.2000501962019],[175.546934499455,-39.2002514175913],[175.547004859652,-39.2002994589914],[175.547206045244,-39.2003732435536],[175.547388397705,-39.2004684160196],[175.547655529671,-39.2006036855658],[175.547851367334,-39.2007328874095],[175.547979118404,-39.200876927925],[175.548094348982,-39.2010136141825],[175.548162805754,-39.2012123462596],[175.548184701891,-39.2013434478386],[175.548136648011,-39.201437939718],[175.5481284678,-39.2015506296845],[175.548171891918,-39.2015992598494],[175.548217488763,-39.2016402152258],[175.548280434312,-39.2016865117432],[175.548365146225,-39.2017247036981],[175.548415127775,-39.2016835636695],[175.548429622181,-39.2015421311632],[175.548487156832,-39.2013390478446],[175.548513901794,-39.2012294524895],[175.548538948821,-39.2011087660853],[175.548523259767,-39.2010137611542],[175.548500153921,-39.2009170122075],[175.548487946557,-39.2008505362845],[175.548422246027,-39.2007280216675],[175.548388067281,-39.2006639329879],[175.548372309695,-39.2005670231728],[175.548382418377,-39.2005076860129],[175.548419190421,-39.2004401380353],[175.548507251896,-39.2003676529007],[175.54856709621,-39.2003282032841],[175.548701824974,-39.2002585110077],[175.548777535019,-39.200251132817],[175.548843655707,-39.2002496853664],[175.548953650131,-39.2002415565258],[175.549012148428,-39.2002326477305],[175.549105345738,-39.2002344218563],[175.549183917301,-39.2002384224823],[175.549267594204,-39.2002480321385],[175.549385358192,-39.2003124544231],[175.549404903601,-39.2003174896556],[175.549637049606,-39.2003254462843],[175.549802057998,-39.2003545597335],[175.550015578465,-39.2003966045172],[175.550231100349,-39.2004262092629],[175.550443638437,-39.2004749479113],[175.550633652767,-39.2005108324131],[175.550772309992,-39.2005497471952],[175.550982933975,-39.2005794578404],[175.551357119279,-39.2006589791148],[175.551658613325,-39.2007276973694],[175.551714300448,-39.2007426854475],[175.55181874194,-39.2007842569937],[175.551904591958,-39.2007861889954],[175.551984768866,-39.2008006410804],[175.552331724689,-39.2009064998898],[175.55243963313,-39.2009422731078],[175.552545611064,-39.2009923916009],[175.55283424269,-39.2011119224295],[175.553084432821,-39.2012189474041],[175.553321189746,-39.2013272186965],[175.553563309679,-39.2014143965903],[175.553698400302,-39.2014562473929],[175.554002401129,-39.2015601828474],[175.554110000646,-39.2015873799786],[175.554337326237,-39.2016720203466],[175.554432611432,-39.2016975800828],[175.554535022005,-39.2017506354243],[175.554609077687,-39.2017652199815],[175.554721142989,-39.2017465516873],[175.554805625558,-39.2017423176938],[175.554977895721,-39.2017763131547],[175.555011846801,-39.2017878467901],[175.555092992394,-39.2018289724896],[175.555191387655,-39.2019402771174],[175.555325227514,-39.2021165936112],[175.555485010969,-39.2024000836267],[175.555783515081,-39.2027577599365],[175.555877524315,-39.2027247045368],[175.555975825687,-39.2026877484397],[175.555981237853,-39.2026342346633],[175.555971492093,-39.2026020298236],[175.555972919877,-39.2025400231317],[175.555975709917,-39.2024817992371],[175.555962083458,-39.2024439596326],[175.555972220433,-39.2023855744506],[175.555984161581,-39.2022079657403],[175.555984330696,-39.2021450325999],[175.555998417473,-39.2020941888136],[175.556049135025,-39.2020396804264],[175.556092541346,-39.2019862866048],[175.556155315596,-39.2019601177651],[175.556195601166,-39.2019220477388],[175.5562398354,-39.201891519115],[175.556329514221,-39.2018638054077],[175.556440707522,-39.201847506012],[175.556620837038,-39.2018545483441],[175.556682594251,-39.2018341233128],[175.556719802047,-39.2018372721214],[175.556763997223,-39.2018485442507],[175.556905504108,-39.2018645065395],[175.557153234263,-39.2019372515323],[175.557411036493,-39.2020174019625],[175.557487369443,-39.2020271669746],[175.557548628372,-39.2020267745243],[175.557592107815,-39.2020429819937],[175.557751047804,-39.2020328164445],[175.55785555821,-39.202008590245],[175.557896259476,-39.2020162674407],[175.557971301844,-39.2020575351023],[175.558078716718,-39.2021133377657],[175.558175284298,-39.2021741454421],[175.558244222207,-39.2022164903146],[175.558294964709,-39.202264002632],[175.558381943943,-39.2023307425704],[175.558514042282,-39.2024250943377],[175.558567920035,-39.2024239103708],[175.558636182115,-39.2024293798039],[175.558683610413,-39.2024375773713],[175.558729448358,-39.2024175001994],[175.558759023656,-39.2023882459568],[175.55875570961,-39.2023644812953],[175.558748480052,-39.2023341295553],[175.558727885682,-39.2023069310555],[175.558703341181,-39.2022721912553],[175.558697128239,-39.2022360963152],[175.558714818473,-39.2021832657791],[175.558745443713,-39.2021492216878],[175.558791968026,-39.2020805021446],[175.558837910629,-39.202063283059],[175.558919431508,-39.2020471892643],[175.558988707949,-39.2020313645321],[175.559058932873,-39.2020078908056],[175.559152525082,-39.2019867647487],[175.559266831071,-39.2019623219764],[175.559361081557,-39.2019592961202],[175.559443847649,-39.2019775006133],[175.559523114435,-39.2020005478507],[175.559588980869,-39.2020257977801],[175.559656776523,-39.202036702223],[175.559709428682,-39.2020355446746],[175.559841638836,-39.2020316847774],[175.559867019896,-39.2019882203392],[175.55986629327,-39.2019682133271],[175.559839783433,-39.2019468659399],[175.559822654597,-39.2019138705885],[175.559797762568,-39.2018696042066],[175.55974249409,-39.201764983516],[175.559738769185,-39.2014599528889],[175.559739688935,-39.2013502823603],[175.559717004313,-39.2012992933947],[175.559624434649,-39.2012136084326],[175.559509777082,-39.2011608277351],[175.559352277587,-39.2010756167206],[175.559311849067,-39.2010421793758],[175.559323554291,-39.2009932948098],[175.559379167084,-39.2009386782944],[175.559434952708,-39.2008888238313],[175.559532287019,-39.2008695215733],[175.560127331109,-39.200787788739],[175.56019150001,-39.2007967410518],[175.560255505398,-39.2008078537316],[175.560350052909,-39.2008467746911],[175.560406723581,-39.2008550629245],[175.560506106884,-39.2008447771687],[175.56063207167,-39.2008176892352],[175.560702238274,-39.2007589375152],[175.560818678297,-39.2007258650254],[175.560849095341,-39.2006861032157],[175.560839104262,-39.2006472301637],[175.560810193786,-39.2005935179206],[175.560759727816,-39.2005536287194],[175.560682011696,-39.200505756634],[175.560670230228,-39.2004850395804],[175.560668244749,-39.2004641070821],[175.560820093149,-39.2003263264008],[175.561080875049,-39.2001175000664],[175.56113946674,-39.2000437464846],[175.561466010167,-39.1997562411958],[175.561580452398,-39.1996345386749],[175.561672068256,-39.1995591050934],[175.561930269167,-39.1993131472249],[175.562191991048,-39.1990966696581],[175.562316399904,-39.1989795147807],[175.562329003174,-39.1989554008291],[175.562377045765,-39.1989285996987],[175.562434155606,-39.1988815751079],[175.56247891654,-39.1988319627434],[175.562527144024,-39.1987765532138],[175.56263026241,-39.1987142146939],[175.562669883387,-39.198658041357],[175.56268234792,-39.1986301159184],[175.562736303644,-39.1985974636398],[175.562774446223,-39.1985680198257],[175.562972411693,-39.1983844085493],[175.563089817949,-39.1982769414617],[175.563138679701,-39.1982053083353],[175.563209986005,-39.1980769257221],[175.563279964148,-39.1979457127795],[175.563327197262,-39.1978293017746],[175.56336240498,-39.1977865734248],[175.563410191263,-39.1977864754377],[175.563473293924,-39.1978032018752],[175.56355140127,-39.1978281800957],[175.563771989996,-39.1978624149857],[175.563827885012,-39.1978831144391],[175.563910163239,-39.1978879766864],[175.564071565185,-39.1979120735079],[175.56414356156,-39.1979038139585],[175.564186629889,-39.1979121242491],[175.564229450926,-39.197922612092],[175.564278612324,-39.1979278799834],[175.564342222997,-39.1979264790231],[175.564415665029,-39.1979261317934],[175.564440130313,-39.1979255929457],[175.564490322762,-39.1979143259456],[175.564559578877,-39.1978886684343],[175.564614248337,-39.1978658718756],[175.564655685443,-39.1978382873641],[175.564687382334,-39.1978121867867],[175.564713017096,-39.197798920928],[175.564765671794,-39.1978104622623],[175.564871811226,-39.1978563883618],[175.564965136045,-39.1978796006396],[175.565136390864,-39.1979051744578],[175.565247438159,-39.197906538811],[175.565285890759,-39.1978866398268],[175.565329327115,-39.1978691707225],[175.565418109314,-39.1978418121894],[175.565474363525,-39.1978177109133],[175.565519339837,-39.1977976681095],[175.565577733264,-39.1977874902384],[175.565665007989,-39.1978084298052],[175.565701578621,-39.1978210981256],[175.565688179868,-39.1977723553187],[175.565675422812,-39.1977358031537],[175.565667900706,-39.1977291327156],[175.565659738358,-39.1977073841473],[175.565649697768,-39.1976840066576],[175.565614541852,-39.1976776307147],[175.565594625936,-39.1976859355096],[175.565560726647,-39.1976888275694],[175.565520165546,-39.1976854311253],[175.56546916422,-39.1976729671959],[175.565451258837,-39.1976691652273],[175.565393038111,-39.1976179089892],[175.565313825351,-39.1975481517315],[175.565249468919,-39.1974661443069],[175.565233179627,-39.1974518019519],[175.565219257806,-39.1974461058335],[175.565192376382,-39.1974251056853],[175.565142753494,-39.1974071471505],[175.56510324016,-39.1973978570698],[175.565091083791,-39.1973778027926],[175.565077066459,-39.197351438915],[175.565031412651,-39.1973079905028],[175.56500136239,-39.1972896007177],[175.564950200773,-39.1972742165959],[175.56492047263,-39.1972647108897],[175.564901700195,-39.1972422617382],[175.564869172505,-39.1972455188841],[175.564848570181,-39.1972624839167],[175.564820459287,-39.1972973967397],[175.564778329995,-39.1973059456644],[175.564734800284,-39.1973208751181],[175.564680621016,-39.1973247668019],[175.564631880174,-39.1973181267178],[175.564611789896,-39.1972964011571],[175.564591388822,-39.1972661002577],[175.564566680818,-39.1972437610681],[175.564558580675,-39.197223202065],[175.564538802341,-39.1972100499989],[175.564511755686,-39.1971992040143],[175.564463510646,-39.1971866798289],[175.564435286642,-39.1971687082404],[175.564389224405,-39.1971404040511],[175.564360523386,-39.1971121508192],[175.564316167512,-39.197093736276],[175.56426145472,-39.197071019976],[175.564243899422,-39.1970613667296],[175.564212894976,-39.1970427418891],[175.564202065189,-39.1970229574051],[175.564185172672,-39.1970133174817],[175.564152668981,-39.1970040222547],[175.564127380468,-39.1969909914643],[175.564117678364,-39.1969769029916],[175.564104337663,-39.1969526403549],[175.564082635882,-39.1969393801132],[175.564038618923,-39.1969257265776],[175.564000934482,-39.1969003360084],[175.563964618269,-39.1968620429251],[175.563923023792,-39.1968133775269],[175.563900026415,-39.1968043494813],[175.563856176477,-39.1967779027096],[175.563835067458,-39.196744995576],[175.563829147057,-39.1967074800175],[175.56379715031,-39.196650005734],[175.56375962448,-39.196607925615],[175.563719470632,-39.1965778216454],[175.563681195028,-39.1965572116637],[175.563665240867,-39.1965396850513],[175.563636305963,-39.1965021834123],[175.563607191007,-39.1964807752958],[175.563592904228,-39.1964459304752],[175.563582704277,-39.1964181462887],[175.563562201781,-39.1964019117239],[175.563533882878,-39.1963623703211],[175.563535463622,-39.1963426701919],[175.563514990831,-39.1963061732277],[175.563496740345,-39.1962886971483],[175.563457374323,-39.1962591721486],[175.563422448439,-39.1962253772106],[175.563404032878,-39.1961822807252],[175.563389854513,-39.1961504128388],[175.563368572693,-39.1961127417378],[175.563328838761,-39.196073093923],[175.563300994852,-39.1960445071245],[175.563279215182,-39.195993141238],[175.563257803566,-39.1959518972124],[175.563230161544,-39.1959078118925],[175.563217182157,-39.1958878358864],[175.563199676078,-39.1958697478603],[175.56318881879,-39.1958449583555],[175.563152975856,-39.1958070122494],[175.56311929131,-39.1957863001068],[175.563092170159,-39.1957565054245],[175.563056955103,-39.1957358269546],[175.563030706924,-39.1957089923902],[175.563015691012,-39.1956962127095],[175.562964536841,-39.1956794608297],[175.562922702955,-39.1956452222825],[175.562883864126,-39.1956091303648],[175.562865094473,-39.1955773634683],[175.56285080942,-39.1955425185079],[175.562787034767,-39.1955367707174],[175.562747414281,-39.1955193675702],[175.562693540982,-39.1954929427539],[175.562598702277,-39.1954154876597],[175.562551147548,-39.1953679529428],[175.562509139736,-39.1953289503881],[175.562472503911,-39.1953112832549],[175.562410246782,-39.1952840490954],[175.562392148326,-39.1952707407588],[175.562376224833,-39.1952329524424],[175.562382101747,-39.1951839570824],[175.562365759894,-39.1950925442619],[175.562337529632,-39.1949900711698],[175.562292968553,-39.1948808059263],[175.562246791677,-39.1947691923787],[175.562213831855,-39.1946841048198],[175.562178871387,-39.194628261071],[175.562095638464,-39.1945716920976],[175.56201207994,-39.1945061912744],[175.561880321438,-39.1944208936641],[175.561753997469,-39.1943587174308],[175.561648241199,-39.1943145619756],[175.561526709383,-39.1942999541794],[175.561318954877,-39.1942729399404],[175.56119604407,-39.1942625334032],[175.561170965231,-39.1942678527328],[175.561154252815,-39.1942926533663],[175.561102871446,-39.1943539714911],[175.561080672936,-39.1943753170234],[175.56100372634,-39.1943442339234],[175.560972137737,-39.1943474314731],[175.560952386287,-39.1943481740146],[175.560887728502,-39.1943213305681],[175.560838702203,-39.1942389662854],[175.56083515482,-39.1941436609186],[175.560816295649,-39.1940487013177],[175.560707344863,-39.194003459367],[175.560613272165,-39.1939459583],[175.560534057045,-39.1938762067118],[175.560469709292,-39.1937941872997],[175.560458794865,-39.1937758538868],[175.560365501226,-39.1936967196393],[175.560293616931,-39.1936067665512],[175.560176800439,-39.193561661009],[175.560080541625,-39.1935428012974],[175.559918928897,-39.1935463545519],[175.559827071044,-39.1935472388967],[175.559800019534,-39.1935569914954],[175.559667339045,-39.1935690481988],[175.559642575328,-39.1935619644719],[175.559548724493,-39.193474401055],[175.559515023899,-39.1934236541212],[175.559439004893,-39.1933547675648],[175.559363331863,-39.1932954078198],[175.559297037832,-39.1932244010508],[175.559239405129,-39.19318943539],[175.559116101213,-39.193100611718],[175.558993364214,-39.1930634451917],[175.558963050662,-39.1930411838123],[175.55885410144,-39.1929959409541],[175.558745165045,-39.1929506968091],[175.558621361489,-39.1929177218934],[175.558498432766,-39.1929085651478],[175.558389939481,-39.192875235548],[175.558267453589,-39.1928779934463],[175.558144536562,-39.192868836969],[175.558006307948,-39.1928600248505],[175.557993391591,-39.1928560571522],[175.5577644233,-39.1928595239992],[175.55754649464,-39.1928643110121],[175.55731731845,-39.1928292977039],[175.557039785601,-39.1927296181282],[175.556957263927,-39.1926690206608],[175.556833018784,-39.1926241198896],[175.556738939412,-39.1925666157668],[175.556644873243,-39.1925091202851],[175.556535927388,-39.192463875151],[175.556426993205,-39.1924186287558],[175.556332915912,-39.1923611332596],[175.556238850014,-39.1923036284257],[175.556159639871,-39.1922338745633],[175.55605026395,-39.1921767137804],[175.555956186956,-39.1921192089546],[175.555862122041,-39.1920617136955],[175.555782912183,-39.1919919496505],[175.55567397955,-39.1919467124092],[175.555565035158,-39.1919014663129],[175.555456102437,-39.1918562189555],[175.555332745206,-39.1918351454148],[175.555210260825,-39.1918379000399],[175.555188775333,-39.1918363003085],[175.555077590416,-39.1918688922802],[175.555018911686,-39.1919064114414],[175.554962577201,-39.1919410196024],[175.554923038142,-39.1919657247306],[175.554883809719,-39.1919990034278],[175.554840804768,-39.1920295045422],[175.55481004252,-39.1920597379209],[175.554751689913,-39.1920724599747],[175.554688164265,-39.1920776673757],[175.554564232439,-39.192072758292],[175.55445618176,-39.1920665474938],[175.554370392678,-39.1920475650354],[175.554337035041,-39.1920483148351],[175.554197924256,-39.1920156700606],[175.554088992489,-39.1919704304032],[175.553964296728,-39.1919136126833],[175.553855364967,-39.1918683646945],[175.553732007237,-39.1918472975692],[175.553609080774,-39.1918381364747],[175.553486165905,-39.1918289749956],[175.553364123253,-39.1918436426195],[175.553242093235,-39.1918583089378],[175.553104751735,-39.1918733198686],[175.552983163104,-39.1918998918598],[175.552862004914,-39.1919383870272],[175.552811179808,-39.1919567080854],[175.552767994076,-39.1919665713342],[175.552702723761,-39.1919661220602],[175.552671982315,-39.1919715636984],[175.552599696402,-39.1920055663503],[175.55248691843,-39.1920178280957],[175.55240670187,-39.1920559262023],[175.552317048324,-39.1921175614444],[175.552227407346,-39.1921791963432],[175.552158137587,-39.1922268104432],[175.552106333607,-39.1922793832656],[175.552041432911,-39.1923057550437],[175.552036416878,-39.192305864983],[175.551838274449,-39.1923636017845],[175.551793497974,-39.1924010831332],[175.551653843611,-39.1924685435055],[175.551558507205,-39.1924879646759],[175.55145248409,-39.1925072739875],[175.55133723109,-39.1925124679567],[175.551258631557,-39.1924990429303],[175.551150131558,-39.192465706673],[175.551041200587,-39.1924204560224],[175.550932700803,-39.1923871195547],[175.550838639362,-39.1923296192137],[175.55072925464,-39.192272454472],[175.550650062508,-39.1922026963992],[175.55054156323,-39.1921693595485],[175.550461928831,-39.1920876863953],[175.55035210458,-39.1920186071817],[175.55025804377,-39.1919610973342],[175.550135128928,-39.1919519323087],[175.550029721756,-39.1920019952025],[175.549924325999,-39.1920520577521],[175.549958150297,-39.19209491005],[175.549969426806,-39.19213566327],[175.549942610921,-39.192173436186],[175.549924391,-39.1921960582963],[175.549900015554,-39.1922022643213],[175.549867460928,-39.1921960581358],[175.549801233928,-39.1921949642037],[175.549758372875,-39.1922086355466],[175.549755454213,-39.1922113896198],[175.549693451315,-39.1922294270543],[175.54953361464,-39.1923158795764],[175.549454668677,-39.1923690959895],[175.54942211054,-39.1924174830801],[175.54941219398,-39.1924482109133],[175.549434558049,-39.1924906286805],[175.549484908503,-39.1925276650727],[175.549509687203,-39.1925690758751],[175.549510980019,-39.192570953924],[175.549518169991,-39.1926003549245],[175.549499785792,-39.1926341295071],[175.549287783422,-39.1927350719947],[175.549206690917,-39.192779754835],[175.548679576549,-39.1932180952041],[175.548645405634,-39.193238866208],[175.548557766756,-39.1933058591419],[175.548312076817,-39.193525770053],[175.547915292855,-39.1938369450094],[175.547832269964,-39.193904551732],[175.547809945041,-39.1939479467681],[175.547821620752,-39.1939913131518],[175.547860236248,-39.1940426713494],[175.547900883274,-39.1940739620311],[175.547907905894,-39.1940902556383],[175.547899609719,-39.1940992076779],[175.547870009615,-39.1941096772703],[175.547857106574,-39.1941153282233],[175.547856889257,-39.1941240521262],[175.547858691629,-39.1941270875423],[175.547872750523,-39.194134646779],[175.547892523816,-39.1941478009402],[175.547900128138,-39.1941547851785],[175.547895847554,-39.1941634601534],[175.54787133762,-39.1941718633558],[175.547832033283,-39.1941777289443],[175.547796453657,-39.194184943686],[175.54776258086,-39.1941885453001],[175.547736234915,-39.1941969877472],[175.547727388524,-39.1942064779539],[175.5477224206,-39.194221604167],[175.547718265865,-39.1942289565274],[175.547719085908,-39.1942413650364],[175.547721410914,-39.1942445097428],[175.547727126495,-39.1942501055523],[175.547732131246,-39.1942614377858],[175.547735376344,-39.194274953623],[175.547735876076,-39.1942887826911],[175.547726831075,-39.1943006908202],[175.547680917415,-39.1943400216693],[175.5476671355,-39.194348971197],[175.547634929037,-39.1943901985639],[175.547602095678,-39.1944564682225],[175.547591031862,-39.1945317969488],[175.547590835356,-39.1945687490635],[175.54761590103,-39.1946266012612],[175.547628121038,-39.1946680484941],[175.547651765503,-39.1946866010192],[175.547701214124,-39.1946986293152],[175.547722013835,-39.1947232027851],[175.547744554862,-39.1947451164591],[175.547739125687,-39.1947728864286],[175.547750785169,-39.1947988518127],[175.547766066394,-39.194840232046],[175.547746322561,-39.1948783272103],[175.547748108326,-39.1950129664297],[175.547744738692,-39.1951231673611],[175.547767145071,-39.1953024078983],[175.547771816661,-39.1953299568492],[175.547770173769,-39.1953833653605],[175.547765033885,-39.1954135344672],[175.547767677249,-39.1954697321469],[175.547773772836,-39.1954858081985],[175.547784513204,-39.1954903733088],[175.547810253608,-39.1954950210143],[175.547831274962,-39.1955002818991],[175.547843336752,-39.1955119371931],[175.547837170585,-39.195527804062],[175.547806103368,-39.1955327749716],[175.547788390648,-39.1955300669781],[175.547784261268,-39.1955293122681],[175.547780150434,-39.1955266679137],[175.54777660705,-39.1955263337256],[175.547766028703,-39.1955296481575],[175.547762758317,-39.1955370604496],[175.547759567216,-39.1955504792713],[175.547764266658,-39.1955618181809],[175.547772026079,-39.1955730901336],[175.547779373507,-39.1955801061249],[175.547786216489,-39.1955928026708],[175.547776566542,-39.1956139900476],[175.547764348104,-39.1956318966018],[175.547765407712,-39.1956442692343],[175.547797827227,-39.1956597683773],[175.547834376966,-39.1956708869321],[175.547861139101,-39.1956993831591],[175.547864992143,-39.1957212282452],[175.547858451623,-39.1957330482463],[175.54785552028,-39.1957342079143],[175.547841606885,-39.1957304915429],[175.547836803461,-39.1957260794168],[175.547835225898,-39.1957202633344],[175.54782865538,-39.1957115825561],[175.547814784441,-39.1957051642812],[175.547806654037,-39.1957005753979],[175.547793133819,-39.1956994405747],[175.547781519619,-39.1957001713002],[175.547765162083,-39.1957052969179],[175.547755746561,-39.1957159915031],[175.547744597145,-39.195729583561],[175.547727644812,-39.1957351987774],[175.547715311256,-39.1957337091424],[175.547701640181,-39.1957276630671],[175.547685171619,-39.1957127680593],[175.547663556578,-39.1957079967279],[175.547647914314,-39.1957159671136],[175.54763618733,-39.1957305258777],[175.547639117327,-39.1957438107648],[175.547641822894,-39.1957847508318],[175.547631316955,-39.1958331315073],[175.547633764326,-39.1958669265868],[175.54765685328,-39.1958955023293],[175.547680123892,-39.1959121557641],[175.54770570596,-39.1959249450048],[175.547740849043,-39.195948012694],[175.547763903648,-39.1959756359878],[175.547792399707,-39.1960012329522],[175.547821645534,-39.1960306280165],[175.547825290876,-39.1960467576794],[175.547817992547,-39.196055230209],[175.547796943849,-39.1960676388497],[175.547735584752,-39.1960990164879],[175.547652599754,-39.1961423081182],[175.54747334704,-39.1962470606592],[175.547414162567,-39.1962835159103],[175.547292731042,-39.1963564915229],[175.547170114051,-39.1964390274266],[175.547070552285,-39.1965025863081],[175.547024418656,-39.1965399468916],[175.546774316949,-39.1967611421621],[175.546695941583,-39.1968599923018],[175.546623395741,-39.1969718251393],[175.546557018505,-39.1970424039297],[175.546475240643,-39.1970894828464],[175.546451212317,-39.1971239768066],[175.546463508586,-39.1971463526169],[175.546498891826,-39.1971717992688],[175.546504559105,-39.1972014715921],[175.54648320478,-39.1972251797701],[175.546434139381,-39.1972661800124],[175.546414952441,-39.1972862650084],[175.546404047224,-39.1973872151334],[175.546436547552,-39.1974812563622],[175.546463291187,-39.197585554375],[175.546474104961,-39.1976729183448],[175.546474501751,-39.1977050897812],[175.546465640703,-39.1977142225476],[175.546454118643,-39.1977132826172],[175.546439385951,-39.1977082416236],[175.546382304951,-39.1976969752463],[175.546278857972,-39.1976809902403],[175.546213873601,-39.1976774175334],[175.546105378923,-39.1976845577698],[175.545591625965,-39.1977309505419],[175.545101553222,-39.1977756315096],[175.544920787796,-39.1977962686998],[175.544624119599,-39.1978161313896],[175.544429667941,-39.1978268171071],[175.544325658027,-39.1978351685263],[175.544272563972,-39.1978409766005],[175.544212968387,-39.1978576540255],[175.54414877403,-39.1978869457487],[175.5441074673,-39.1979010774942],[175.544063504194,-39.1979052561925],[175.544022102343,-39.1979040157081],[175.543985318575,-39.1978985886145],[175.543946187025,-39.1979013841918],[175.543874699612,-39.1979068786232],[175.543798399073,-39.1979317867826],[175.543743601429,-39.1979540800167],[175.543646197456,-39.1979926783018],[175.543458582339,-39.1980824709947],[175.543257817558,-39.1981856608733],[175.543185640898,-39.1982229933021],[175.543140497619,-39.1982454321474],[175.543111309393,-39.1982643052886],[175.543089404415,-39.1982812310101],[175.54307224369,-39.1983023442107],[175.543051260845,-39.1983321221963],[175.543023837124,-39.1983616831864],[175.542999330903,-39.1983829559082],[175.542904754367,-39.1984490240859],[175.542872150436,-39.1984751224063],[175.54283593298,-39.1984902155585],[175.542802328449,-39.1985013190993],[175.542767626005,-39.198507440169],[175.542732158445,-39.1985178690418],[175.54266904437,-39.1985389127259],[175.542636474354,-39.1985532108297],[175.542610636998,-39.1985630716969],[175.542596763904,-39.1985733857248],[175.542592137935,-39.1985852861545],[175.542594450826,-39.1985984657267],[175.542596524609,-39.1986177281584],[175.54259201462,-39.1986328441586],[175.542586801624,-39.198641181637],[175.54257876836,-39.1986477932674],[175.542565419005,-39.1986598841902],[175.542560204847,-39.1986682216929],[175.542558858443,-39.1986818379399],[175.54256725339,-39.1986993785107],[175.54257394746,-39.1987179787727],[175.542574269623,-39.1987269107125],[175.542570879805,-39.19873485071],[175.542559439237,-39.1987361735401],[175.542548736853,-39.1987324738108],[175.542536769299,-39.1987216898082],[175.542505205773,-39.1986976693897],[175.542490408294,-39.198695132079],[175.54247574084,-39.1986961676974],[175.542464952834,-39.1987028385726],[175.542451393545,-39.1987345994514],[175.542423604894,-39.1987795434527],[175.542387799515,-39.1988060692132],[175.542324496374,-39.1988346260494],[175.542291609337,-39.1988911221862],[175.542195934343,-39.1989904669137],[175.542101992064,-39.1990869123964],[175.542058633603,-39.199107882093],[175.541948728433,-39.1992204088164],[175.541878937649,-39.1992759501041],[175.541820353102,-39.1993304773205],[175.541805935271,-39.1993894314612],[175.541796016422,-39.1994711708725],[175.541775006931,-39.1995002338802],[175.541774303353,-39.1995317140354],[175.54177620998,-39.1995845900278],[175.541747169174,-39.1996967819005],[175.54173522581,-39.1998243315732],[175.541732027117,-39.1998981700149]]},"properties":{"TechObjectName":"Taranaki Falls Tk","ObjectType":"Track Visitor"}},{"type":"Feature","geometry":{"type":"LineString","coordinates":[[175.656895356452,-39.1322302496983],[175.656903098845,-39.1322655412692],[175.65695498913,-39.1323563430053],[175.656978007259,-39.132405929619],[175.656983858803,-39.1324208982017],[175.65698662609,-39.1324476076062],[175.65699322562,-39.1324824666722],[175.657007285908,-39.132504798586],[175.657021012107,-39.1325182154446],[175.657028649686,-39.1325338297819],[175.657040949774,-39.1325562018429],[175.65704594645,-39.1325718764203],[175.657053425559,-39.1326067154177],[175.657059689848,-39.1326326585508],[175.657072948038,-39.1326570682468],[175.657080920975,-39.1326815994058],[175.657088091734,-39.1327082074564],[175.657090988052,-39.1327383464041],[175.657090567899,-39.1327740511882],[175.657096574271,-39.1327931352207],[175.657110450433,-39.1328340067694],[175.657124460433,-39.1328549677186],[175.657138443456,-39.1328752418824],[175.657150300319,-39.1329092945082],[175.657158871413,-39.1329262605362],[175.657179457845,-39.1329580545247],[175.657189841932,-39.1329763521879],[175.65720858965,-39.1330061295227],[175.657219930646,-39.1330264639467],[175.657236711785,-39.1330507941545],[175.657255875898,-39.1330682050165],[175.657276930395,-39.13308900524],[175.657296146089,-39.1331077870134],[175.657322304202,-39.1331236653117],[175.657382523403,-39.1331312159617],[175.657425129824,-39.1331391675051],[175.657449544269,-39.1331496512291],[175.657473845993,-39.1331689475778],[175.657492439055,-39.1331946085034],[175.657522223227,-39.1332131500193],[175.657558093735,-39.1332294931705],[175.657585471577,-39.1332309280217],[175.657619658116,-39.1332493690687],[175.657644961455,-39.1332659532932],[175.657685961394,-39.1332780603815],[175.657709271153,-39.1332885115964],[175.657731855029,-39.133303098357],[175.657765707405,-39.1333126234115],[175.657804713775,-39.1333185974633],[175.657835017573,-39.1333275169697],[175.657860682195,-39.1333537029732],[175.6579064177,-39.1333979655288],[175.657925578659,-39.1334387163785],[175.65793257333,-39.1334535912545],[175.657943446081,-39.1334685127741],[175.657950281842,-39.1334862048357],[175.657964316874,-39.1335078516041],[175.657979958489,-39.1335253427221],[175.657991042942,-39.1335388188414],[175.658010465418,-39.1335630886579],[175.658036778651,-39.1335830813375],[175.658052291311,-39.1335971437991],[175.65805982718,-39.1336100143916],[175.658058401209,-39.1336189705043],[175.658044698219,-39.1336295806732],[175.658005558067,-39.1336435163958],[175.657991958247,-39.1336568692951],[175.657939219424,-39.1336841587681],[175.657915128569,-39.1336998105456],[175.657876920659,-39.1337150979487],[175.657858088192,-39.1337299432289],[175.657847311058,-39.1337480371887],[175.65783547144,-39.1337613499057],[175.657833528664,-39.1337806152775],[175.657825502381,-39.1337909003912],[175.657809591037,-39.1337996960269],[175.657803709908,-39.1338073807975],[175.657801945055,-39.1338307610968],[175.657795983067,-39.1338597282474],[175.657774092172,-39.1338870002634],[175.657745779458,-39.1339075538243],[175.657740049663,-39.1339426941556],[175.657744217507,-39.1339597606046],[175.657745267748,-39.1339876794495],[175.6577378924,-39.1340035534018],[175.657736232589,-39.1340052489594],[175.657721648737,-39.1340158782889],[175.657709655429,-39.1340250764134],[175.657696002723,-39.1340370574898],[175.657687996635,-39.1340585206983],[175.657692654677,-39.1340886185241],[175.657695343771,-39.1341132701921],[175.657710670022,-39.1341692097209],[175.657714292596,-39.1341952130848],[175.65770934027,-39.1342275896824],[175.657692084966,-39.1342609334934],[175.657686952012,-39.134288508726],[175.657690003467,-39.1343227621954],[175.657704812635,-39.1343649853647],[175.657710663944,-39.1343806151807],[175.657711530865,-39.1344381017619],[175.65770726222,-39.134471094301],[175.657689881635,-39.1344972345438],[175.657677683544,-39.1345146753127],[175.657666021834,-39.1345464058814],[175.657654415007,-39.1345795649502],[175.657651551696,-39.1346010837906],[175.657654783547,-39.1346381953533],[175.657674260622,-39.1346677856843],[175.657689960526,-39.1346946008864],[175.657720339061,-39.1347210820634],[175.65774548249,-39.1347548332525],[175.657774401952,-39.1347913586834],[175.657794094119,-39.1348266639994],[175.657815514228,-39.1348590703766],[175.657831321781,-39.13488874441],[175.657854522403,-39.1349196794971],[175.657887166548,-39.1349575496599],[175.657919272005,-39.1349811309681],[175.657944146805,-39.1350077367713],[175.657978195236,-39.1350341341332],[175.658006631061,-39.1350577982542],[175.658048126394,-39.1350868860662],[175.658084117995,-39.135107771395],[175.658107755544,-39.1351148951649],[175.658136088798,-39.1351348164871],[175.658160910931,-39.1351437853156],[175.658175907462,-39.135155956798],[175.658207745636,-39.1351683403356],[175.658237356785,-39.1351825630065],[175.658261076613,-39.1352028787774],[175.658284527631,-39.1352160501101],[175.658332667534,-39.1352346166347],[175.658352071128,-39.1352419207685],[175.658381459435,-39.1352501889304],[175.658408755118,-39.1352638679962],[175.658422423071,-39.1352814329192],[175.658438050415,-39.1352900151361],[175.65846311909,-39.1353055333342],[175.658490683655,-39.1353263568109],[175.658510334903,-39.1353402103275],[175.658548154164,-39.1353488824239],[175.6585625885,-39.1353664307382],[175.658582734871,-39.135373121473],[175.658598181838,-39.1353769401393],[175.658617067978,-39.1353908111008],[175.658633840272,-39.1354094979535],[175.658637479947,-39.1354249088242],[175.658656052429,-39.1354304444598],[175.658676176434,-39.1354365401832],[175.658687328477,-39.1354482038445],[175.658697084687,-39.1354634750994],[175.658707606046,-39.1354787288884],[175.658731822346,-39.1354918817593],[175.658749179435,-39.1354924171122],[175.658754104848,-39.1354984047835],[175.658756476927,-39.1355126535739],[175.658769536515,-39.1355180762865],[175.658791769738,-39.135523289596],[175.658801104693,-39.1355273666713],[175.658805204611,-39.135538714712],[175.658798134152,-39.1355460275743],[175.658824521072,-39.1355640174435],[175.658846754314,-39.1355692307419],[175.658874385106,-39.135571460418],[175.658896618353,-39.1355766737066],[175.658917446434,-39.135593360695],[175.658932663005,-39.1356073153708],[175.658961423263,-39.1356395539654],[175.658971242305,-39.1356564922573],[175.658996655575,-39.1356973875673],[175.659013001661,-39.1357413511689],[175.659015750273,-39.1357656023305],[175.659016825952,-39.1357941818421],[175.659029342161,-39.1358339418101],[175.659033603473,-39.1358495763169],[175.659053619325,-39.1358934561354],[175.659071046745,-39.1359173712934],[175.659096191296,-39.1359511230477],[175.65911216099,-39.1359850833514],[175.659123976894,-39.136006266201],[175.659139570123,-39.1360302241222],[175.659171730257,-39.1360552335751],[175.659209933174,-39.1360823834762],[175.659210315044,-39.1360828477387],[175.659220026634,-39.1360969280537],[175.659235216474,-39.1361101679704],[175.659255750118,-39.1361189957236],[175.659264491354,-39.1361316675346],[175.659278924879,-39.1361492157727],[175.65928893233,-39.1361711552195],[175.659309220672,-39.1361978663291],[175.659331992058,-39.1362173692773],[175.659336603115,-39.1362422923322],[175.659344182501,-39.1362728684287],[175.659370109391,-39.136303026524],[175.659367407924,-39.1363288318604],[175.659352077003,-39.136360646359],[175.659343656347,-39.1363808614592],[175.659350965656,-39.1364042931552],[175.659399885705,-39.1364110421216],[175.659424356982,-39.1364269305052],[175.659440679864,-39.136445866237],[175.659449986021,-39.1364735424926],[175.659467414882,-39.1364974575531],[175.659473376166,-39.136509478394],[175.659508370528,-39.136536569016],[175.659515733689,-39.1365614292235],[175.659530678421,-39.1365925524595],[175.659545140139,-39.1366108144438],[175.659566049406,-39.1366296454349],[175.659585907581,-39.1366449237883],[175.659603174,-39.1366645523772],[175.659620549182,-39.1366870388861],[175.659648419395,-39.1367200129471],[175.659672485349,-39.1367494972348],[175.659681250529,-39.1367871976938],[175.659688180267,-39.1368249400631],[175.659663756287,-39.1368591073138],[175.65966078594,-39.1368777682291],[175.659669984651,-39.1369025865113],[175.659666473155,-39.136931270754],[175.659682281985,-39.1369609444837],[175.659693288108,-39.1369850061656],[175.659706318024,-39.1370140280199],[175.659722019289,-39.1370408437938],[175.659744169238,-39.137068226736],[175.659763325088,-39.1370892428066],[175.659793518275,-39.1371107212585],[175.659818285794,-39.13713446868],[175.659848286501,-39.1371752599277],[175.659869224054,-39.1371948046398],[175.659896368208,-39.1372084868008],[175.659919059392,-39.137225846378],[175.659941209477,-39.1372532292773],[175.659953916714,-39.1372736772528],[175.659978899604,-39.1373031414321],[175.659995817705,-39.1373134813685],[175.659995330426,-39.1373249341195],[175.659993684431,-39.137329977194],[175.660007822464,-39.1373396661916],[175.660010275546,-39.1373560572774],[175.66001013918,-39.1373767985582],[175.660028135287,-39.1373914040289],[175.660045600954,-39.1373930898743],[175.660049505278,-39.1373980674558],[175.660049828126,-39.1374066412997],[175.660060242578,-39.1374149846749],[175.660074626913,-39.1374067902784],[175.660082587109,-39.1373987425942],[175.660096753203,-39.1374091453653],[175.660104388702,-39.1374168368757],[175.660118419149,-39.1374236679107],[175.660126162271,-39.1374342173671],[175.66012772572,-39.1374513440943],[175.660127426788,-39.1374677980284],[175.660129826111,-39.1374827605865],[175.660142939961,-39.1374896116509],[175.66016123214,-39.1375120780302],[175.660161112838,-39.137512504185],[175.660191775307,-39.1375235806559],[175.660194257232,-39.1375356367755],[175.660194822258,-39.1375506412252],[175.660201756449,-39.1375640695568],[175.660211955696,-39.1375666970217],[175.66023502669,-39.1375697458322],[175.660250650487,-39.1375701043221],[175.660264976906,-39.1375847935679],[175.660274608214,-39.1375967305417],[175.660296033242,-39.1376048224174],[175.660307419319,-39.1376145742311],[175.660320505173,-39.1376207114886],[175.660333347099,-39.1376447311742],[175.66035004892,-39.1376493551861],[175.660355870738,-39.1376636251438],[175.660380979562,-39.1376741545257],[175.660395981622,-39.1376823930862],[175.660408931431,-39.1377011669729],[175.660435409277,-39.1377215382015],[175.660449475507,-39.137737426178],[175.660473362962,-39.1377540429915],[175.660507108671,-39.1377723409582],[175.660539846825,-39.1377963836407],[175.660558626365,-39.1378073963],[175.660574958993,-39.1378184648489],[175.66060323507,-39.1378540510575],[175.660626043228,-39.1378745060655],[175.66065460817,-39.1378852951838],[175.660676272609,-39.1378825092762],[175.660690047437,-39.1378835324747],[175.660719477624,-39.1378847674283],[175.660734264477,-39.1378872900497],[175.660746928503,-39.1378984423778],[175.660759376085,-39.1379038788386],[175.660787511624,-39.1379032361125],[175.660818487615,-39.1379130160429],[175.660832123371,-39.1379174721847],[175.66084356338,-39.137928652464],[175.660848563716,-39.1379313986386],[175.660870582539,-39.1379308956259],[175.660884182395,-39.1379343985127],[175.6608966659,-39.1379407882069],[175.660927858384,-39.137956283972],[175.660951243657,-39.137959564201],[175.66096210951,-39.1379555014911],[175.660981502012,-39.1379502917159],[175.660995101877,-39.1379537945895],[175.661013630339,-39.1379581389317],[175.661028345432,-39.1379587559178],[175.661032051111,-39.1379596244254],[175.661059071441,-39.1379618675165],[175.66106522292,-39.1379626810462],[175.661080117459,-39.1379680615679],[175.661101415832,-39.1379809238278],[175.66111523103,-39.1379901425774],[175.661110911366,-39.1380054964608],[175.661123539596,-39.1380156963966],[175.661127352941,-39.1380194228461],[175.661133755627,-39.1380269046106],[175.661146455617,-39.1380390092403],[175.661162501308,-39.1380424571146],[175.661186464639,-39.1380285607585],[175.661214527273,-39.1380260123573],[175.661247520819,-39.1380243053569],[175.661258494363,-39.1380231014646],[175.661281700179,-39.1380216171843],[175.661306345404,-39.1380258217215],[175.661323757532,-39.1380330519252],[175.661360635036,-39.1380369760579],[175.661361234912,-39.1380348433995],[175.661366751768,-39.1380368362966],[175.66137056516,-39.1380405636378],[175.661371859803,-39.1380424403923],[175.661374593863,-39.1380500059679],[175.6613797019,-39.1380556100632],[175.661391935366,-39.1380553305382],[175.661424855968,-39.1380517179171],[175.661444858593,-39.1380627024834],[175.661458314943,-39.1380623950088],[175.661465905793,-39.1380688955362],[175.661477238248,-39.1380772178043],[175.661488498945,-39.1380836353751],[175.661502421889,-39.1380957120204],[175.661513503116,-39.1380973660481],[175.661535773217,-39.1381035311444],[175.66154073771,-39.1381053249398],[175.661562612978,-39.1381010106022],[175.661573335285,-39.1380931384439],[175.661593230262,-39.1381012650394],[175.661591502376,-39.138120374188],[175.66160535239,-39.1381305452503],[175.661621471043,-39.1381358977293],[175.661633882847,-39.1381403817447],[175.661659822783,-39.1381464629561],[175.661671262958,-39.1381576431478],[175.66169590825,-39.1381618476001],[175.661709723559,-39.1381710662749],[175.661724869477,-39.1381831158461],[175.661756709647,-39.1381833413934],[175.661764444143,-39.1381936530914],[175.661770919837,-39.138203039487],[175.66178577859,-39.1382074675668],[175.661801716623,-39.1382080565069],[175.661812905564,-39.1382125684487],[175.661830570209,-39.1382264667813],[175.661845464857,-39.1382318472009],[175.66186273463,-39.1382352661025],[175.66186812991,-39.1382484916567],[175.661886766156,-39.1382556928984],[175.661913750728,-39.1382569834385],[175.661926126684,-39.1382605150736],[175.661957138897,-39.1382712479374],[175.66202326512,-39.1383040615118],[175.662040893907,-39.1383170065623],[175.662059996912,-39.1383365927941],[175.662067551957,-39.1383421409316],[175.662082733861,-39.1383551428001],[175.662107738241,-39.1383688733376],[175.662126266871,-39.1383732174963],[175.662149795886,-39.1383803068676],[175.662165913478,-39.138385659294],[175.662189443691,-39.1383927495307],[175.662206784178,-39.1383980740006],[175.662218260404,-39.1384102073813],[175.662232075828,-39.1384194259897],[175.662248445899,-39.1384314466099],[175.66226992299,-39.1384490722066],[175.662275283594,-39.1384613444643],[175.662294566233,-39.1384856941907],[175.66229496115,-39.1384961727121],[175.662292045296,-39.1385162621892],[175.662306398185,-39.1385397714251],[175.662338562803,-39.1385485706074],[175.662360797218,-39.1385537831907],[175.662395192236,-39.1385568114681],[175.662412749365,-39.1385678517627],[175.662433832688,-39.1385749969792],[175.662461824842,-39.1385705435507],[175.662467184334,-39.1385828158244],[175.662483373818,-39.1385900737988],[175.662506473249,-39.1385857322009],[175.662522267752,-39.1385825107502],[175.662532413416,-39.1385918132092],[175.662553639252,-39.1386027696185],[175.66257000942,-39.1386147901897],[175.662587098645,-39.1386134463698],[175.662595195571,-39.1386008664932],[175.662604693748,-39.138593021323],[175.662620884404,-39.1386002792513],[175.662637253426,-39.1386122998391],[175.662659272429,-39.1386117964812],[175.662686472596,-39.1386188027195],[175.662704929494,-39.1386212411882],[175.662720116752,-39.1386219201384],[175.662721944524,-39.1386224405249],[175.662780780914,-39.1386197449924],[175.662797917237,-39.138611487347],[175.662815267866,-39.1386089456076],[175.6628290833,-39.1386100595154],[175.662860519869,-39.1386157769513],[175.662885450558,-39.138643811022],[175.662897916489,-39.1386578280418],[175.662913376928,-39.1386782127323],[175.662929728182,-39.138697861728],[175.662945756231,-39.1387089368992],[175.662972010734,-39.1387233539916],[175.66298714799,-39.1387351648493],[175.663008895719,-39.1387518300493],[175.663024950703,-39.1387636190187],[175.663054686542,-39.1387729510153],[175.663078970904,-39.1387838373977],[175.663102230935,-39.1387918867916],[175.663134504518,-39.138795439036],[175.663155740511,-39.1387985292162],[175.663179917148,-39.1388065576366],[175.663209329777,-39.1388073157725],[175.663232589829,-39.1388153651395],[175.663245973608,-39.1388293611337],[175.66325536314,-39.1388348672457],[175.663266749783,-39.1388446178469],[175.663295084188,-39.1388411095591],[175.663322822944,-39.1388461960953],[175.663348267577,-39.1388634920229],[175.663358845432,-39.1388761224132],[175.663369341293,-39.138886608699],[175.663387015232,-39.1388926406914],[175.663409357581,-39.1389007110071],[175.663437016679,-39.1389036533588],[175.663462274566,-39.1388916341704],[175.663478330339,-39.1388791109797],[175.663507258054,-39.1388670078624],[175.663550244879,-39.13886244912],[175.663591450097,-39.1388593617563],[175.663617004288,-39.1388552016429],[175.663648872644,-39.1388480367232],[175.663683654756,-39.1388450962156],[175.663710288355,-39.1388452024521],[175.663758319623,-39.1388526852094],[175.663777354081,-39.1388565400493],[175.663852062835,-39.1388548314431],[175.663901525464,-39.1388515551178],[175.663928130954,-39.1388509466213],[175.663950605205,-39.1388517767704],[175.664316964343,-39.1388195426385],[175.664328400734,-39.1388174810089],[175.664460920965,-39.1388063611721],[175.664561505912,-39.1388040034124],[175.664743527107,-39.1387997356314],[175.664925548298,-39.1387954684668],[175.664998170219,-39.1388050196502],[175.66523032542,-39.1388051860753],[175.665408960008,-39.1387939468948],[175.66550988104,-39.1387916373817],[175.665729127396,-39.1387615914717],[175.665889683411,-39.1387579167681],[175.665967667618,-39.1387561318353],[175.666120936115,-39.138802681104],[175.666214704505,-39.1388541670189],[175.666348275706,-39.1388654113928],[175.666435838554,-39.1388741331525],[175.666576964266,-39.1389638658235],[175.666633090749,-39.1389911848697],[175.666727264368,-39.1390533882677],[175.666770168815,-39.1390953119769],[175.666833445613,-39.1391904015289],[175.666877159467,-39.1392537601269],[175.667008782959,-39.1394414815015],[175.667027958934,-39.1394555408195],[175.667176859003,-39.1395371702774],[175.66729046517,-39.1396480108934],[175.667474670865,-39.1397004364458],[175.667589376099,-39.1398396249656],[175.667702972662,-39.1399504563715],[175.667851885247,-39.1400320927594],[175.667965482535,-39.1401429238809],[175.668079080523,-39.1402537638786],[175.668192688934,-39.1403645945115],[175.668306287609,-39.1404754333589],[175.66845520284,-39.1405570607782],[175.668568800777,-39.1406678912664],[175.668717717051,-39.1407495273242],[175.668831316835,-39.1408603566013],[175.668944916197,-39.1409711956812],[175.669058528294,-39.1410820253433],[175.669172128377,-39.141192864173],[175.669285729636,-39.1413036938497],[175.669399343154,-39.1414145321378],[175.66947763937,-39.1415545738471],[175.66959124055,-39.1416654032092],[175.669745102264,-39.1418746055698],[175.669894009383,-39.1419562312624],[175.670042929895,-39.1420378654613],[175.670191838847,-39.1421194907205],[175.670250194565,-39.142151475839],[175.670379152497,-39.1422591856212],[175.67042624369,-39.1422902856535],[175.67048750235,-39.1423317871033],[175.670599358451,-39.1423757040986],[175.670636733872,-39.1423927239227],[175.670726057592,-39.1424478846175],[175.670852082685,-39.1425022027352],[175.671108701991,-39.1426104995292],[175.671220796077,-39.1426900226416],[175.671387435987,-39.1427882471094],[175.67149788567,-39.1429116956282],[175.671662924121,-39.1430107140877],[175.671812160971,-39.1431269589759],[175.671874025335,-39.1432149815219],[175.671987633306,-39.1433258172952],[175.672136558726,-39.143407439613],[175.672251267806,-39.1435466240973],[175.67227039433,-39.143565281009],[175.672420835481,-39.1437963061417],[175.672556182366,-39.1439755506217],[175.672667510109,-39.1441267430367],[175.672729718018,-39.1441932497264],[175.672979348955,-39.144356867295],[175.673088478475,-39.1444633289809],[175.673503248917,-39.1448224495846],[175.673616862121,-39.144933284462],[175.673765781244,-39.1450149047575],[175.673914712607,-39.1450965335854],[175.674105477861,-39.145228618586],[175.674248983655,-39.1453132950027],[175.674406588803,-39.1454117278379],[175.674546666362,-39.145524669431],[175.674676756827,-39.1456131858423],[175.674770138416,-39.1456884774082],[175.674883371039,-39.1458090892242],[175.675001311053,-39.1458654785102],[175.675079623644,-39.1460055166986],[175.675193240871,-39.1461163399638],[175.675355783591,-39.1462100679067],[175.675393034057,-39.1462837149357],[175.675409810213,-39.1463378013988],[175.675453671691,-39.1464047279951],[175.675473105432,-39.1464328855191],[175.675521418602,-39.1464961350067],[175.675546117186,-39.1465420492652],[175.67558484948,-39.146594791663],[175.675633299383,-39.1466616136776],[175.675667849806,-39.1467251783706],[175.675726693077,-39.1468239412355],[175.675799436069,-39.1469259595452],[175.675900111525,-39.1470380623011],[175.675967453516,-39.1471187511797],[175.676116715731,-39.1473012481512],[175.676160443125,-39.1473646018202],[175.676190135541,-39.1474211274335],[175.676196483646,-39.1474674631959],[175.676180163159,-39.1475214712735],[175.676163571832,-39.1475683332354],[175.6761571033,-39.1476399926206],[175.676158186366,-39.1476685716746],[175.676205554471,-39.1477068134425],[175.676247386797,-39.1477201541728],[175.676340091182,-39.1477430521428],[175.676391098643,-39.1477561819814],[175.676451417776,-39.14777267353],[175.676516731259,-39.147799776524],[175.676559645772,-39.1478416962086],[175.676593251006,-39.1478802550023],[175.676627532137,-39.1479366750373],[175.6766709896,-39.1479928841687],[175.676686648637,-39.1480425816269],[175.676693132532,-39.1480924890493],[175.676717290827,-39.1481241134828],[175.676750488859,-39.148151954434],[175.676801767539,-39.1481722292882],[175.67682053071,-39.1481735124793],[175.676952196498,-39.1482456618984],[175.677101126477,-39.1483272784085],[175.677285373526,-39.1483796969614],[175.677398998163,-39.1484905186801],[175.677547940719,-39.1485721343138],[175.677626261543,-39.1487121695507],[175.677739899163,-39.1488229996293],[175.67781822036,-39.1489630266076],[175.677860135616,-39.1491039203323],[175.677938456234,-39.1492439472311],[175.678053196979,-39.1493831249067],[175.678131519812,-39.1495231606202],[175.678245147674,-39.1496339813834],[175.678395195876,-39.1497439527512],[175.678508824513,-39.1498547732265],[175.678736095928,-39.15007642251],[175.678885030976,-39.1501580446364],[175.679069284894,-39.1502104520108],[175.679182915346,-39.1503212717571],[175.679332965306,-39.1504312418294],[175.679446596532,-39.1505420612878],[175.679524923529,-39.1506820967981],[175.679603262376,-39.1508221310757],[175.679716894676,-39.1509329502269],[175.679831630204,-39.1510721261619],[175.679980581015,-39.1511537383631],[175.680129531009,-39.1512353503873],[175.68027847128,-39.1513169714486],[175.680393208244,-39.1514561386604],[175.680613874695,-39.151507693778],[175.6807970292,-39.1515317494814],[175.680945970496,-39.151613360635],[175.681094924035,-39.1516949803201],[175.681173254152,-39.1518350055634],[175.681215176882,-39.1519758968521],[175.681221794898,-39.1521459958018],[175.681349231311,-39.1526111856107],[175.681355848298,-39.1527812755484],[175.681504793263,-39.1528628948582],[175.681690158255,-39.1529436456319],[175.68183910397,-39.1530252653867],[175.681988060052,-39.1531068747969],[175.682066395099,-39.1532469073671],[175.682180035253,-39.153357723802],[175.682185552346,-39.1534994747349],[175.682191067946,-39.1536412157891],[175.682232994002,-39.1537821074642],[175.682274932958,-39.1539229988225],[175.682316859038,-39.1540638814485],[175.682395194774,-39.1542039146439],[175.68243712129,-39.1543447972064],[175.682550764215,-39.15445562218],[175.682699725339,-39.1545372305012],[175.682881784404,-39.1545329347936],[175.683063833061,-39.1545286399418],[175.683245893205,-39.1545243436395],[175.683404995194,-39.1545194084602],[175.68354496767,-39.1545125804997],[175.683790266353,-39.1545384913266],[175.683979813669,-39.1546432061617],[175.684128593163,-39.1547305141628],[175.684311746948,-39.1547545741316],[175.684460709474,-39.1548361801291],[175.684609661934,-39.1549177861626],[175.68472332072,-39.1550286094879],[175.684836967962,-39.1551394239533],[175.684950627435,-39.1552502461278],[175.685134886104,-39.1553026435325],[175.685283851906,-39.1553842492695],[175.685469216483,-39.15546500378],[175.685618182965,-39.1555466081616],[175.685801338916,-39.1555706566908],[175.685950305209,-39.1556522705527],[175.686135683585,-39.1557330146529],[175.686177618919,-39.1558739045442],[175.686219552938,-39.156014785437],[175.686261488672,-39.1561556761804],[175.686339834612,-39.1562957054223],[175.68645349802,-39.1564065178615],[175.686603561888,-39.1565164787527],[175.686717214509,-39.1566272911703],[175.68686618491,-39.1567088947044],[175.68701514324,-39.1567905064292],[175.687164114318,-39.1568721095558],[175.687350602249,-39.1569812091777],[175.687499561389,-39.1570628121385],[175.687683839248,-39.1571152049688],[175.687832800539,-39.1571968164526],[175.68798287827,-39.1573067661773],[175.688288001582,-39.1576542514222],[175.68840276376,-39.1577934097199],[175.688623455311,-39.1578449496071],[175.688772418866,-39.1579265507864],[175.688899429029,-39.158063256403],[175.689036158672,-39.1581473180981],[175.689114524046,-39.1582873457935],[175.689193984443,-39.15845571324],[175.689272338942,-39.1585957410666]]},"properties":{"TechObjectName":"Oturere Hut To Emerald Lakes Track (Tnc)","ObjectType":"Track Visitor"}},{"type":"Feature","geometry":{"type":"LineString","coordinates":[[175.6486458155,-39.1368353082359],[175.648709506518,-39.1367992971407],[175.648796385524,-39.13674905125],[175.648910468519,-39.1367101057634],[175.648984962579,-39.1366357094228],[175.649090529372,-39.1364920753969],[175.649173944484,-39.1363927557847],[175.64930661736,-39.1363067853795],[175.649510863926,-39.1361705606859],[175.649635499768,-39.1360661805073],[175.649683057656,-39.1360121815023],[175.649719875389,-39.1359655773794],[175.649753291311,-39.1359262012097],[175.649779473807,-39.1358898508966],[175.649829134853,-39.1358429536648],[175.649900975036,-39.1357998438047],[175.650047187357,-39.1357321576687],[175.650194697652,-39.1356501406652],[175.650298869049,-39.1355877009167],[175.650402556672,-39.1355124015865],[175.650464899618,-39.1354609253534],[175.650552824364,-39.1354060074501],[175.650620618605,-39.1353529764314],[175.650680805327,-39.1352929688206],[175.650712384975,-39.1352536341692],[175.650780554316,-39.1352106073128],[175.650892600137,-39.1351622907945],[175.650984728873,-39.1351215780472],[175.651092180865,-39.1350976789329],[175.651224998851,-39.1350646220267],[175.651354199478,-39.1350330770652],[175.65148313297,-39.1349943865651],[175.651581088045,-39.1349621228552],[175.651690482248,-39.1349410393899],[175.651785089288,-39.1349174329605],[175.651871540604,-39.134921185585],[175.652055947788,-39.1348926731195],[175.652179160941,-39.1348483912768],[175.652269294458,-39.1348034327884],[175.652349608197,-39.1347415353756],[175.65238766765,-39.1346791703464],[175.652463454223,-39.1345944917625],[175.652558715592,-39.1345394052972],[175.652683601099,-39.1344907946796],[175.652770706889,-39.1344630672237],[175.652817232997,-39.1344305421894],[175.652861385971,-39.1343837700354],[175.65293624105,-39.1343315462641],[175.652994475329,-39.1343091096302],[175.653051232836,-39.1342923229178],[175.653119792309,-39.1342842062533],[175.653206316095,-39.1342858111608],[175.65328123795,-39.1342841045461],[175.653344692039,-39.1342826591132],[175.653397108072,-39.1342725261983],[175.653446670781,-39.1342475598028],[175.65348539669,-39.1342192654198],[175.653519333983,-39.1341857169572],[175.653548009398,-39.1341546721822],[175.653597889846,-39.1341177802602],[175.653647385296,-39.1340910278947],[175.653694092032,-39.1340714905175],[175.653749566064,-39.1340612877771],[175.653806746958,-39.1340558137725],[175.653868448043,-39.1340484484329],[175.653955512982,-39.1340440808939],[175.65400763685,-39.1340262082835],[175.654063114281,-39.1339957437054],[175.654104316459,-39.1339518987349],[175.654166249212,-39.1339099652004],[175.654217185071,-39.1338807959489],[175.654294537154,-39.1338623474353],[175.654378815466,-39.1338449329464],[175.654447535464,-39.1338207223805],[175.654526847233,-39.1337932901617],[175.654593362355,-39.1337715126827],[175.654669569943,-39.1337429601008],[175.654748836784,-39.1337143368439],[175.654826956928,-39.1336756088642],[175.654873009808,-39.1336590661535],[175.654926033607,-39.1336447465601],[175.654993582091,-39.1336300967757],[175.655052540968,-39.1336108759959],[175.655092366593,-39.1335914940111],[175.655126410332,-39.1335811836023],[175.655205564922,-39.133549583266],[175.655252699159,-39.1335210966333],[175.655344244964,-39.1334731233702],[175.655411550175,-39.1334316631163],[175.655438500391,-39.133409407815],[175.655488339925,-39.1333392127552],[175.65549763001,-39.1332932344115],[175.655550417911,-39.1332319623535],[175.655649559367,-39.1331825057547],[175.655682915327,-39.1331594133498],[175.655713140881,-39.1331152658196],[175.655733385801,-39.1330676079368],[175.655775755471,-39.1330223051132],[175.655818501103,-39.1329870055857],[175.655850345441,-39.1329548150107],[175.655878359063,-39.132918421608],[175.655924291833,-39.1328701770797],[175.655999914303,-39.1328322845691],[175.656203561766,-39.1327045468129],[175.656221715502,-39.1326974912825],[175.656247943927,-39.1326868812851],[175.656308951863,-39.1326733330694],[175.656357873468,-39.1326557702893],[175.656373903452,-39.1326425324306],[175.656391797708,-39.1326056543538],[175.656415171117,-39.1325679359916],[175.656432283105,-39.1325346505845],[175.656453172099,-39.1325041403473],[175.656479000663,-39.1324585000802],[175.656504288749,-39.1324228831158],[175.656551325328,-39.1323796186625],[175.656589724773,-39.1323508541257],[175.656624912523,-39.1323343197912],[175.656687243796,-39.1323071535795],[175.65674598731,-39.1322822160493],[175.656803974258,-39.1322615850088],[175.656864794803,-39.1322430352896],[175.656895356452,-39.1322302496983],[175.656912287826,-39.1322119181471],[175.656925974801,-39.1321608330108],[175.656948564464,-39.132126708158],[175.656976170014,-39.1321039105237],[175.657019290629,-39.1320786129919],[175.657041768591,-39.1320659432876],[175.657078548438,-39.1320429363552],[175.657110311182,-39.1320086022224],[175.657200962377,-39.1318799609712],[175.657276202809,-39.1317809906346],[175.657326155596,-39.1317176364835],[175.657395859991,-39.131642390967],[175.657455580904,-39.1315702326851],[175.657498920012,-39.1315263377858],[175.657523585231,-39.1314986016164],[175.657544554037,-39.1314702335477],[175.657574964725,-39.1314488024299],[175.657611905303,-39.1314300818287],[175.657658318534,-39.1313946979603],[175.657710021508,-39.1313534725622],[175.657764651052,-39.1313096974409],[175.657841023458,-39.1312368590226],[175.657851481052,-39.1312287301801],[175.657961880125,-39.1311115028139],[175.658059519511,-39.1310222705907],[175.658178072341,-39.1309194509014],[175.658291410533,-39.1308000642298],[175.658447832201,-39.1306463224359],[175.658601957995,-39.1305128944433],[175.658734857282,-39.1303847174992],[175.658813828436,-39.1303280905871],[175.658889384087,-39.1302620062892],[175.65896143347,-39.1301840837607],[175.659037123273,-39.1301215720431],[175.659106786521,-39.1300615816778],[175.659174832162,-39.1299992443756],[175.659235052242,-39.1299323189399],[175.659330303798,-39.1298610179668],[175.659435988132,-39.1297823272533],[175.659514510991,-39.1297137909891],[175.659600005285,-39.1296272186182],[175.659679922378,-39.1295550755756],[175.659750889401,-39.1294890955029],[175.659844655668,-39.1294190199441],[175.659902848722,-39.1293795517321],[175.659935229271,-39.1293454414805],[175.659965902601,-39.1293066016562],[175.659998686514,-39.1292832084841],[175.660093707412,-39.1292464749134],[175.660165346181,-39.1291983570328],[175.660256645968,-39.1290627859161],[175.660348124752,-39.1289319782895],[175.660422467003,-39.1288337409058],[175.660422626264,-39.1288330246436],[175.660426828659,-39.1288276826285],[175.660450982079,-39.1287782652826],[175.66047994544,-39.1287346976336],[175.660504860981,-39.1287055244743],[175.66052950748,-39.1286692059824],[175.660546509086,-39.1286330629993],[175.660551547827,-39.1286043438239],[175.660548673802,-39.1285686539072],[175.660556726815,-39.1285386739718],[175.660567069843,-39.1285289033353],[175.660585331352,-39.128485580097],[175.660586775256,-39.1284426409842],[175.660573020202,-39.1284024319496],[175.660569922029,-39.1283607884926],[175.660578471644,-39.1283033850355],[175.660581265179,-39.1282556474467],[175.660598042484,-39.1282135500181],[175.660608569376,-39.128168019616],[175.660589485279,-39.1280408911817],[175.660590560387,-39.1280336863231],[175.660587362716,-39.1280111814986],[175.660579544312,-39.1279660701162],[175.660537462174,-39.1279050554609],[175.660488233123,-39.1278167918443],[175.660407822153,-39.1277316485254],[175.660386843691,-39.1277249527559],[175.660328074189,-39.1277084171911],[175.660280998458,-39.1276773124876],[175.66025537072,-39.1276469098538],[175.66022174076,-39.1276071555675],[175.660178757773,-39.1275628472181],[175.66012147748,-39.1275045633078],[175.660071437494,-39.1274353877166],[175.660014426319,-39.1273842481781],[175.65995818222,-39.1273128303848],[175.659935612663,-39.1272823578417],[175.659900409287,-39.1272414474728],[175.659875548895,-39.1271907665179],[175.659827353212,-39.1271298911859],[175.659827407506,-39.1271278610824],[175.659788056141,-39.1271021843924],[175.659732931805,-39.1270605369245],[175.659668860231,-39.1270250523806],[175.659582397539,-39.1269638587605],[175.659532802552,-39.1269471142113],[175.65947529393,-39.1269233979406],[175.659430782893,-39.126879124187],[175.659374041523,-39.1268351296358],[175.659303405338,-39.1267878774309],[175.65922678904,-39.1267443365378],[175.659135332654,-39.1267130525893],[175.659061231207,-39.1266956744527],[175.658981058875,-39.1266796276604],[175.658923685066,-39.126659483772],[175.658887446483,-39.1266317068514],[175.65886797998,-39.1266190401496],[175.658840461708,-39.1266029832937],[175.658763755121,-39.126557060324],[175.658667355128,-39.1265163544365],[175.658620503765,-39.1264912034809],[175.658571720294,-39.1264553693873],[175.658524959759,-39.1264326001448],[175.658465698983,-39.1264029646898],[175.658409585718,-39.1263756411979],[175.658354598295,-39.1263375656703],[175.658310849786,-39.1263135347876],[175.658262469748,-39.1262884185696],[175.658215261512,-39.1262537411879],[175.658182892389,-39.1262068060331],[175.658141874879,-39.1261669386114],[175.658085535065,-39.1261307542058],[175.657837747916,-39.1259200773064],[175.65780104631,-39.1258996810008],[175.657735222759,-39.1258582766713],[175.65768932007,-39.1258176097151],[175.657646250205,-39.1257709185433],[175.657612756973,-39.1257347360844],[175.657576159962,-39.1256974316123],[175.657547253561,-39.1256611444873],[175.65752531891,-39.1256068196039],[175.657524557694,-39.1255865762482],[175.657510088582,-39.1255273142902],[175.657488654857,-39.1254877854419],[175.657422636657,-39.1253885275752],[175.657421101018,-39.1253859535521],[175.657401253862,-39.1253593634984],[175.657372346541,-39.1253230763466],[175.657327391256,-39.1252668936537],[175.657280003873,-39.1252274514068],[175.657252536029,-39.1251887475596],[175.657231453629,-39.1251570486234],[175.657208617342,-39.1251194310257],[175.657173594557,-39.1250832824209],[175.657155031661,-39.1250372248394],[175.657149102938,-39.1250016044794],[175.657141957579,-39.1249743552645],[175.65712667638,-39.1249341814856],[175.657114253756,-39.124909404039],[175.65710416243,-39.1248974736458],[175.657018109905,-39.1248272469041],[175.656948304958,-39.1247287237783],[175.656892630878,-39.1246642041514],[175.656864914352,-39.1245618614817],[175.656864806914,-39.12455900352],[175.656851435927,-39.1244963794192],[175.656823764514,-39.1244440924702],[175.65680207971,-39.1244045412792],[175.656775160442,-39.1243722609491],[175.656757632804,-39.1243639155029],[175.656732160472,-39.1243517881138],[175.65667852806,-39.1243415696451],[175.65663574299,-39.124326812697],[175.656580275476,-39.1243166360341],[175.6565350108,-39.1242847740241],[175.656502588583,-39.1242526182235],[175.656446209248,-39.1242181492343],[175.656396953304,-39.1241777960489],[175.656353469048,-39.1241444627081],[175.656326603775,-39.124113610794],[175.656299308873,-39.1240713270198],[175.656218674694,-39.1240231377682],[175.656212285402,-39.1240194401463],[175.65607263516,-39.1239678000027],[175.655950525064,-39.1238943062249],[175.655814037463,-39.1237639318499],[175.655645006363,-39.1235818577146],[175.655501793432,-39.123353905639],[175.655473428633,-39.1232914970256],[175.655449430455,-39.1231982531594],[175.655410493644,-39.1230904450388],[175.655338491665,-39.1229333329333],[175.655279698169,-39.1228345586282],[175.655256942218,-39.1227664265037],[175.655208458224,-39.1226488249238],[175.655163965474,-39.122539712687],[175.655158104324,-39.1224325803151],[175.655166534706,-39.1223637382294],[175.655174267212,-39.1222763189092],[175.655204282149,-39.1221955431806],[175.65521494186,-39.1220837692935],[175.655212045564,-39.1220066699023],[175.655230182235,-39.1219074807789],[175.655244009206,-39.1218356552622],[175.655229835073,-39.1217515956804],[175.655198497085,-39.1216993927737],[175.655181137164,-39.121628277211],[175.65517829218,-39.1215525415344],[175.655192762152,-39.1214978638492],[175.655255743761,-39.1214149060229],[175.655271995011,-39.1213587570683],[175.655331084041,-39.121318795042],[175.655406092193,-39.1212627373818],[175.65544619206,-39.1212060447704],[175.65548618334,-39.1211464942067],[175.655480474382,-39.1210922764781],[175.655511615937,-39.1210415097843],[175.655531965335,-39.1209967090293],[175.655546275024,-39.1209377438827],[175.655549737805,-39.120883317075],[175.655560915418,-39.1208387262975],[175.655544379037,-39.1206917914819],[175.655531654354,-39.1206463149268],[175.655510025213,-39.1206081919402],[175.655467403736,-39.1205977218681],[175.655379734111,-39.1205611042622],[175.655207537293,-39.120424869004],[175.655194973931,-39.1203836798026],[175.655183279398,-39.1203167261641],[175.655177471232,-39.1202875075426],[175.655168344244,-39.120261288045],[175.655160308661,-39.1202428789542],[175.655139110415,-39.12021618773],[175.655148560532,-39.120174496775],[175.655160166534,-39.1201413370237],[175.655179433531,-39.1201165838989],[175.655191468957,-39.1200948569162],[175.655192552509,-39.1200748093161],[175.655182842932,-39.1200607285531],[175.655165528332,-39.1200396696421],[175.655166718088,-39.1200224800361],[175.6551683921,-39.120018151709],[175.655189278225,-39.1199876408487],[175.655208221991,-39.1199543147434],[175.655220043797,-39.1199268708964],[175.655224258301,-39.1198924498576],[175.655219891601,-39.1198739562427],[175.655209592779,-39.1198441570815],[175.655197834665,-39.119824402182],[175.65519676114,-39.1197958225033],[175.655199244113,-39.1197886144214],[175.655205696203,-39.1197648687113],[175.655213012138,-39.1197396735542],[175.655222188775,-39.119715151314],[175.655219442398,-39.1196908999366],[175.655214024043,-39.1196688554487],[175.65521305787,-39.1196431337375],[175.655211742795,-39.1196081234052],[175.655216064646,-39.1195765603335],[175.655216395344,-39.1195735410267],[175.655227134926,-39.1195291107108],[175.655211555863,-39.1194565256782],[175.655194775646,-39.1194091081395],[175.655194765264,-39.1194090164825],[175.655191252393,-39.1194047856581],[175.655184837186,-39.1193806179018],[175.65517737032,-39.1193528992723],[175.655171925163,-39.1193301400628],[175.655172631826,-39.1193000891484],[175.655179545181,-39.1192641768372],[175.655182054986,-39.1192576834727],[175.655186995246,-39.1192425534663],[175.655197142996,-39.1192194388497],[175.65520275805,-39.1191978573032],[175.655215496127,-39.1191703934716],[175.655214717826,-39.1191496729775],[175.655219689955,-39.119110944495],[175.655231215271,-39.1190756414873],[175.65523202542,-39.1190727626064],[175.655231515477,-39.1190591865825],[175.655230468815,-39.1190313216178],[175.655229314803,-39.1190005986849],[175.655237686204,-39.1189546412326],[175.655246621164,-39.1189236874378],[175.655259713074,-39.1188811981318],[175.655261284698,-39.118849697743],[175.655272729454,-39.1188122514808],[175.655275593127,-39.1187907326437],[175.655273737469,-39.1187657465336],[175.655281271832,-39.1187219532426],[175.655286943508,-39.1186820214005],[175.655288157247,-39.1186445650899],[175.655282083852,-39.1186132389575],[175.655281046112,-39.1185856116308],[175.65528227574,-39.1185531658646],[175.65528091595,-39.1185169646326],[175.655290956227,-39.1184909920416],[175.655306503229,-39.118448684611],[175.655299964671,-39.1184049742489],[175.655285224941,-39.1183709852376],[175.655281311554,-39.1183319817949],[175.655287003133,-39.1182879926627],[175.655285893825,-39.1182584597222],[175.655283740899,-39.1182337182285],[175.655275508735,-39.1182100693741],[175.655265516128,-39.1181721585685],[175.655265502861,-39.1181720516616],[175.655257570218,-39.1181561303614],[175.655249373844,-39.1181334338603],[175.655238696579,-39.1181098398334],[175.655234240584,-39.11808896532],[175.655220972814,-39.1180616167498],[175.655205116849,-39.1180305135831],[175.655182674741,-39.1180195834379],[175.655159045899,-39.1180096344092],[175.655139700071,-39.1179833775338],[175.655119273705,-39.1179609597706],[175.655085789511,-39.117949328106],[175.65506680155,-39.1179325983805],[175.655051553917,-39.1179176897473],[175.655031379233,-39.1179019411354],[175.655003401845,-39.117873974617],[175.654990992023,-39.1178590274253],[175.654984531872,-39.1178552736818],[175.654961942187,-39.1178129435465],[175.654957700934,-39.1177977840567],[175.654960582597,-39.1177767423005],[175.654976916817,-39.1177553939504],[175.654997169085,-39.1177406303048],[175.655021955999,-39.1177162279864],[175.655091461169,-39.117644086641],[175.655096466998,-39.117614415221],[175.655108451375,-39.117575049427],[175.655149035604,-39.1175150088706],[175.655186201496,-39.1174617211169],[175.655204193438,-39.1174193579696],[175.65521337486,-39.117370521633],[175.655219638928,-39.1173417747003],[175.65521626354,-39.1173170610651],[175.655201916553,-39.1172935515746],[175.655169583628,-39.1172799864449],[175.655146252766,-39.1172784262762],[175.655103886858,-39.1172645744758],[175.655080674939,-39.1172591295256],[175.655032623434,-39.1172506902681],[175.655006477057,-39.1172388904367],[175.654960657123,-39.1172246794576],[175.654916131269,-39.1172123453113],[175.654881137557,-39.1171931199082],[175.654842261618,-39.1171682621365],[175.654835288037,-39.1171455377334],[175.654821842917,-39.1171134263926],[175.654800415184,-39.1170643335705],[175.654793228133,-39.117035893197],[175.654790716546,-39.1170016254414],[175.654798890343,-39.116958532927],[175.654806420178,-39.1168982925909],[175.654801869415,-39.1168097234001],[175.654771899257,-39.1167471231746],[175.654768204341,-39.1167280619591],[175.654764013534,-39.1167135959173],[175.654751216791,-39.1166912636742],[175.654738922768,-39.116657218844],[175.654686187364,-39.1165783298432],[175.654668265884,-39.1165601450824],[175.654647095841,-39.1165341684267],[175.654613464478,-39.1164941736479],[175.654600885234,-39.11648074201],[175.65457009443,-39.1164636973539],[175.654525135126,-39.1164382339312],[175.654505440816,-39.1164248535982],[175.654481089119,-39.116391354666],[175.65446830706,-39.1163687625899],[175.654460679876,-39.1163367564739],[175.654464994419,-39.1163031448922],[175.654467352622,-39.1162971730237],[175.654470993801,-39.116293615212],[175.654482192997,-39.1162740515373],[175.654492501593,-39.1162552243854],[175.65449269472,-39.1162359123988],[175.654492211806,-39.116223051078],[175.654490784629,-39.1162094968451],[175.654489491564,-39.1161995144012],[175.654484476166,-39.1161881870177],[175.654477600166,-39.1161761867008],[175.654468079124,-39.1161671079714],[175.654455673831,-39.116154518315],[175.654443160113,-39.1161390716123],[175.654434127279,-39.1161185391884],[175.65443413261,-39.1160942250758],[175.654443550536,-39.116076132651],[175.654468533868,-39.1160569711223],[175.654489173616,-39.1160443438242],[175.654508948412,-39.1160331668906],[175.654519605703,-39.1160236274687],[175.65452696914,-39.1160172244233],[175.654543483716,-39.115999484706],[175.654565425958,-39.1159482125421],[175.654566304483,-39.115947308722],[175.654581360134,-39.1158591765358],[175.654587409736,-39.1158247136837],[175.654586551236,-39.1158018499136],[175.654589576035,-39.1157846184875],[175.654595352048,-39.1157673243688],[175.654598162218,-39.1157443769999],[175.654594740292,-39.1157265771469],[175.654593152124,-39.1157087355076],[175.654593613495,-39.1156965679983],[175.654580107192,-39.1156546848475],[175.654576904035,-39.1156182868498],[175.654571004535,-39.1155833818529],[175.654569201757,-39.1155598242697],[175.654563649457,-39.1155339502773],[175.654560549873,-39.1155249810894],[175.654550760621,-39.1155087569843],[175.654535468931,-39.1154926573597],[175.654518209386,-39.1154730277281],[175.654504805167,-39.1154583166501],[175.654491348404,-39.115442175208],[175.654478834813,-39.1154267285033],[175.65446136069,-39.1154013829186],[175.654455534755,-39.1153874703458],[175.654437818508,-39.1153611581829],[175.654425091457,-39.1153399946011],[175.65441894408,-39.1153229721719],[175.654415361286,-39.1153008858024],[175.654407085094,-39.1152760459575],[175.654391256976,-39.1152456564506],[175.65438659581,-39.115219304476],[175.654385871496,-39.1152000124898],[175.654384176098,-39.1151793128719],[175.654373878421,-39.1151495135795],[175.654354435377,-39.1151206370923],[175.65433690659,-39.1150938629739],[175.654325390979,-39.1150805376985],[175.654301656985,-39.1150596257925],[175.654274227503,-39.1150380818502],[175.654253326345,-39.1150192504771],[175.654238845019,-39.1150002728308],[175.654228760833,-39.1149761885928],[175.654220779801,-39.1149592079292],[175.654214070364,-39.114927180878],[175.654213319306,-39.1149071750701],[175.654210384677,-39.1148779233321],[175.654208920136,-39.114866328541],[175.654202215873,-39.1148559405392],[175.654190834486,-39.1148461888388],[175.654178669747,-39.1148400298306],[175.654156201996,-39.1148283847234],[175.654135461853,-39.1148138398345],[175.654130261012,-39.11480930508],[175.654121381775,-39.1148055793697],[175.654091094016,-39.1147812409854],[175.654066658481,-39.114766065846],[175.654034562665,-39.114742483067],[175.654005085122,-39.1147152657836],[175.653987985676,-39.1146999225955],[175.653966816472,-39.1146739457808],[175.653960347423,-39.1146483493999],[175.653959542819,-39.1146269150504],[175.653979050251,-39.1146085928056],[175.653992163562,-39.114591131557],[175.654007219035,-39.1145764864781],[175.654019442876,-39.11455976082],[175.654024435587,-39.1145460594175],[175.654036686249,-39.1145300484761],[175.654056165649,-39.1145110115277],[175.654066463351,-39.1144918972658],[175.654066286354,-39.1144871822853],[175.65406553535,-39.1144671764735],[175.654062247753,-39.114452949286],[175.654058718789,-39.1144322923339],[175.654058723127,-39.1144079782368],[175.654062263141,-39.1143800087425],[175.654065127082,-39.114358489914],[175.654074142583,-39.1143296803447],[175.654078975513,-39.1143116924043],[175.654091820547,-39.1142870866637],[175.654108441423,-39.1142652544141],[175.654127921923,-39.1142462183299],[175.654151853135,-39.1142235041935],[175.654164940695,-39.1142053290839],[175.654182478966,-39.1141834759227],[175.654194567426,-39.114163177584],[175.65420854438,-39.1141442659756],[175.654224383064,-39.1141260281789],[175.654238440463,-39.114109259822],[175.654253521462,-39.11409532946],[175.654269252797,-39.1140742327849],[175.654288384489,-39.1140459080399],[175.654311183594,-39.1140174997318],[175.654319113442,-39.1140121730055],[175.654340430363,-39.11398965894],[175.654354407279,-39.1139707482162],[175.654362773411,-39.1139491040138],[175.654365610451,-39.1139268713623],[175.654357876344,-39.1138920072441],[175.654341538948,-39.113848042567],[175.65432439147,-39.1138069576628],[175.65430899838,-39.1137636867942],[175.654305394317,-39.1137165715707],[175.654312714338,-39.1136670623604],[175.654314451624,-39.1136155352611],[175.654320179348,-39.1135724984942],[175.654327822384,-39.1135315631754],[175.654324211754,-39.113508762101],[175.654321412417,-39.1134830821239],[175.654316885521,-39.1134603019257],[175.65430265021,-39.1134234408389],[175.65429887983,-39.1133963532269],[175.654291360412,-39.1133672050446],[175.654279609168,-39.1133231358619],[175.654265293449,-39.1132841315131],[175.654261144795,-39.1132689923969],[175.654259013352,-39.1132635363446],[175.654243297417,-39.1132116915646],[175.654243243789,-39.113210263028],[175.654242895093,-39.1132009743896],[175.654246703205,-39.1131801493724],[175.654250511316,-39.113159324355],[175.654254887028,-39.1131291907232],[175.654260503149,-39.1131076091823],[175.65427235001,-39.1130808801742],[175.654280636809,-39.1130570935964],[175.654280234447,-39.1130463755213],[175.654277782698,-39.1130299842048],[175.654273604551,-39.1130164926403],[175.654270116915,-39.1129934238897],[175.654271345999,-39.1129807884257],[175.654272349361,-39.112958597552],[175.654260378182,-39.1129331265416],[175.654240882183,-39.1129028205661],[175.654238872563,-39.1128861615122],[175.654237353271,-39.1128821636137],[175.65423139393,-39.1128701423878],[175.654226459297,-39.1128609582329],[175.654217400201,-39.112839711947],[175.654213656694,-39.112813338146],[175.654210074103,-39.1127912508549],[175.65420041946,-39.1127785993898],[175.654183053427,-39.1127561117007],[175.654169488879,-39.1127371131471],[175.654157084275,-39.1127245234297],[175.654140902721,-39.1127091593424],[175.654129307141,-39.1126936916729],[175.654116928225,-39.1126818166954],[175.6541008808,-39.1126700252943],[175.654084646803,-39.1126532326349],[175.654067655179,-39.1126407483112],[175.654044378027,-39.1126319820285],[175.65401937448,-39.1126261154896],[175.653991565066,-39.1126188831085],[175.653969339449,-39.1126136686029],[175.653938619178,-39.1126022114444],[175.653915936495,-39.1125848503386],[175.653892553297,-39.1125732269236],[175.653868331945,-39.1125637667849],[175.653838581623,-39.1125537181631],[175.653809748725,-39.1125436486347],[175.653792074769,-39.1125391412355],[175.653784745227,-39.1125377820436],[175.653765378007,-39.1125353628033],[175.653745983964,-39.112532228841],[175.653720197148,-39.1125299558274],[175.65369710781,-39.1125261916036],[175.653673129004,-39.1125231620651],[175.653656459234,-39.1125192507024],[175.653642514923,-39.1125145628266],[175.65362848902,-39.1125077317192],[175.653612395895,-39.1125028540426],[175.653598658283,-39.1124955388776],[175.653577955219,-39.1124886157077],[175.653566806187,-39.1124783865635],[175.653562505979,-39.112475226789],[175.653558364068,-39.1124735733493],[175.653538541019,-39.1124590074503],[175.65352319664,-39.1124414791168],[175.653514353482,-39.1124259486901],[175.653502216049,-39.1124205043114],[175.653483551773,-39.1124123481757],[175.653467745843,-39.1124069873509],[175.653447327178,-39.1124010162575],[175.653417818305,-39.1123973981937],[175.653403793569,-39.112390566131],[175.653380543397,-39.1123825144286],[175.653365279502,-39.1123671293289],[175.653347076885,-39.1123468065531],[175.653334590912,-39.1123320735093],[175.653314902016,-39.1123210802638],[175.65330248801,-39.1123091276159],[175.653301526616,-39.1123070828034],[175.653279843177,-39.1122918439003],[175.653269566274,-39.1122870724524],[175.653252870949,-39.1122824471838],[175.653226950171,-39.112276601362],[175.653194743881,-39.112274474433],[175.653164344443,-39.1122715910153],[175.653130410571,-39.1122723638315],[175.653109075713,-39.1122664135432],[175.653091193756,-39.1122546646792],[175.653076037189,-39.1122421375147],[175.65305381175,-39.1122369228278],[175.653024034855,-39.1122261592694],[175.653008931941,-39.1122150615339],[175.652981664857,-39.1121978046411],[175.652962947097,-39.1121882198792],[175.65292934088,-39.112173252421],[175.652907603961,-39.1121565849056],[175.652880417371,-39.1121414721453],[175.652858004301,-39.1121312552842],[175.652834620263,-39.1121196316711],[175.652814149255,-39.1121122309968],[175.652801282188,-39.1121073094747],[175.652790035456,-39.1121056294999],[175.652778895952,-39.1121023074091],[175.652755781135,-39.1120978282462],[175.652731613717,-39.1120897972982],[175.652713974246,-39.1120844781199],[175.652694419549,-39.1120770574603],[175.652668311224,-39.1120662093739],[175.652657064545,-39.1120600301937],[175.652629014227,-39.1120463667993],[175.652605926216,-39.112042601425],[175.652563135659,-39.1120251924765],[175.652558294432,-39.1120208026146],[175.652539496338,-39.1120090736222],[175.652523744188,-39.1120051421024],[175.652494369507,-39.1120050955944],[175.652456339569,-39.1119945197975],[175.652434280025,-39.1119692782795],[175.65244296934,-39.1119562081044],[175.652455513623,-39.1119480565672],[175.652470026745,-39.1119434359507],[175.652480116211,-39.1119383430672],[175.652510111977,-39.1119353717727],[175.652536735558,-39.1119354809166],[175.652564598194,-39.1119441430994],[175.652594321279,-39.1119534773432],[175.652615495159,-39.1119551403142],[175.652654931036,-39.11195424237],[175.652692345621,-39.1119483849296],[175.652728789161,-39.1119411189285],[175.652778963576,-39.1119328258226],[175.652800947635,-39.1119316098924],[175.652825789989,-39.1119331892897],[175.652861557369,-39.1119323748121],[175.652879980209,-39.1119341012816],[175.652900371879,-39.111939357762],[175.652925428699,-39.1119466530919],[175.65294598124,-39.1119561969796],[175.652965481139,-39.1119621881852],[175.652978669911,-39.1119711844287],[175.652990994878,-39.1119816301008],[175.653010628873,-39.1119911948946],[175.653023817657,-39.1120001911326],[175.653042428137,-39.1120069179097],[175.65306656874,-39.1120142340739],[175.65308779628,-39.1120173263964],[175.653107865117,-39.1120140089356],[175.653118388007,-39.1120008978549],[175.653130450778,-39.1119798848768],[175.653150820391,-39.1119601133761],[175.653171592136,-39.1119510590589],[175.653194982041,-39.1119383693619],[175.653208497241,-39.1119316253912],[175.653228379537,-39.1119233066508],[175.653252873342,-39.1119155973088],[175.653283921907,-39.1119113144239],[175.653312271883,-39.1119085236524],[175.653337817149,-39.1119043660937],[175.653370511686,-39.11189504019],[175.65339149788,-39.1118917017871],[175.653435707294,-39.1118957012636],[175.653469935913,-39.111902787573],[175.653495749316,-39.1119057753694],[175.653531651861,-39.1119085324549],[175.65354664753,-39.1119167721469],[175.653563423251,-39.1119235415327],[175.653576612089,-39.1119325377061],[175.653586834191,-39.1119358806169],[175.65359719034,-39.111942795321],[175.653613130255,-39.1119517288261],[175.653641046628,-39.1119618192841],[175.653675381402,-39.1119717635328],[175.653701328923,-39.1119783239765],[175.653722557628,-39.1119814161564],[175.653755005111,-39.1119899727123],[175.653788316428,-39.1119970807235],[175.653813346524,-39.1120036611396],[175.653838297338,-39.1120080982678],[175.653871206386,-39.1120044881739],[175.653895351539,-39.1119874909554],[175.653906577142,-39.1119686429601],[175.65391135518,-39.1119492256132],[175.653936444539,-39.1119329222066],[175.653949692621,-39.1119190327393],[175.653966634878,-39.1119057753437],[175.653991992376,-39.1118966164124],[175.654011310208,-39.1118732929767],[175.654022723485,-39.1118594462019],[175.654039532733,-39.111842615177],[175.654059065087,-39.1118250076831],[175.654076817431,-39.1118088713981],[175.654092897008,-39.1117970633969],[175.654124459422,-39.1117820422384],[175.654169590516,-39.1117617055307],[175.65419675595,-39.1117517909366],[175.654232957814,-39.1117380938065],[175.654262037338,-39.1117302806762],[175.654301070692,-39.1117186641019],[175.654340185678,-39.1117091916441],[175.654374794123,-39.1117019678427],[175.654414905796,-39.1116946177393],[175.654451402628,-39.1116887797461],[175.654488870555,-39.111684351175],[175.654529980071,-39.1116791233841],[175.65455013035,-39.1116779489089],[175.654589512379,-39.1116756217789],[175.654632482366,-39.1116710668881],[175.654673645528,-39.1116672684837],[175.65470941272,-39.1116664534438],[175.654748903193,-39.111666984207],[175.654818684389,-39.1116675391107],[175.654838726195,-39.1116635066394],[175.65486723809,-39.1116650019774],[175.654902597616,-39.1116777838298],[175.654934670667,-39.1116763375773],[175.65497200321,-39.1116683352876],[175.654998953858,-39.1116527045665],[175.655002112552,-39.1116390449185],[175.654993133881,-39.1116199419459],[175.654963276509,-39.1116070356295],[175.654932689529,-39.1115991514389],[175.654896680925,-39.1115935358827],[175.654869520961,-39.1115791374107],[175.654842441514,-39.1115668830867],[175.654809833106,-39.1115540385216],[175.654774554161,-39.1115434007928],[175.654736576688,-39.1115342552061],[175.654689132415,-39.1115174585045],[175.654635001591,-39.1114936635536],[175.654607788086,-39.1114778364807],[175.654554814951,-39.1114604503773],[175.654529964665,-39.1114528651006],[175.654504781832,-39.111448003667],[175.654449893482,-39.1114285160662],[175.654410999829,-39.1114193903463],[175.654376717741,-39.1114108757714],[175.654312170652,-39.1114030498487],[175.654278913233,-39.1113973714161],[175.654240448776,-39.1113996784348],[175.654200256761,-39.1114048843174],[175.654173794335,-39.1114090629587],[175.654145604382,-39.1114161413701],[175.654111425155,-39.1114347969977],[175.654083531339,-39.1114497345733],[175.654063000085,-39.1114652197391],[175.654041472128,-39.1114785825192],[175.654005973177,-39.1114865418377],[175.653986144753,-39.1114962901415],[175.653966478369,-39.1115103249279],[175.65394495038,-39.1115236876913],[175.653921533926,-39.1115356628115],[175.653894611049,-39.1115520079826],[175.653868416731,-39.1115633319445],[175.65384092952,-39.1115646725362],[175.653814226809,-39.1115624204032],[175.653799123924,-39.1115513227684],[175.653783130466,-39.1115409607484],[175.65374947079,-39.1115245649832],[175.653732994651,-39.1115013416167],[175.653722316772,-39.1114858529963],[175.653690952324,-39.1114572479259],[175.653660505304,-39.111428621949],[175.653644732103,-39.1113996617197],[175.653629200252,-39.111377132158],[175.653612670577,-39.1113524802336],[175.653595953192,-39.1113228261737],[175.653572086655,-39.111298341361],[175.653547572007,-39.1112810219022],[175.653524837404,-39.1112622321345],[175.65351615618,-39.1112575144529],[175.653500294803,-39.1112441979721],[175.653470276987,-39.1112270047431],[175.653439584225,-39.1112162621459],[175.653385018063,-39.1112053479549],[175.653362090027,-39.1112058701628],[175.653335601951,-39.1112093338674],[175.653288447289,-39.1112247099299],[175.653254836801,-39.1112340566686],[175.653229559853,-39.1112453586928],[175.653203285077,-39.1112545383477],[175.653179841757,-39.1112657986014],[175.653144310146,-39.1112973579839],[175.653102391677,-39.1113054632246],[175.653065305103,-39.1112955814688],[175.653027247505,-39.1112842911541],[175.653003053561,-39.1112755464336],[175.652980587158,-39.1112639010475],[175.652956153073,-39.1112487247165],[175.652935386319,-39.111233465768],[175.652920986583,-39.1112166311657],[175.652908259639,-39.1111954673895],[175.652896342909,-39.1111714256435],[175.652879304189,-39.1111331975355],[175.652872997903,-39.1111118875455],[175.652863430154,-39.1110770659583],[175.652856286891,-39.1110579201156],[175.652844477428,-39.1110367363399],[175.652838438084,-39.1110225717676],[175.652826950268,-39.1110099610225],[175.652807127791,-39.1109953949764],[175.652784741951,-39.1109858937061],[175.652773482862,-39.1109826157776],[175.652754237017,-39.1109801521569],[175.652725886226,-39.1109829428071],[175.652701312269,-39.1109885087718],[175.652698086609,-39.1109899759429],[175.652651086072,-39.1109953732572],[175.65259883742,-39.1109972773613],[175.652571570952,-39.1109800212498],[175.652521054859,-39.1109547123358],[175.652518181212,-39.1109532326877],[175.65251638979,-39.1109526734634],[175.652490415936,-39.1109453980181],[175.652473666201,-39.1109393432112],[175.65243930412,-39.1109286838899],[175.652422475153,-39.1109204857901],[175.652405430622,-39.1109065717565],[175.652376786193,-39.1109015030784],[175.652354454022,-39.1108934302616],[175.652331124066,-39.1108832350675],[175.652305445084,-39.1108838196966],[175.652275829692,-39.1108773433396],[175.652255465148,-39.1108728005565],[175.652223855314,-39.1108620785123],[175.652184961101,-39.1108529529537],[175.652141482198,-39.1108439308531],[175.652107414983,-39.1108411306488],[175.652074968208,-39.1108325736071],[175.652038096358,-39.1108284065688],[175.652006458648,-39.1108169706701],[175.651995834828,-39.1108029104129],[175.651997267634,-39.1107921505466],[175.652003392323,-39.1107841451945],[175.652027912695,-39.1107771508379],[175.652045257022,-39.1107746109152],[175.652087149672,-39.1107657913148],[175.652106015622,-39.110763123048],[175.652170150357,-39.1107517447802],[175.652251370991,-39.110739169372],[175.652324471341,-39.1107303536299],[175.652349180444,-39.1107283613192],[175.652392498473,-39.1107330959257],[175.652432958275,-39.1107350351719],[175.652477032877,-39.1107354614415],[175.652501982049,-39.1107398998017],[175.65253974442,-39.1107433301862],[175.652575056703,-39.1107303691574],[175.652602488853,-39.1107275994618],[175.65263615398,-39.110719682329],[175.652670440468,-39.1107038842089],[175.652700952465,-39.110685311605],[175.652730841894,-39.1106746190977],[175.652744925865,-39.1106585665433],[175.652772685646,-39.1106400565901],[175.652804167451,-39.1106228925366],[175.652851616689,-39.110615375893],[175.652894747037,-39.1106151090779],[175.652940842855,-39.1106204955555],[175.652975178035,-39.1106304400123],[175.653035835484,-39.1106569475419],[175.653168450682,-39.1107175719791],[175.653217105213,-39.1107422076781],[175.653231370858,-39.1107554695498],[175.653237561016,-39.1107636359489],[175.653248442324,-39.1107700981777],[175.653266972072,-39.1107746816731],[175.653301982339,-39.1107781753893],[175.653340152753,-39.1107680094541],[175.653376434764,-39.1107564567575],[175.653402794429,-39.1107251071089],[175.653473214535,-39.1106448412142],[175.65351321839,-39.1106071437094],[175.653524555836,-39.1105943293615],[175.653540098994,-39.1105682315594],[175.653553834183,-39.1105428902663],[175.653579652822,-39.1105215639181],[175.653609755387,-39.1105165871704],[175.653641339619,-39.1105265949919],[175.653671249912,-39.1105409302114],[175.653692986485,-39.1105575975993],[175.653715425943,-39.110568528134],[175.653728963133,-39.1105868129465],[175.653734567899,-39.1106138597071],[175.653749938696,-39.1106321018484],[175.653757843277,-39.1106405616056],[175.653763260233,-39.1106446707309],[175.653793438769,-39.1106661513055],[175.653832762106,-39.1106867082255],[175.653860945018,-39.110703944064],[175.653883980147,-39.1107062797389],[175.653902322207,-39.1107058619005],[175.653913193387,-39.1107020394021],[175.653931809205,-39.1106844519085],[175.653955578491,-39.1106574522268],[175.653995614775,-39.1106236448909],[175.654042934214,-39.1105882418609],[175.654102797449,-39.1105446871118],[175.654155566306,-39.1105077292275],[175.654196438194,-39.1104717576979],[175.654250960118,-39.1104326147423],[175.654355283928,-39.1103508614509],[175.654455021722,-39.1102692125606],[175.654568164767,-39.1101723028741],[175.654598458776,-39.1101425525362],[175.654636637494,-39.1101191920284],[175.654666499569,-39.1101077852233],[175.654687029152,-39.1100922999924],[175.654698012846,-39.1100670212668],[175.654740987229,-39.1100381531373],[175.654767427641,-39.1100089464354],[175.654788579459,-39.1099855801803],[175.654805848329,-39.1099565824699],[175.654838654409,-39.1099258009318],[175.654872296184,-39.1098928543506],[175.654905397279,-39.1098699319975],[175.654932726953,-39.1098399896636],[175.654969737778,-39.1098234134596],[175.655071079677,-39.1098089477855],[175.655141373997,-39.1097987644783],[175.655182969332,-39.1097820837218],[175.655216284901,-39.1097648772308],[175.655265137591,-39.1097458859499],[175.655311640555,-39.1097376745491],[175.655358031049,-39.1097509192833],[175.65538799504,-39.1097666843992],[175.655426427754,-39.109787976413],[175.65545275022,-39.1098045389434],[175.655486060604,-39.1098116456007],[175.655522797894,-39.109812238869],[175.655546133016,-39.1097981201987],[175.655579126476,-39.1097723387906],[175.655604810072,-39.109747440232],[175.655642795626,-39.1097079582495],[175.655680668776,-39.109689932406],[175.655704406321,-39.109686530875],[175.655867952614,-39.1096420414137],[175.6559055535,-39.1096411842149],[175.65592613257,-39.109651442307],[175.655948786742,-39.1096680883531],[175.655976754996,-39.109679606836],[175.656006262854,-39.1096832251875],[175.656038419247,-39.1096596087245],[175.656041336164,-39.1096395192948],[175.656029606494,-39.1096204782154],[175.655967522824,-39.1095804179996],[175.655907621655,-39.1095496036782],[175.655852086606,-39.1095372829612],[175.655804911823,-39.1095276320507],[175.655743494134,-39.1095297465767],[175.655671580101,-39.1095456880033],[175.655609459706,-39.1095535402152],[175.655566174168,-39.1095252073815],[175.655552829658,-39.1094876107911],[175.655520826595,-39.1094175451421],[175.655490549867,-39.1093445797144],[175.655455442023,-39.1092896013369],[175.655420464426,-39.1092625097375],[175.65538801685,-39.109253952732],[175.655340435846,-39.1092578976527],[175.655271220423,-39.1092723466619],[175.655188977466,-39.1092820879378],[175.655121194328,-39.1092857778692],[175.655043783706,-39.1092775301664],[175.654999254003,-39.109264958225],[175.654928718747,-39.1092687107638],[175.654816341598,-39.1093070273614],[175.654728102997,-39.1093526597289],[175.654583161057,-39.1094281882807],[175.654481327047,-39.1094784204272],[175.654405476379,-39.1095122268113],[175.654308568032,-39.1095705854877],[175.654304699659,-39.1095724259118],[175.65426724356,-39.1095948545123],[175.654208758916,-39.109626221827],[175.654163548683,-39.1096444143526],[175.65416208637,-39.1096450747076],[175.654123947656,-39.1096653394903],[175.654072316881,-39.1096836782544],[175.654055728247,-39.1096819110816],[175.654047125525,-39.109672810477],[175.654039467008,-39.1096644036915],[175.6540126041,-39.1096578641653],[175.653988303348,-39.1096462616567],[175.653951679051,-39.1096242126342],[175.653912222172,-39.1096000821368],[175.653887466746,-39.1095763329568],[175.653867403137,-39.1095553364106],[175.653850376432,-39.1095247948096],[175.653826417927,-39.1094904803976],[175.653777045805,-39.109422239666],[175.653749531986,-39.1093541965159],[175.653746615685,-39.1093206730623],[175.653742802466,-39.1092435285958],[175.653743591466,-39.109215620857],[175.653754387698,-39.1091853409763],[175.653767939423,-39.1091306843105],[175.653764089105,-39.1091014524909],[175.653761804226,-39.1090650335126],[175.653752586079,-39.1090394997154],[175.653741103034,-39.1090025758303],[175.653733557626,-39.1089727137492],[175.653719271165,-39.1089344230592],[175.653705358958,-39.1089061357616],[175.653700778994,-39.108881926068],[175.653694177808,-39.1088527578058],[175.653686278107,-39.1088379203188],[175.65367209206,-39.1088268017724],[175.653641775684,-39.1088260616585],[175.65362081607,-39.108830114822],[175.65360282305,-39.1088398212496],[175.65359235433,-39.1088543617996],[175.653588172435,-39.1088602346499],[175.653583721429,-39.1088626955407],[175.653578244108,-39.1088697006227],[175.653571470483,-39.1088848714357],[175.653538262166,-39.1089049363351],[175.653465989158,-39.1089602151206],[175.653407961539,-39.1090037277323],[175.65337737002,-39.1090201572367],[175.653353875005,-39.1090299889378],[175.653331054909,-39.1090333690929],[175.653293807014,-39.1090307443713],[175.653277140393,-39.1090192200998],[175.65326567904,-39.1090033934069],[175.653232053418,-39.1089633980059],[175.653214586196,-39.1089137380107],[175.653188945442,-39.1088664101471],[175.653182618427,-39.1088200721887],[175.653181117222,-39.1087800604973],[175.653167071217,-39.1087482004286],[175.653169533204,-39.1087159644094],[175.653170158047,-39.1087156979219],[175.653151203516,-39.108667754704],[175.653131934479,-39.1085945379367],[175.653121857667,-39.1085461402784],[175.653109277134,-39.1084799217856],[175.653110285658,-39.1084334167656],[175.653107819494,-39.1083676832642],[175.653110555227,-39.1083488457953],[175.653113902138,-39.1083096210087],[175.653114503764,-39.1082767120248],[175.653113645971,-39.1082538481978],[175.653114863006,-39.1082373732909],[175.653118483635,-39.1082115470553],[175.653111313858,-39.1081916873926],[175.653101177559,-39.1081661744459],[175.653093980978,-39.1081456000621],[175.653087995493,-39.1081328649289],[175.653078342851,-39.1081202124064],[175.65307330151,-39.1081081702008],[175.653065402028,-39.1080933326626],[175.653067429211,-39.108073978886],[175.653072342503,-39.1080581351352],[175.653074630287,-39.1080496729496],[175.653071996699,-39.1080310100089]]},"properties":{"TechObjectName":"Tac Red Crater - Ketetahi Toilets","ObjectType":"Track Visitor"}},{"type":"Feature","geometry":{"type":"LineString","coordinates":[[175.549924325999,-39.1920520577521],[175.549794197978,-39.1920336644995],[175.549697892778,-39.1919795178435],[175.549686823933,-39.1918637887101],[175.549712146373,-39.1917201385657],[175.549862590123,-39.1916452170248],[175.550045420446,-39.1916172647483],[175.550148177095,-39.1914957246846],[175.54996357965,-39.1914760199716],[175.549988888702,-39.1913323700602],[175.550139343226,-39.1912574569428],[175.550323057447,-39.1912533332557],[175.550455228836,-39.1912157175459],[175.550548405526,-39.1911594805712],[175.550576927086,-39.1911350182532],[175.550607620769,-39.1911028811209],[175.550692701952,-39.1910838547677],[175.550777109483,-39.1910800993655],[175.550835979094,-39.1910816701567],[175.550893590306,-39.1910823144074],[175.550988947533,-39.1910764117131],[175.551021969063,-39.1910747350829],[175.551097565561,-39.1910644975365],[175.551145606305,-39.191037701072],[175.551190854465,-39.1910014303895],[175.551204684239,-39.1909772907183],[175.551216945365,-39.1909436500307],[175.551262210858,-39.1908740077988],[175.551292457112,-39.1908294844732],[175.551325530377,-39.19079538866],[175.551355413333,-39.1907747108387],[175.551391608978,-39.1907252903366],[175.551464290732,-39.1906683953824],[175.551521884443,-39.1906347153887],[175.551533024887,-39.1906039596609],[175.551539026093,-39.1905666425001],[175.551550596331,-39.1905139470495],[175.551567202385,-39.1904649557607],[175.55163720515,-39.1903908910278],[175.551669081242,-39.1903646089447],[175.551756522216,-39.1902434121266],[175.551832437154,-39.1901650320192],[175.551886692522,-39.1901518877072],[175.551933439481,-39.1901232120215],[175.551976961832,-39.1901070028095],[175.552037157958,-39.1901114043635],[175.552098613609,-39.1901167314583],[175.552144653799,-39.1901023733547],[175.552179365126,-39.1900796822395],[175.552237406285,-39.1900583870083],[175.552316019114,-39.1900299667795],[175.552395752311,-39.1899986615043],[175.552447361194,-39.1899689258618],[175.55249407332,-39.1899392975393],[175.552527146715,-39.1899052004875],[175.552537199512,-39.1898782821222],[175.552542319993,-39.189850519603],[175.552539233787,-39.189799099428],[175.55252995686,-39.1897459077049],[175.552518203602,-39.1897281522695],[175.55252159345,-39.1896841146499],[175.552584652293,-39.1896321976475],[175.552691681234,-39.1895764562387],[175.552759309406,-39.1895492297076],[175.552825609014,-39.1895191718301],[175.552914498412,-39.1895038748973],[175.552991799657,-39.189506946858],[175.553107363273,-39.1895177620256],[175.553231118086,-39.1895179089053],[175.553321679715,-39.1895149699114],[175.553366650241,-39.1895387736147],[175.553408655584,-39.189548341051],[175.55342302159,-39.1895410843972],[175.553434263765,-39.1895413955386],[175.553454797277,-39.189535748723],[175.553510647883,-39.1894888957315],[175.553621263299,-39.1894645396064],[175.553692873138,-39.1894458065198],[175.553784899172,-39.189381811845],[175.553840111958,-39.1893500901961],[175.553854364762,-39.1892979627363],[175.553930050039,-39.1892623036475],[175.553944700647,-39.1892350347636],[175.553955734336,-39.1892263943397],[175.553971113689,-39.1891868028429],[175.554011780878,-39.1891508612957],[175.55400769181,-39.189071811995],[175.55401563196,-39.189040920822],[175.554097872569,-39.1889269104061],[175.554153803284,-39.1887825708416],[175.554189875199,-39.1886894789954],[175.554223220858,-39.1886628090249],[175.554252292297,-39.1886535900121],[175.554270776771,-39.1886226729312],[175.55431505551,-39.1885597252311],[175.554337331085,-39.1884982142734],[175.55435033104,-39.1884512080622],[175.554382540096,-39.1883932927986],[175.554446130065,-39.1883222941898],[175.554477355544,-39.1882710745251],[175.554536547792,-39.1881801484009],[175.55456220728,-39.1881258363247],[175.554641587387,-39.1880438701994],[175.554657914339,-39.1879791625758],[175.554713536957,-39.1878911751133],[175.554770954243,-39.1878527297186],[175.554872564419,-39.1877828030533],[175.554974691,-39.1877271671432],[175.555069542226,-39.1876735980443],[175.555225516168,-39.1875824551206],[175.555307538235,-39.1875129588272],[175.555371609795,-39.1874552972486],[175.555429302529,-39.1874244727145],[175.55548547617,-39.1873517290507],[175.55552928763,-39.1873097682742],[175.555610137655,-39.1872755749862],[175.555681864872,-39.1872263274217],[175.555758746665,-39.1871502677865],[175.555786799443,-39.1871467916247],[175.555825853352,-39.1871087487745],[175.555877527724,-39.1870809174562],[175.555899579016,-39.1870470613966],[175.555945409231,-39.1870269864532],[175.555974391432,-39.1869815365055],[175.556188348343,-39.1868338172031],[175.556240195047,-39.1868107496343],[175.556268643832,-39.1867843811885],[175.556336386593,-39.1867266384942],[175.556383198531,-39.186699866881],[175.556431423165,-39.1866444598896],[175.556504561833,-39.1865665755936],[175.556516280005,-39.186525166803],[175.556523400719,-39.1864441164781],[175.556567587525,-39.1863449374864],[175.556576791084,-39.1862608296372],[175.556595272791,-39.1862299122554],[175.556530014639,-39.1859843935763],[175.556522304578,-39.1859407031539],[175.556475539537,-39.1858673585747],[175.556460982867,-39.1858037945178],[175.556423513375,-39.185750268878],[175.556376368686,-39.1856664440278],[175.556339776664,-39.1856033646119],[175.556221042238,-39.1855049018867],[175.556166847217,-39.185463185064],[175.556139378092,-39.1854151606672],[175.556053542893,-39.1853455339918],[175.556003260742,-39.1852427079798],[175.555981862171,-39.1852269691564],[175.555892781811,-39.185067786015],[175.555778889127,-39.1848662408639],[175.555761107118,-39.1847474460401],[175.555763672385,-39.1846491817503],[175.55580770209,-39.1845118676309],[175.55590586931,-39.1843132960622],[175.555982348889,-39.1841924322242],[175.556162515947,-39.1839577343702],[175.556312306523,-39.1838314473788],[175.556412888724,-39.1836995664725],[175.556544216632,-39.1836385204536],[175.556828579702,-39.1835407429861],[175.557072701443,-39.1834819873553],[175.557158788057,-39.1834572134216],[175.557195201909,-39.1834478324532],[175.557222582035,-39.1834596260871],[175.557243718777,-39.1834343720667],[175.557416533371,-39.1834362976346],[175.5575086016,-39.1834075775584],[175.557747495037,-39.1833060288235],[175.557943923281,-39.1832159010046],[175.558024129949,-39.1831979296488],[175.558070524292,-39.1831597248095],[175.558249349703,-39.183090960304],[175.558419293881,-39.1830138084508],[175.558434448277,-39.1829924983686],[175.558549636862,-39.1829594567827],[175.558569617156,-39.182936134292],[175.558683111997,-39.1828564078521],[175.558727818627,-39.182839216963],[175.558732196388,-39.1828248185931],[175.558776781534,-39.1827994616735],[175.558779412594,-39.1827967452306],[175.558802021254,-39.1827908654011],[175.558848533764,-39.1827221460542],[175.558925545692,-39.1826498969252],[175.558979920163,-39.1825953069322],[175.559007191014,-39.1825365448544],[175.559041239681,-39.1824957505077],[175.559131218078,-39.1824432393343],[175.559182645748,-39.1824087370546],[175.559208658055,-39.1823490494123],[175.559224482742,-39.1823124691455],[175.559271511918,-39.1822580404523],[175.559306403809,-39.1822067398363],[175.559335832538,-39.1821736741703],[175.559422797434,-39.1821013609235],[175.559441894938,-39.1820816379628],[175.559500234008,-39.1820451547587],[175.559540935518,-39.1819851450729],[175.559605378992,-39.1819379606971],[175.559635615209,-39.1818934363688],[175.559661405868,-39.1818614046703],[175.559685660439,-39.1818208254275],[175.559716174287,-39.1817839222015],[175.559770326442,-39.1817569879043],[175.559842702141,-39.1817258393619],[175.559889405723,-39.1816962083173],[175.559934829888,-39.1816313260837],[175.559954651168,-39.1815698680246],[175.559953268054,-39.1815317586987],[175.55997728032,-39.1814845106753],[175.560074635984,-39.1814327888803],[175.56012423093,-39.1813477927364],[175.560153325417,-39.1812718276929],[175.560164820041,-39.1812172267125],[175.560210195685,-39.181184764303],[175.560233329735,-39.181147070019],[175.560244533076,-39.1811182193492],[175.560267914953,-39.1810952947695],[175.560383894532,-39.1809749938994],[175.560449367248,-39.1808886944256],[175.560532648098,-39.1807867479844],[175.560630548807,-39.1806825727431],[175.560683294928,-39.1805832039964],[175.560786831841,-39.1804655565899],[175.56081143118,-39.1804345040179],[175.56096118558,-39.1802738858268],[175.561134142168,-39.1800946107238],[175.561150171395,-39.1800466154944],[175.561167957762,-39.1799966437274],[175.561213297553,-39.1799632276444],[175.561279203965,-39.1799226851329],[175.561358775662,-39.1798198665175],[175.561410975485,-39.1797729513714],[175.561472828775,-39.1797220093439],[175.561581647485,-39.1796824299819],[175.561707292288,-39.1796338990628],[175.561899998282,-39.1795428933911],[175.562072343761,-39.1794647293912],[175.56212463295,-39.1794540444378],[175.562209281415,-39.1794235775982],[175.562301875081,-39.1793757732651],[175.562412655631,-39.1793228009713],[175.562565748865,-39.1792879673091],[175.562770991228,-39.1792386367742],[175.562866067398,-39.1791917305407],[175.562917871635,-39.1791677069123],[175.563105841471,-39.1790138739483],[175.563257007015,-39.1788923147044],[175.56329287574,-39.1788343164695],[175.563324623312,-39.1787640140252],[175.563365526282,-39.178709718564],[175.563413208852,-39.1786733896322],[175.56347687316,-39.1786386170209],[175.563518399134,-39.1786014703989],[175.563569511407,-39.1785583918554],[175.563623244104,-39.1785200232922],[175.563690337974,-39.1784785001164],[175.563779222559,-39.1784298231053],[175.563837643123,-39.1783856294651],[175.56388119001,-39.1783703685188],[175.5639190317,-39.1783666749085],[175.563927635561,-39.1783674395507],[175.563963480039,-39.1783761848149],[175.563989635516,-39.1783880038367],[175.564016033422,-39.1784064924619],[175.564028619946,-39.1784157498065],[175.564057362499,-39.1784313263621],[175.564111774639,-39.1784453845106],[175.564148877474,-39.1784550551864],[175.564157481347,-39.1784558198113],[175.564245419004,-39.1783137212472],[175.564233588866,-39.1782572541599],[175.564172278114,-39.1781551474949],[175.564138339765,-39.1780977320376],[175.564114990829,-39.1780620145974],[175.564108142945,-39.1780421423416],[175.564115881017,-39.1780190884806],[175.564186473128,-39.1779727203047],[175.564271648756,-39.1779231705164],[175.564306661883,-39.1779090505095],[175.564355982717,-39.1778841277608],[175.56437956373,-39.1778588177438],[175.564405072604,-39.1778191639968],[175.564483782041,-39.1777602210703],[175.564570956601,-39.1776982321303],[175.564654977241,-39.1776506147588],[175.564806124728,-39.1775624259712],[175.56492008886,-39.1774960331164],[175.564962723049,-39.1774893731777],[175.564998024187,-39.177449502714],[175.565072391198,-39.1774059112949],[175.565139725661,-39.177371056945],[175.565206331365,-39.1773161946701],[175.565318505633,-39.1772679566417],[175.565388044612,-39.177226378639],[175.565418830714,-39.1771970960753],[175.565513658618,-39.1771435182363],[175.56557123454,-39.1771098318091],[175.565628394626,-39.1770647127792],[175.565718535477,-39.1770169589094],[175.565757785276,-39.176984629344],[175.565812635274,-39.1769433747356],[175.565829748388,-39.1769086724618],[175.565900950176,-39.1768117560954],[175.565927542847,-39.176768263629],[175.565944517831,-39.1767547478109],[175.565947046674,-39.176748216246],[175.56597746216,-39.1767261635114],[175.565996711719,-39.1766828328348],[175.566043178713,-39.1766131585002],[175.566126826564,-39.1765216877087],[175.566196549469,-39.1764515008383],[175.566234124584,-39.1764068131064],[175.566293454857,-39.1763540178071],[175.56638339589,-39.176267175838],[175.5664220105,-39.1762510685773],[175.566465150186,-39.1761910027881],[175.566517701065,-39.1761202401056],[175.566585495824,-39.1760643976724],[175.566633173825,-39.1760280684469],[175.566650113016,-39.1759886021981],[175.566672363812,-39.1759604606107],[175.566695146173,-39.1759132383432],[175.566730376228,-39.175871461675],[175.56678163368,-39.1757988210293],[175.566810743201,-39.1757571801455],[175.566853213208,-39.1757123834235],[175.566881029687,-39.1756688637679],[175.566908003819,-39.175635851232],[175.566944457241,-39.1755940475339],[175.566961466661,-39.1755564869488],[175.566977458114,-39.1755246696688],[175.567016706519,-39.1754923397182],[175.567044730808,-39.1754545363115],[175.567085768904,-39.1754040511041],[175.567191076232,-39.1752682424038],[175.567215289635,-39.1752267084559],[175.567247644444,-39.1752069262161],[175.567276660795,-39.175129053906],[175.567298911114,-39.1751009131126],[175.567346901253,-39.1750731571208],[175.567365560174,-39.175013629817],[175.567380580598,-39.174955136806],[175.567386295125,-39.1749101970508],[175.567380716323,-39.1748578790537],[175.567410589002,-39.1748371974142],[175.56748714615,-39.1748202532809],[175.567535273576,-39.1747963086991],[175.567558644445,-39.1747652827169],[175.567593630744,-39.1747168371212],[175.567622843347,-39.1746780532987],[175.567668864737,-39.1746227371715],[175.567669588725,-39.1746227212081],[175.567702365362,-39.1745742774537],[175.567751415289,-39.1745083600108],[175.567802358648,-39.1744271436467],[175.567872746684,-39.1743416857779],[175.567907663238,-39.1742913352721],[175.567975465085,-39.1742021198583],[175.568029826161,-39.1741475260154],[175.568071739624,-39.1740874857825],[175.568138593761,-39.1740059192998],[175.5681689265,-39.1739642502062],[175.568266796872,-39.1738934413692],[175.56831644513,-39.1738103469916],[175.568356326021,-39.1737617941234],[175.568381763005,-39.1737202329513],[175.568423329119,-39.173650665775],[175.568470276237,-39.173594328894],[175.56850679825,-39.17355443046],[175.568543180343,-39.173510721489],[175.568596212822,-39.1734532962572],[175.568622942527,-39.1734136137762],[175.568638760541,-39.1733770333082],[175.568668284203,-39.1733468236698],[175.568707218476,-39.1733059187877],[175.568744616949,-39.1732564664675],[175.568784531888,-39.1732088649812],[175.568900720434,-39.1730356290959],[175.568943118173,-39.1729889268655],[175.568992894352,-39.1729430159279],[175.569032774275,-39.172894461953],[175.56908370564,-39.1728466173358],[175.569115295635,-39.1728058743427],[175.569146885594,-39.1727651313421],[175.569188371657,-39.1727270304397],[175.569230699631,-39.1726784223894],[175.569257011275,-39.1726273081534],[175.569288392889,-39.1725808479425],[175.569323793315,-39.1725438353378],[175.569344819589,-39.1725157202665],[175.569382562981,-39.1724757946156],[175.569431114918,-39.1724299096046],[175.569478233933,-39.1723783362231],[175.569553653324,-39.172296579956],[175.569610494723,-39.1722428838391],[175.569656112336,-39.1721837153916],[175.569685461613,-39.1721487425588],[175.569753135708,-39.1721234116782],[175.569816365449,-39.1721105746487],[175.5698485446,-39.1720860278866],[175.569885410904,-39.172055655911],[175.569922798868,-39.1720395754833],[175.5699795255,-39.1720163933194],[175.570038770943,-39.1719950627964],[175.570065315651,-39.1719839884144],[175.570079813935,-39.1719112044157],[175.570074294177,-39.1719062459229],[175.570035899732,-39.171882616055],[175.569973983578,-39.1718305874051],[175.569910625546,-39.1718062417045],[175.569840488157,-39.1717639288881],[175.569783198299,-39.1717407843769],[175.569752694846,-39.1717077043668],[175.569741386534,-39.1716326285324],[175.569755096194,-39.1715045596383],[175.569728812815,-39.1714555590598],[175.569724283909,-39.1713984503083],[175.569712306152,-39.1713386454903],[175.569718088425,-39.1712956113798],[175.569715476998,-39.1712575292774],[175.569723142033,-39.1712325694056],[175.569692364621,-39.1711274124695],[175.569681020659,-39.1710513842303],[175.569611919185,-39.170936584359],[175.56959904075,-39.1708520095639],[175.569569190015,-39.1708059471893],[175.569570988328,-39.1707544196842],[175.569562222323,-39.1707155201968],[175.569553951338,-39.1706565876433],[175.569548544888,-39.1706090327217],[175.569548000225,-39.1705604173475],[175.569543218266,-39.1705300112548],[175.569552707048,-39.1704878485422],[175.569504482787,-39.1703744951938],[175.569505770057,-39.1702753047457],[175.569519896327,-39.1701586684014],[175.569509733474,-39.1701150329353],[175.569517383536,-39.1700223761409],[175.56951198651,-39.1699414498625],[175.569491303471,-39.1698780225668],[175.569484088742,-39.1698601065062],[175.569463147617,-39.1697775753898],[175.569472254757,-39.1697249325379],[175.569462829848,-39.1696679317841],[175.569481728644,-39.1696150737894],[175.56950087021,-39.1695688835827],[175.569513753123,-39.1695190187535],[175.569514892368,-39.169449389992],[175.569527298865,-39.1693528146284],[175.569529463899,-39.1692440694141],[175.569510727567,-39.169099553791],[175.569515677272,-39.1690336545644],[175.569508110872,-39.1689604033668],[175.569518565349,-39.1688438489204],[175.569519104352,-39.1687913951089],[175.569501563685,-39.1687469683381],[175.569502103894,-39.1686945154001],[175.569511661906,-39.1686542584127],[175.569513599042,-39.1686065414441],[175.569522036451,-39.1685691696164],[175.569524008261,-39.1685224050604],[175.569526673922,-39.1684946959672],[175.569497979614,-39.1684467016755],[175.569498425075,-39.1683580174388],[175.569490179859,-39.1683334095184],[175.569505153334,-39.1683073352223],[175.569489113839,-39.1682705034523],[175.569502482208,-39.1682339760066],[175.569523540741,-39.168206813368],[175.56949810193,-39.1681473054999],[175.569499692196,-39.1680900616958],[175.569514606764,-39.1680287102896],[175.569537210305,-39.1679767237158],[175.569574145246,-39.1679482575877],[175.569622590026,-39.1678995144332],[175.569700599737,-39.167788142483],[175.569741215412,-39.1677262239339],[175.569789729325,-39.1676793864434],[175.569820092109,-39.1676386703405],[175.569844936433,-39.1675809133898],[175.569890332511,-39.1675494000166],[175.569919750423,-39.1675163328683],[175.569988177269,-39.1674108930701],[175.570054874155,-39.1673588865137],[175.570126121373,-39.1672972450117],[175.570190449544,-39.1672138258603],[175.570262710628,-39.1671464410288],[175.570367956569,-39.1670430497322],[175.570429897726,-39.166994961544],[175.570455677118,-39.1669629277498],[175.57047830543,-39.1669452656805],[175.570518103981,-39.1669281777959],[175.570534612591,-39.166910650793],[175.570556478583,-39.1668720293061],[175.570588065219,-39.1668312859932],[175.570624685659,-39.1667942451728],[175.570665428795,-39.1667695091602],[175.570740162967,-39.1667363946775],[175.570780733615,-39.1667068938384],[175.570817978623,-39.1666870026869],[175.570848341559,-39.166646286318],[175.570902512567,-39.1666202997192],[175.570934341831,-39.1665862250079],[175.570949011923,-39.1665182038688],[175.570944169049,-39.1664525207573],[175.570939117946,-39.16638112137],[175.570931298855,-39.1663345738323],[175.570935057256,-39.1662696540149],[175.570913711736,-39.1661750479505],[175.570911187895,-39.1661074820594],[175.570899259501,-39.1660602747629],[175.570895248306,-39.1659501631006],[175.570892307085,-39.1658358105873],[175.57090722003,-39.1657744581373],[175.570927236182,-39.1657187148007],[175.570955436993,-39.1656523022095],[175.57098947965,-39.1655781325148],[175.571028269677,-39.1655334164449],[175.571065766749,-39.1654868207482],[175.571107039425,-39.1654430030215],[175.571204607904,-39.1653979423844],[175.571303564697,-39.1653909907623],[175.571393008106,-39.1653918763391],[175.571481229225,-39.1653927888359],[175.571583510298,-39.1653762281868],[175.571663380496,-39.1653496737648],[175.571676009839,-39.1653265113939],[175.571694722811,-39.1653022606015],[175.571691754032,-39.1652880239795],[175.57166158371,-39.1652667607993],[175.571625593359,-39.1652450855729],[175.571566629134,-39.1652154624513],[175.571548696736,-39.1651939281103],[175.571509170158,-39.1651175691208],[175.571500855252,-39.1650910556167],[175.571505898644,-39.1650613858146],[175.571484121291,-39.165035169569],[175.571414138516,-39.1649632966432],[175.571373691483,-39.1649289112906],[175.571324226865,-39.1648823291999],[175.571279587783,-39.1648337332875],[175.571234879367,-39.1647832325309],[175.57118384444,-39.1647271505595],[175.571150532326,-39.1646868867283],[175.571101042014,-39.1646059798671],[175.5710791627,-39.1645507794345],[175.571047022986,-39.1644735661821],[175.571037528323,-39.1644146598031],[175.571006490924,-39.1643695780137],[175.570995103573,-39.1643259687751],[175.570989027593,-39.1642936849281],[175.570974429923,-39.164229170323],[175.570987658054,-39.164188832184],[175.571003472986,-39.164152250552],[175.570998595651,-39.1640856150022],[175.571016650327,-39.1640432630496],[175.571039112819,-39.1639874656807],[175.571074855245,-39.1639599785956],[175.571081434568,-39.1639388571089],[175.571102768945,-39.1639193162314],[175.571140681678,-39.1638841539817],[175.571175591079,-39.1638338026644],[175.571188749608,-39.163791558781],[175.571228485487,-39.1637391936318],[175.571282211596,-39.1636674497068],[175.571315644637,-39.1636438280536],[175.571329011304,-39.1636073004327],[175.571352307596,-39.163574368089],[175.571387563785,-39.1635335435414],[175.571410512908,-39.1634910834617],[175.571444727722,-39.1634216775226],[175.57149439164,-39.1633729066888],[175.57153957723,-39.1633356764662],[175.571579311447,-39.1632833112363],[175.57160226038,-39.1632408511238],[175.571635137728,-39.1632019862887],[175.571648295882,-39.1631597423623],[175.57170823619,-39.1631240935243],[175.571731462716,-39.1630892553886],[175.57177805339,-39.16302338968],[175.571812892494,-39.1629711324694],[175.571874100182,-39.1629030366759],[175.571927547324,-39.1628236713888],[175.57201071349,-39.1627531842344],[175.572061712386,-39.1626738720548],[175.572094382077,-39.1626292908052],[175.57212026336,-39.1626001148356],[175.572159285868,-39.1625954384762],[175.572188101136,-39.1625795466972],[175.572209018174,-39.1625485730914],[175.572254966725,-39.1625323028826],[175.572306245187,-39.1625110679569],[175.572394415571,-39.162451911751],[175.572416406837,-39.1624252045859],[175.572479494591,-39.1623499163119],[175.572557747872,-39.1622707181387],[175.572596479052,-39.162241258219],[175.572635871878,-39.1621879460976],[175.572672161644,-39.1621335114879],[175.572697787207,-39.1620805034681],[175.572734554348,-39.1620391685538],[175.572774900804,-39.1620120567406],[175.57282744345,-39.1619834835571],[175.572841959013,-39.1619617091582],[175.572858752838,-39.1619184316015],[175.572890756733,-39.161872434173],[175.572909047371,-39.16178621699],[175.572912160861,-39.1617456255019],[175.572932794411,-39.1617237159312],[175.572987832043,-39.1616795934493],[175.57302026986,-39.1616455047355],[175.573046067534,-39.1615972614336],[175.57310245998,-39.1615483412712],[175.573155869251,-39.1615435854683],[175.573184152819,-39.1615215068314],[175.573223577975,-39.1615111012526],[175.573231409771,-39.161473981277],[175.573269706058,-39.1614326115097],[175.573298781296,-39.1613902544519],[175.573331132027,-39.1613537846309],[175.573386254774,-39.16131204303],[175.573421708433,-39.1612766965448],[175.57344951306,-39.1612415181677],[175.573491042366,-39.1612048445844],[175.573529729157,-39.1611741934176],[175.573564227447,-39.1611126474813],[175.573599854578,-39.1610820639035],[175.573619663905,-39.1610375276786],[175.573716358741,-39.1609603041608],[175.573757843164,-39.1609224395523],[175.57378463997,-39.1609015864536],[175.573847638097,-39.1608239155866],[175.573928590432,-39.1607768360979],[175.573985425742,-39.1606981094377],[175.574005365015,-39.1606571460478],[175.574006330248,-39.1606416306075],[175.574024382433,-39.1606328881591],[175.574029633024,-39.1606089354399],[175.574036976785,-39.1606004305648],[175.574071421087,-39.1605794074768],[175.574121076278,-39.1605556643336],[175.574115488103,-39.1605283754029],[175.574144604753,-39.1604872091468],[175.574226566278,-39.1604258049658],[175.574269406192,-39.1603831434238],[175.574316358787,-39.1603272806993],[175.574391375663,-39.1602433842607],[175.574461055108,-39.1601810594862],[175.574490432038,-39.1601470389339],[175.574539879155,-39.1600756259702],[175.574607150319,-39.1600312323021],[175.574803959578,-39.1598028132143],[175.574862453247,-39.1597276252423],[175.574945550916,-39.1596554690341],[175.574992983668,-39.1596156832428],[175.575031224551,-39.1595515315431],[175.57508015781,-39.1595191929202],[175.575125393574,-39.1594655642912],[175.575162418621,-39.1594313735643],[175.575173308687,-39.1593941849381],[175.57520643955,-39.1593791501812],[175.5752373021,-39.159343904671],[175.575277864428,-39.1593227459516],[175.575312611881,-39.1593100592657],[175.575315028802,-39.1592504132412],[175.575326970602,-39.1592000910848],[175.575405426579,-39.1591685598974],[175.575474835527,-39.1591408044946],[175.575513301953,-39.1591041988372],[175.575542157667,-39.1590558864672],[175.575560218245,-39.1590054289738],[175.575592610201,-39.1589701495491],[175.575658002279,-39.158916261452],[175.575699138029,-39.1588688693881],[175.575743463567,-39.1588249825351],[175.575784338504,-39.1587704455688],[175.575820841425,-39.1587219640011],[175.575860272237,-39.1586698418946],[175.575903328568,-39.1586331345952],[175.575987466862,-39.1585895590081],[175.576027680882,-39.1585588732478],[175.57604119527,-39.1585097081605],[175.576077697885,-39.1584612265208],[175.576114287374,-39.1584151267955],[175.576159881364,-39.1583640610888],[175.576211679929,-39.1583152410651],[175.576251415633,-39.1582714555502],[175.576282103337,-39.1582314459418],[175.576331364974,-39.1581969841676],[175.576379095684,-39.1581625562394],[175.576416380248,-39.1581355109226],[175.576470412109,-39.1580639966337],[175.576519115795,-39.1579723383929],[175.576547579209,-39.1579133080455],[175.576574242468,-39.1578888805999],[175.576674293527,-39.157819923889],[175.576730941309,-39.1577781478965],[175.576778323772,-39.1577341921234],[175.576826410017,-39.1576675769135],[175.576894251979,-39.1575969488019],[175.576925990536,-39.157543804616],[175.576976475646,-39.1575009729388],[175.577050035561,-39.1574612064323],[175.577087102119,-39.1574282061106],[175.577135093928,-39.1574009227419],[175.577179938213,-39.1573713260567],[175.57723649838,-39.1573271679143],[175.57729847366,-39.1573055355601],[175.577352582955,-39.1572781167271],[175.577416878406,-39.1572361711653],[175.577468623914,-39.1572278753681],[175.577499962663,-39.1572057280894],[175.57751810839,-39.157157652263],[175.577554522382,-39.157106789185],[175.577602955322,-39.1570497004762],[175.577645792311,-39.1570070368803],[175.577679451113,-39.1569645773068],[175.577705593018,-39.1569258598646],[175.577750610673,-39.1569010259198],[175.577820806909,-39.1568529908189],[175.577886891128,-39.1568181560507],[175.577933046969,-39.1567825704322],[175.577979073481,-39.1567434127886],[175.578012775417,-39.1567021431886],[175.578052857047,-39.1566678848028],[175.578099186674,-39.156637062967],[175.578158406113,-39.1566238337298],[175.57819896599,-39.1566026740651],[175.578228774547,-39.1565805604676],[175.578256315215,-39.156538236169],[175.578285645348,-39.156503023791],[175.578342595557,-39.1564695828973],[175.578382894343,-39.1564412783093],[175.578412485289,-39.1564132098653],[175.578433203793,-39.1563936822066],[175.57845038445,-39.1563611217098],[175.578450478815,-39.156321788846],[175.578436676699,-39.1562791869645],[175.578474358286,-39.1562211440001],[175.578504086978,-39.1561549345332],[175.578531757788,-39.1561161821592],[175.578566024599,-39.1560903949028],[175.578586307976,-39.1560589576153],[175.578595448659,-39.1560158486923],[175.578594977495,-39.1559610342426],[175.578607264505,-39.1559202395049],[175.578636290843,-39.1558766894002],[175.578651767655,-39.1558393998045],[175.578673145625,-39.1557960199319],[175.578684867093,-39.1557397436015],[175.578700256819,-39.1557000711792],[175.578709353897,-39.1556557712883],[175.578725396108,-39.1556339632702],[175.578736328459,-39.1555979653061],[175.578734849522,-39.1555574753511],[175.578731797425,-39.1555158283042],[175.57874399729,-39.1554726516336],[175.57876952907,-39.155417260535],[175.578786230872,-39.1553716003321],[175.578813030143,-39.1553090314193],[175.578804041718,-39.1552305679835],[175.578806150099,-39.1551625861547],[175.57881686484,-39.1551206333819],[175.57881927769,-39.1550609873754],[175.578829557459,-39.155007126797],[175.578839799742,-39.1549103604965],[175.578843525871,-39.1548447257906],[175.578835884824,-39.1548031803522],[175.578833137201,-39.1547698691275],[175.578846119895,-39.1547481288369],[175.578894196224,-39.1547232267364],[175.579026353702,-39.1546952717506],[175.579088890464,-39.1546891192396],[175.579135082015,-39.1546964398167],[175.579151297883,-39.1546793946893],[175.579142737217,-39.1546545547667],[175.579114950825,-39.1546063048178],[175.579089042091,-39.1545675468701],[175.579043772427,-39.1545435207289],[175.579029309621,-39.1545247711118],[175.579013013844,-39.154497719516],[175.579011708823,-39.154461993404],[175.579027801249,-39.1543996606267],[175.579055652224,-39.1543239572061],[175.579091498166,-39.1542576112257],[175.579118427277,-39.154198614236],[175.579155802767,-39.154132235266],[175.579180810595,-39.1540625534942],[175.579206254598,-39.1540047812958],[175.579234053633,-39.1539696025899],[175.579277815349,-39.1538685172659],[175.57934709971,-39.1537537573341],[175.579378312772,-39.1536863228449],[175.579431026293,-39.1536207951239],[175.57947936957,-39.1535613237885],[175.579525964437,-39.153495931538],[175.579566702982,-39.1534378205193],[175.579584541905,-39.1533814086017],[175.579588441385,-39.1533205377228],[175.579586613985,-39.1532705200982],[175.579609214583,-39.1532187704082],[175.579652309198,-39.1531832519277],[175.579694178753,-39.1531561040326],[175.579759823515,-39.1531093596279],[175.579809165809,-39.1530772784767],[175.579877957824,-39.1530328481418],[175.579940760723,-39.1529921262056],[175.579972402634,-39.1529783150289],[175.580028559393,-39.1529651518136],[175.580079779223,-39.1529425643485],[175.580108715345,-39.1528966329344],[175.58010819964,-39.1528406275432],[175.58012148622,-39.1528272229469],[175.580173446868,-39.1528248799331],[175.580201412579,-39.1528361787332],[175.58025905529,-39.152821791466],[175.580332913142,-39.1527903588981],[175.580422942532,-39.1527406900414],[175.580553304875,-39.1527056215907],[175.580661689173,-39.1526555458682],[175.580735677251,-39.1526276859334],[175.580840429018,-39.1526039119575],[175.5809143299,-39.152573669995],[175.581009861535,-39.1525489073578],[175.581125146096,-39.1525201320205],[175.581261582482,-39.1524837362497],[175.581396706831,-39.1524533290181],[175.581569544893,-39.1524077835197],[175.581689112919,-39.1523705692185],[175.581808898553,-39.1523393095897],[175.581890968062,-39.1523231881181],[175.58199309639,-39.1523113896031],[175.582113490324,-39.1522968022059],[175.582404666109,-39.1522641250797],[175.582496653369,-39.1522680450797],[175.582601013035,-39.1522335509123],[175.582670411088,-39.152205791538],[175.582735960839,-39.1521983783562],[175.582814182903,-39.1522026033519],[175.582869026689,-39.1521954275095],[175.582961629765,-39.1521743048968],[175.583048418201,-39.1521616528295],[175.583136605511,-39.1521453948035],[175.583217712408,-39.1521447878529],[175.583298906445,-39.1521465627596],[175.583393037704,-39.1521254050091],[175.583478165709,-39.1521092145834],[175.583547519693,-39.1520802637445],[175.583623296956,-39.1520595129402],[175.583687012996,-39.1520437973398],[175.583704087232,-39.1520369436285],[175.583710612349,-39.1520249994683],[175.583755572099,-39.1520154207829],[175.583764489191,-39.1520148364691],[175.583780847546,-39.1520201034507],[175.583793222506,-39.152023643436],[175.583836940564,-39.1520135553142],[175.583854210606,-39.1520114838495],[175.583920898539,-39.1519933183444],[175.583998552684,-39.1519820610439],[175.584050251009,-39.1519725714873],[175.584142895788,-39.1519526380375],[175.584147398908,-39.1519518092772],[175.584164227379,-39.1519514259865],[175.584380291897,-39.151920037462],[175.584468426221,-39.1519023489397],[175.584510519757,-39.1518813918245],[175.584538261543,-39.1518698110656],[175.584584617484,-39.1518649687718],[175.584605699104,-39.1518554430504],[175.584627707487,-39.1518377920423],[175.584639736155,-39.1518151182145],[175.584641381603,-39.1517931513952],[175.584637607541,-39.1517736886895],[175.584618941291,-39.151748836493],[175.584605394317,-39.1517467532721],[175.584588057024,-39.1517247311136],[175.584581345885,-39.1517086706071],[175.584586312056,-39.1516937816365],[175.58458163507,-39.1516768993929],[175.584567558628,-39.1516665466185],[175.58455446636,-39.1516601630984],[175.584552178206,-39.1516478180537],[175.584560272122,-39.1516347669342],[175.584582000138,-39.1516261800517],[175.58460816743,-39.1516217857556],[175.584630069812,-39.1516179626874],[175.584650119937,-39.1516137032297],[175.584680534691,-39.1516082614811],[175.584709639021,-39.1516004640585],[175.584748514931,-39.1515919731845],[175.584776937921,-39.1515822845096],[175.584812073346,-39.1515719702698],[175.584841212544,-39.1515651261198],[175.584882621998,-39.1515589628198],[175.584908789209,-39.1515545675574],[175.584946424473,-39.1515456284643],[175.584977450734,-39.1515401721658],[175.585004772545,-39.1515338449],[175.585032478086,-39.1515213116515],[175.585069921442,-39.1515071315958],[175.585090670304,-39.1515052404003],[175.585135907404,-39.1515032831579],[175.585168839345,-39.1514996917676],[175.585210283629,-39.1514944816576],[175.585251134869,-39.1514897603847],[175.585290288553,-39.1514888912925],[175.585336749981,-39.1514869067955],[175.585362340441,-39.151483478313],[175.585406267108,-39.1514791662082],[175.585430582028,-39.1514743353573],[175.585463881351,-39.1514640616804],[175.585482584938,-39.1514564949473],[175.585500659402,-39.1514440708787],[175.585502640984,-39.1514440259888],[175.585508090454,-39.1514339993523],[175.585529136908,-39.1514235201675],[175.585565004666,-39.1514165264689],[175.585607096491,-39.1514122550212],[175.585649799905,-39.1514079699811],[175.585685616449,-39.1513995467144],[175.585714546154,-39.1513869861281],[175.585739158621,-39.1513735673026],[175.585765605895,-39.151360108638],[175.585801911889,-39.1513483374456],[175.585836400527,-39.1513370831796],[175.585880624652,-39.151324182988],[175.585916860815,-39.1513105060536],[175.585955106243,-39.1513015530895],[175.585985854321,-39.1512884745735],[175.586013560737,-39.1512759410745],[175.586046108691,-39.1512618694016],[175.586079076346,-39.151242545021],[175.586103653809,-39.1512281737187],[175.586152160118,-39.151215178343],[175.586192119239,-39.1512028493253],[175.586230767919,-39.1511881655467],[175.586262267087,-39.1511788847942],[175.58630953267,-39.1511654394144],[175.586335560091,-39.1511572342256],[175.58637721547,-39.1511410529641],[175.586427802787,-39.1511180001916],[175.586456836929,-39.1511082975384],[175.586485172188,-39.1510962256517],[175.586510396026,-39.1510827939892],[175.586529745904,-39.151076166816],[175.586556611657,-39.1510741395184],[175.586585173755,-39.1510682609292],[175.586621217722,-39.1510493446666],[175.586654885083,-39.1510323875305],[175.5866871885,-39.1510116470641],[175.586723966147,-39.1509960514995],[175.586781107721,-39.1509847713367],[175.586817675086,-39.1509801446617],[175.586856288614,-39.1509645082805],[175.58689589844,-39.1509426522998],[175.586938251254,-39.1509288391948],[175.586980150701,-39.1509193272467],[175.58702009205,-39.1509065217533],[175.587052779264,-39.1508962612223],[175.587085379166,-39.150883617875],[175.587139321865,-39.1508685949802],[175.587180312945,-39.1508509984236],[175.587223855081,-39.150836205619],[175.587269127242,-39.150818513933],[175.587307915094,-39.1508076403212],[175.587353939617,-39.1507937464026],[175.58739795364,-39.1507751294384],[175.587433577619,-39.1507614656365],[175.58747023278,-39.1507425355364],[175.587498882582,-39.1507223526044],[175.587531814639,-39.1507020745299],[175.587549749115,-39.150690234354],[175.5875856704,-39.1506679825979],[175.58761099976,-39.15065740879],[175.587643686765,-39.1506471480994],[175.587674677485,-39.1506407386991],[175.587716226897,-39.1506383849008],[175.587762424615,-39.1506292537641],[175.587798275418,-39.1506217831707],[175.587841275528,-39.150608909437],[175.58787569361,-39.1505957488839],[175.587911509477,-39.1505873258543],[175.58794307679,-39.1505799494926],[175.587979434381,-39.1505696071488],[175.588020582211,-39.1505562979183],[175.588053146864,-39.1505427019084],[175.588081499094,-39.1505311067501],[175.588114675341,-39.1505174980338],[175.588154074471,-39.1505066105593],[175.588178913153,-39.1504993845557],[175.588220094654,-39.150487027685],[175.588249302851,-39.1504820875108],[175.588266817631,-39.1504755008319],[175.588277655022,-39.1504704923065],[175.588293124358,-39.1504582302106],[175.588324932358,-39.1504393039556],[175.588362491957,-39.1504199958117],[175.588415630683,-39.1504080884759],[175.588447312144,-39.1503954651625],[175.588477070965,-39.1503930163627],[175.588512117091,-39.1503886617126],[175.588541657614,-39.1503802581349],[175.588561889953,-39.1503684865582],[175.588589224016,-39.1503625149515],[175.588615683628,-39.1503535843185],[175.588633184268,-39.150350811511],[175.588672207613,-39.150350540596],[175.588716409085,-39.1503453859857],[175.588747696254,-39.1503429031473],[175.588777345866,-39.1503374764414],[175.588819624882,-39.1503216390212],[175.588859892759,-39.1503135924337],[175.588877001469,-39.1503209591927],[175.588898412566,-39.1503413405629],[175.588913894692,-39.1503458415955],[175.588935172731,-39.150340912653],[175.588942614045,-39.1503361867677],[175.588969837788,-39.1503272390692],[175.588983602471,-39.1503269330993],[175.589015787086,-39.1503280051064],[175.589052515525,-39.1503277850773],[175.589100693066,-39.1503267141153],[175.58913348905,-39.1503236012211],[175.589166131051,-39.1503163204625],[175.589195081911,-39.1503126966173],[175.589221169067,-39.1503145005288],[175.589247104552,-39.150312136528],[175.589269106422,-39.1503068797136],[175.589285908352,-39.1503059106756],[175.589323292925,-39.1503026957178],[175.589345185623,-39.1502944619604],[175.589366904783,-39.1502814643673],[175.589402431152,-39.1502693526287],[175.58944829306,-39.1502677365933],[175.589477177232,-39.1502623267276],[175.589498459681,-39.1502374213971],[175.589512180603,-39.1502150671239],[175.589531364633,-39.1501955707416],[175.589551313998,-39.1501760573401],[175.58956175756,-39.1501686745086],[175.589585770362,-39.1501556258792],[175.589602528452,-39.150132607656],[175.589611836585,-39.1501151191749],[175.589616651187,-39.1500991261339],[175.589652190242,-39.1500623764698],[175.589653526703,-39.1500623467544],[175.589669039242,-39.1500679614535],[175.589681339834,-39.1500694753881],[175.589686539762,-39.1500651884914],[175.589694471188,-39.1500519018925],[175.589707953078,-39.1500438550799],[175.589731418857,-39.1500367781961],[175.589750995849,-39.1500279994417],[175.589753158565,-39.1500243764869],[175.589758774402,-39.1500105449597],[175.58975816294,-39.1499938725427],[175.589763887987,-39.1499830188435],[175.58977725952,-39.1499719951212],[175.589784578436,-39.1499628934138],[175.589794957563,-39.1499537236604],[175.589810689459,-39.1499444348834],[175.589833280669,-39.1499343980705],[175.589853797681,-39.1499303660867],[175.589879600799,-39.1499244291225],[175.589908376764,-39.1499160422021],[175.589929548765,-39.1499090162846],[175.589954631331,-39.1499042863482],[175.589976545685,-39.1498966484039],[175.590005976622,-39.1498852675393],[175.590025422489,-39.149872915888],[175.590044169738,-39.1498623690043],[175.590066695346,-39.1498505452714],[175.590097502864,-39.1498349615927],[175.590117036102,-39.1498249927292],[175.590141136051,-39.1498143258938],[175.590162286171,-39.1498067049103],[175.59018706292,-39.1497936391696],[175.59022317949,-39.1497767463688],[175.590255713036,-39.1497664874634],[175.590275202545,-39.1497553276238],[175.590286957057,-39.1497419559612],[175.590289622956,-39.1497311702718],[175.590301793306,-39.1497082539806],[175.590315863338,-39.1496954263289],[175.590349489544,-39.1496732256752],[175.590374222523,-39.1496589689463],[175.590401715371,-39.1496475914464],[175.590420352108,-39.1496340667045],[175.590434379571,-39.1496200480631],[175.590439142562,-39.1496038525286],[175.590461996496,-39.1495801030954],[175.590484151751,-39.1495581566306],[175.590503531958,-39.1495440198291],[175.590548519597,-39.1495185861651],[175.590590643607,-39.1494985793781],[175.590621516408,-39.1494847824448],[175.590650095498,-39.1494710365222],[175.59069287557,-39.1494480357506],[175.59072953755,-39.1494251710517],[175.590770789208,-39.1494022042492],[175.590794713007,-39.1493867744103],[175.590830719964,-39.1493669036058],[175.590852373033,-39.149352119777],[175.590874637351,-39.1493331510695],[175.590890914661,-39.1493178904045],[175.590916105738,-39.1492952808166],[175.590941516442,-39.1492786259494],[175.590963693319,-39.1492572753256],[175.590983291801,-39.1492490923006],[175.591006538687,-39.149236060421],[175.591020478591,-39.1492196607146],[175.591034613927,-39.1492086189579],[175.591048182897,-39.1492029538999],[175.591069791014,-39.1491869791091],[175.591094261511,-39.1491655774361],[175.591132348378,-39.1491322671342],[175.591132629672,-39.1491320815925],[175.591139401099,-39.1491234541556],[175.591150916165,-39.1491035326124],[175.591183076693,-39.149083151762],[175.59121078094,-39.1490664458116],[175.591240058349,-39.1490508958766],[175.59127182726,-39.1490406546037],[175.591303529435,-39.1490286264733],[175.591325159308,-39.1490132475634],[175.591336105622,-39.1489987018561],[175.591355856345,-39.148973829371],[175.591377465478,-39.1489578545014],[175.591405824526,-39.1489381536805],[175.591435189247,-39.1489249855991],[175.591467547424,-39.1489099634735],[175.591495164122,-39.1488908755599],[175.591498892787,-39.148887868198],[175.591557966295,-39.1488503853032],[175.591622437026,-39.1488053289416],[175.591690866842,-39.1487430227501],[175.591729958114,-39.1487071123635],[175.591828224247,-39.1486570127681],[175.591873804959,-39.1486347465646],[175.591910778137,-39.1486212964362],[175.591925148742,-39.1486120692039],[175.591935845715,-39.1486032498566],[175.591960805306,-39.1485826713761],[175.591967464526,-39.1485639299154],[175.591981359952,-39.1485421669855],[175.592010199879,-39.1485272230073],[175.59202624474,-39.1485139944382],[175.592045541642,-39.1484892508601],[175.59206835058,-39.1484601389195],[175.592100284019,-39.1484293941414],[175.592132584603,-39.1484086522494],[175.59217421947,-39.1483919928062],[175.59220295438,-39.148374190685],[175.592235045078,-39.14834773257],[175.592279720929,-39.1483138428096],[175.59230166103,-39.1483009694934],[175.592314332147,-39.1482893547522],[175.592334756683,-39.1482703077967],[175.592361419575,-39.1482461155545],[175.592392855673,-39.1482268225988],[175.592427226852,-39.1482124707395],[175.592454179411,-39.1481961388959],[175.592492902933,-39.1481752539424],[175.592533147499,-39.1481457538203],[175.592565657678,-39.1481307280108],[175.592576144609,-39.148116191514],[175.592579917567,-39.148109129876],[175.592580386854,-39.1480983389757],[175.592579809734,-39.1480826189895],[175.592597165587,-39.1480550589961],[175.592618664123,-39.1480402782843],[175.592654582421,-39.1480180250541],[175.592657940873,-39.1480146114716],[175.592659028792,-39.1480140530068],[175.592672237784,-39.1480031623092],[175.592688235376,-39.1479840832027],[175.592701658522,-39.1479744877678],[175.59273513899,-39.14796087098],[175.592743262909,-39.1479459158873],[175.592743237249,-39.1479415929251],[175.592749584733,-39.147929084645],[175.592773022816,-39.1479171211625],[175.592809019697,-39.1478970112358],[175.592814866841,-39.1478811491399],[175.592839327443,-39.1478469938498],[175.592902118027,-39.1478062652948],[175.592927601454,-39.1477749485505],[175.592944747184,-39.1477416714172],[175.592983181725,-39.1477129267713],[175.593058007652,-39.1476747906273],[175.593114007893,-39.1476492297329],[175.593165604093,-39.1476037438334],[175.593200184307,-39.147570079398],[175.593229888586,-39.1475286566478],[175.593252775441,-39.1475016878449],[175.593284839104,-39.1474745147143],[175.593313966494,-39.1474424014201],[175.593316981044,-39.1474244572691],[175.593323849719,-39.1474114319355],[175.593362442501,-39.1473869738425],[175.593392722741,-39.1473612710593],[175.59343283526,-39.1473281978057],[175.593468018733,-39.1473109671245],[175.593499087259,-39.1473066995584],[175.593531806768,-39.1472973896886],[175.593577110001,-39.147280648968],[175.593604979814,-39.1472642955365],[175.593638982864,-39.147239939557],[175.59366276232,-39.147212236366],[175.593679357074,-39.1471889833624],[175.593704604319,-39.1471762640746],[175.593730900686,-39.147167097185],[175.593761208695,-39.1471671375854],[175.593792773995,-39.1471514171474],[175.593815608011,-39.1471230187459],[175.593842847885,-39.1470895175905],[175.593865655642,-39.1470604053317],[175.593909385735,-39.147025820686],[175.593951332511,-39.146992707308],[175.593982583903,-39.1469684125117],[175.594034048528,-39.1469443828619],[175.594070672599,-39.1469163926179],[175.594134354443,-39.1468749282262],[175.59420553314,-39.146824602008],[175.594216254309,-39.1468097159966],[175.594230617109,-39.1467894910826]]},"properties":{"TechObjectName":"Mangatepopo  Ditch  Track","ObjectType":"Track Visitor"}},{"type":"Feature","geometry":{"type":"LineString","coordinates":[[175.581001227888,-39.1444972352661],[175.581061139012,-39.1444841974367],[175.581249695198,-39.1444847172736],[175.581418120681,-39.144612088262],[175.581450470638,-39.144647638965],[175.581467663328,-39.144669390967],[175.581497063497,-39.1447199885285],[175.581607537579,-39.1449368406475],[175.581663974927,-39.1450571588551],[175.581686642437,-39.1451329351106],[175.581697690939,-39.1451839402808],[175.581700433477,-39.1452589662469],[175.581688933351,-39.145321196732],[175.581702909009,-39.1453685612449],[175.581750133646,-39.1454461770135],[175.581840733833,-39.1456217547255],[175.581899447407,-39.1457205685981],[175.581987083307,-39.145856881082],[175.58204645594,-39.1459318426722],[175.582140655513,-39.1459964985563],[175.582187364041,-39.146018107822],[175.582374947235,-39.1460413623938],[175.582456526162,-39.1460538558561],[175.58259875078,-39.1460924170329],[175.582930685003,-39.1462004939211],[175.583041000823,-39.1462249896808],[175.583153801994,-39.1462445841372],[175.583242326714,-39.1462795677598],[175.583271141876,-39.1463021293043],[175.583351864801,-39.1463450743767],[175.583439822258,-39.1463645763134],[175.583512137822,-39.1463748906444],[175.583609930254,-39.146370337619],[175.583703787819,-39.1463837497593],[175.583792313001,-39.1464187338481],[175.583862092588,-39.1464434064055],[175.583928988756,-39.1464729105845],[175.583990377159,-39.1465192229516],[175.584037216141,-39.1465444043404],[175.584070596191,-39.1465782277771],[175.584096373658,-39.1466134108985],[175.584138843397,-39.1466446488015],[175.584190009465,-39.1466625834806],[175.584303705803,-39.1466743630439],[175.584358588717,-39.1466683775999],[175.584426495946,-39.1466418422289],[175.584509655925,-39.146572060905],[175.584552573875,-39.1464900631376],[175.584561714053,-39.1464052391179],[175.584570811751,-39.1463192232144],[175.584602452671,-39.146263696193],[175.584663416364,-39.1461729544734],[175.58472013741,-39.1461335569033],[175.584796740066,-39.1460937171937],[175.584861369727,-39.1460612946906],[175.584905284446,-39.1460484017627],[175.584999014826,-39.1460165252738],[175.5851209715,-39.1460030921196],[175.585259006112,-39.1460107548027],[175.585575052141,-39.1460728674033],[175.585862477433,-39.1461475319921],[175.585972456908,-39.1461832300241],[175.586159123655,-39.1462231839485],[175.586304496525,-39.1462640545088],[175.586389571285,-39.1462883859111],[175.586443599456,-39.1462909195957],[175.586465151856,-39.1462946789474],[175.586506237781,-39.1462977135219],[175.586721918781,-39.1463358302956],[175.586856150944,-39.1463650292434],[175.586986757197,-39.1463788144644],[175.587205366679,-39.1464132895203],[175.587326534547,-39.1464201324692],[175.587529283699,-39.1464394660272],[175.587653772358,-39.1464533864013],[175.587804086089,-39.1464619651712],[175.587904324024,-39.1464823827904],[175.587950598162,-39.1464920819356],[175.588028421208,-39.1464855850506],[175.588132810023,-39.1464939919073],[175.588260357774,-39.146507843654],[175.588428019436,-39.1465303382885],[175.588643744492,-39.1465696424201],[175.588766181395,-39.1465693050211],[175.588834827716,-39.1465630124608],[175.588925540068,-39.1465741064329],[175.589016602851,-39.1465947270285],[175.589223939988,-39.1466139547353],[175.589446963643,-39.1466435606355],[175.589571672435,-39.1466634336684],[175.589774203131,-39.1466768076371],[175.589975641195,-39.146702124778],[175.590170219457,-39.1467490478297],[175.590326214323,-39.1467872932581],[175.590452408185,-39.1468059403899],[175.590555968294,-39.1468334333567],[175.590627061459,-39.146852112991],[175.590777769404,-39.1468714064386],[175.5908923843,-39.1469081876854],[175.591045103419,-39.146982260886],[175.591162863629,-39.1470630703266],[175.591263190573,-39.1471275823821],[175.591324365666,-39.1471679359441],[175.591406821109,-39.1472042402402],[175.591488839637,-39.1472286358733],[175.591623075185,-39.1472578291969],[175.591737734854,-39.1472958014233],[175.591866464611,-39.1473418020898],[175.59199340282,-39.1473806918471],[175.592039546888,-39.1473868164779],[175.592116146916,-39.1473886875251],[175.592187808813,-39.1473811330446],[175.592295563683,-39.1473560901042],[175.59241371872,-39.1473224721249],[175.592612230115,-39.1472679955137],[175.59282253969,-39.1472013376035],[175.592954020972,-39.1471555040995],[175.593017730285,-39.1471397835987],[175.59317079756,-39.147098236973],[175.593326397607,-39.1470423306875],[175.593516955167,-39.1469796870878],[175.593685052762,-39.1469306535754],[175.593758199726,-39.1469218740422],[175.593844586883,-39.1468984965399],[175.594039687021,-39.1468345590067],[175.594184931859,-39.146788417588],[175.594230617109,-39.1467894910826],[175.594315146157,-39.1467914768828],[175.594406688892,-39.146783478217],[175.594512868753,-39.1467572763997],[175.59462957968,-39.1467260722018],[175.594732876609,-39.1467047011945],[175.594853257679,-39.146690101019],[175.594943402028,-39.1466857088526],[175.595035295779,-39.1466872372492],[175.595109667549,-39.146711800693],[175.595169662785,-39.1467199984112],[175.59524800918,-39.1467277881006],[175.59531337825,-39.1467156042333],[175.595391854748,-39.1466852512282],[175.595472207217,-39.146622676278],[175.595575936541,-39.1465297849839],[175.595704046826,-39.1464339655067],[175.595808781127,-39.1463684631123],[175.595828268798,-39.1463573023983],[175.595864228978,-39.1463362391811],[175.59596752494,-39.146314868009],[175.59603560102,-39.1462930889329],[175.596090435829,-39.1462441925547],[175.59616947779,-39.1461876059508],[175.596217540789,-39.1461626970904],[175.596319131807,-39.1461365959259],[175.596442526586,-39.1461207350179],[175.596553336702,-39.1460956200581],[175.596650861516,-39.1460421959549],[175.596752580408,-39.1459779518705],[175.596819254692,-39.1459180648011],[175.596882086153,-39.1458785251419],[175.596960955113,-39.1458588887368],[175.597106094802,-39.1458293761974],[175.59711895451,-39.1458267614673],[175.597268128684,-39.1458043652527],[175.597371510949,-39.1457853738632],[175.597492849801,-39.1457552555381],[175.597613970679,-39.1457191823405],[175.597725349136,-39.145709547679],[175.597799892205,-39.1456971587194],[175.597861412479,-39.1456636064897],[175.597941936788,-39.1456057937156],[175.597991047439,-39.1455677505277],[175.598035696191,-39.145491668058],[175.59807499375,-39.1454296097866],[175.598132140555,-39.1453604000269],[175.598190382475,-39.1453209611476],[175.598273312953,-39.1452869320047],[175.598324082911,-39.1452524274282],[175.598355716404,-39.1452386115019],[175.598434365108,-39.1452130194143],[175.598480942203,-39.1451893356034],[175.598526817049,-39.1451465975975],[175.59857518105,-39.1450883099612],[175.598627043117,-39.1450418625751],[175.598670384773,-39.1450134831887],[175.598733871624,-39.1449918049434],[175.598803518739,-39.1449711811361],[175.598864774984,-39.1449304836477],[175.598919037067,-39.1448661046613],[175.599040846822,-39.1447656553717],[175.599123859371,-39.144692292193],[175.599155926214,-39.144648670147],[175.599193584678,-39.1445906202544],[175.59923513464,-39.1445551300161],[175.599277121639,-39.1445315474232],[175.599443718818,-39.1444420165372],[175.599491561454,-39.1444111525557],[175.599538219433,-39.1443481349171],[175.599591823007,-39.1442658933003],[175.599602830837,-39.1442322756175],[175.599599241331,-39.1441763390259],[175.599611865051,-39.1441450691199],[175.599644676494,-39.1441216911867],[175.59968871968,-39.1441123656132],[175.599760640227,-39.1441119522648],[175.599810322459,-39.1441311050928],[175.599866906433,-39.1441298420803],[175.599970066238,-39.1441048937704],[175.600040978459,-39.1440770903659],[175.600084232417,-39.1440463285768],[175.600102754233,-39.1440089673485],[175.600113629132,-39.1439717777235],[175.60014906069,-39.1439364228472],[175.600206949571,-39.1438874563871],[175.600253174452,-39.1438542452712],[175.600303591665,-39.1438102132509],[175.600388563235,-39.1437070083183],[175.600437231673,-39.1436570565778],[175.600521162251,-39.1436087004734],[175.600597840452,-39.1435712326284],[175.600673690794,-39.1435528530593],[175.600767892486,-39.1435340645775],[175.600811802386,-39.1435211648949],[175.600847716929,-39.1434989101603],[175.600909495787,-39.1434725021001],[175.600945847617,-39.1434621549826],[175.601015493684,-39.1434415298939],[175.601073167872,-39.1434283236429],[175.601131323304,-39.1434282168498],[175.601284339124,-39.1434271834376],[175.601367052248,-39.1434289119112],[175.601438884302,-39.1434261156665],[175.601501190371,-39.1434139976737],[175.601582242502,-39.1434121873292],[175.601606666285,-39.1434104498781],[175.601627813138,-39.1434028260103],[175.601672990131,-39.1433827470764],[175.601715722526,-39.1433794096272],[175.601751287932,-39.1433726555896],[175.601771263223,-39.1433664885314],[175.60178161598,-39.143348379359],[175.60180308479,-39.1433328823088],[175.601820203533,-39.1433239186206],[175.601840965076,-39.1433141591247],[175.601867706313,-39.1433171366354],[175.601888888994,-39.1433188094461],[175.601946221441,-39.1433046563214],[175.602002558207,-39.1432883803138],[175.602042036046,-39.1432631851823],[175.602081171609,-39.1432287001586],[175.602103084356,-39.1432003216491],[175.602115798028,-39.143196461857],[175.602130769774,-39.1432039942402],[175.60214167523,-39.1432008901748],[175.60216219973,-39.143184698823],[175.602180077155,-39.1431714279376],[175.602196013538,-39.1431553390831],[175.60221853168,-39.1431433942776],[175.602248548275,-39.1431355730371],[175.6022788281,-39.1431348965337],[175.602289315865,-39.1431453886064],[175.602309006164,-39.1431563904073],[175.602321066396,-39.143159696719],[175.602347727462,-39.1431605308134],[175.602375935803,-39.1431534643728],[175.602397641368,-39.1431443981187],[175.602418376439,-39.1431339237796],[175.602440239938,-39.1431291441841],[175.602462445729,-39.1431336544617],[175.602482606325,-39.1431324886703],[175.602496918706,-39.1431221569223],[175.602508688187,-39.1431176037524],[175.602537865827,-39.1431119453798],[175.602577137534,-39.1431060623552],[175.602614547197,-39.1430995055916],[175.602642991298,-39.1430988700123],[175.602677884374,-39.143098805655],[175.602696393554,-39.1431026822559],[175.602706961543,-39.1431153184961],[175.602718446231,-39.1431279342512],[175.602732577965,-39.1431376295235],[175.602755411967,-39.143134258848],[175.602773684211,-39.1431317054384],[175.602783908757,-39.1431350527224],[175.602799876202,-39.1431447069652],[175.602820641272,-39.1431599757573],[175.602851342394,-39.1431707314112],[175.602869798955,-39.1431731793954],[175.602888804708,-39.1431656031474],[175.602916695851,-39.1431499623739],[175.60292707462,-39.1431325678542],[175.602951559992,-39.1431241547087],[175.602961336887,-39.1431153549272],[175.602992218545,-39.1431060834979],[175.60302865763,-39.1430981176263],[175.603052302963,-39.1430918683308],[175.603074978948,-39.1430842109294],[175.603092807304,-39.1430945388757],[175.603114644429,-39.1430890453116],[175.603155697922,-39.1430816916056],[175.603180155749,-39.1430725636953],[175.603199736962,-39.1430556788135],[175.60321444037,-39.1430310360883],[175.603224898078,-39.1430157857767],[175.603238946989,-39.1429983092024],[175.60326130571,-39.1429820766647],[175.603276483136,-39.1429702957235],[175.603291528871,-39.1429549419609],[175.603301253044,-39.142944713565],[175.603313599038,-39.142930849905],[175.603342355183,-39.1429137599331],[175.603370061778,-39.1428931176499],[175.603382355092,-39.1428778253956],[175.603386283595,-39.1428598596749],[175.603394525171,-39.1428431192047],[175.603416058958,-39.1428205787959],[175.603429189938,-39.1428031227163],[175.60343995964,-39.1427714172632],[175.603462684159,-39.1427401590279],[175.603489104102,-39.1427095344213],[175.603512144663,-39.1426868513037],[175.603537804731,-39.142660533866],[175.60355224455,-39.1426287454651],[175.603566108948,-39.1426062674489],[175.603574555802,-39.1425812879425],[175.603579007023,-39.1425525841431],[175.603567074566,-39.1425278223292],[175.603537919609,-39.1425091663426],[175.603521241083,-39.1424802195145],[175.603520055893,-39.1424480659411],[175.60353806057,-39.142413338329],[175.603578060107,-39.1423774037344],[175.60359538395,-39.1423491275255],[175.603596481009,-39.1423290799912],[175.603606833151,-39.1423109706745],[175.603628876705,-39.1422861647233],[175.603643004384,-39.1422708314379],[175.603673673714,-39.1422558437176],[175.603693649664,-39.142249676319],[175.60372919673,-39.1422424455057],[175.603744531942,-39.1422349511726],[175.603760446638,-39.1422431767001],[175.603781708032,-39.1422469925073],[175.603799795597,-39.1422394366391],[175.603826220432,-39.1422338403871],[175.603847978216,-39.1422262033646],[175.603876421938,-39.1422255674961],[175.603912128157,-39.1422226232641],[175.603938841566,-39.142224886493],[175.603965240033,-39.1422185754662],[175.603978819744,-39.1422132663471],[175.604011956857,-39.1422153859487],[175.604046037004,-39.1422181997901],[175.604081743242,-39.1422152564066],[175.604118418828,-39.1422137211046],[175.604195914393,-39.1422234301902],[175.604313834784,-39.1422336651286],[175.604430184165,-39.1422510866003],[175.604527786262,-39.1422582007786],[175.604660725704,-39.1422523676079],[175.604743068489,-39.1422440900218],[175.604797568061,-39.1422278546605],[175.604852199334,-39.14221519119],[175.604893093987,-39.1422035493348],[175.605004798233,-39.1421946158166],[175.605039848918,-39.1421988374246],[175.605103476221,-39.1422059956434],[175.605158660851,-39.1422083371338],[175.605208024492,-39.1422022266059],[175.605268240612,-39.142191584023],[175.605311861196,-39.1421791666178],[175.605358313175,-39.14216883096],[175.605413286927,-39.1421654561878],[175.605489991842,-39.1421537284241],[175.605537572469,-39.142149088307],[175.605610528123,-39.1421353001381],[175.605635012772,-39.1421268855493],[175.605668961112,-39.1421261261015],[175.605708970012,-39.1421402485413],[175.605764914255,-39.1421382816565],[175.605855698331,-39.1421348208662],[175.605947558383,-39.1421356261254],[175.606073526083,-39.142139958375],[175.606199309283,-39.1421392899914],[175.606414511552,-39.14212303284],[175.606526055986,-39.1421098094451],[175.606632538899,-39.1420838277363],[175.606666040103,-39.142070921857],[175.606716189494,-39.1420612182463],[175.606758369585,-39.142059558923],[175.606786602214,-39.1420532062102],[175.606872794061,-39.1420248179754],[175.606916335122,-39.1420102566557],[175.606962317216,-39.1420120879253],[175.606990841044,-39.1420135945996],[175.607026023595,-39.1420213884183],[175.607055569595,-39.1420257326267],[175.607097539855,-39.1420183579207],[175.607181452739,-39.1420028919479],[175.607255088317,-39.1419826513431],[175.607307699739,-39.141965025513],[175.607367049029,-39.1419558310165],[175.60743465763,-39.1419464515973],[175.607494060777,-39.1419386855944],[175.607532359573,-39.1419313920228],[175.60758030379,-39.1419117263589],[175.60762816882,-39.1418899164513],[175.607655326362,-39.1418792974054],[175.607670033379,-39.141879682577],[175.607676719685,-39.1418866844056],[175.607694099911,-39.1418848646301],[175.607720286835,-39.1418728366348],[175.607740394192,-39.1418702413647],[175.60775242688,-39.1418728323975],[175.60775995186,-39.1418776694473],[175.607776494571,-39.1418780144075],[175.607795525799,-39.1418711521281],[175.607814582257,-39.141865004613],[175.607834478564,-39.1418566931951],[175.607854294577,-39.1418462384754],[175.607874401887,-39.1418436422824],[175.607918470236,-39.141843370927],[175.607938313745,-39.141833630009],[175.607947145605,-39.141824135643],[175.607970764826,-39.1418171715092],[175.607987174448,-39.1418139436588],[175.608002693752,-39.1418114501724],[175.608035698846,-39.1418099967242],[175.608060419363,-39.1418080125366],[175.608083094346,-39.1418003541905],[175.608106581587,-39.1417898163229],[175.608133737857,-39.1417791971949],[175.608148993329,-39.1417695589765],[175.60816610969,-39.1417605944189],[175.608178850286,-39.1417574486993],[175.608201525206,-39.1417497894309],[175.608224172605,-39.141741416343],[175.608254319758,-39.1417371655011],[175.608263390189,-39.1417341019582],[175.608274947961,-39.1417238320949],[175.608276625292,-39.1417195034412],[175.608285087722,-39.1417000062743],[175.608297374113,-39.1416596851449],[175.608302925879,-39.1416359620632],[175.608303342401,-39.1416223659264],[175.608307508219,-39.1416108309262],[175.608306967357,-39.141596184131],[175.608303072898,-39.1415901919175],[175.608306241742,-39.1415765341469],[175.608314313989,-39.1415713469561],[175.608330619151,-39.1415652609687],[175.608332137025,-39.141556645693],[175.608330798193,-39.1415452339609],[175.608333128352,-39.1415337400668],[175.60835137354,-39.1415304710607],[175.608357569917,-39.1415346999714],[175.60839929652,-39.1415351187297],[175.608429206122,-39.1415244378752],[175.608442731393,-39.1415176987942],[175.608458930986,-39.1415087547249],[175.60846770998,-39.1414978317405],[175.608473453145,-39.141490414662],[175.608480829588,-39.1414862169392],[175.608495599174,-39.1414821896905],[175.608511039232,-39.141477552816],[175.60852005686,-39.1414730606724],[175.608544566143,-39.1414653602573],[175.608562811302,-39.141462091219],[175.608582997658,-39.1414616391314],[175.608599512716,-39.1414612692626],[175.608615058347,-39.1414594913392],[175.60863616137,-39.1414590187127],[175.608648617631,-39.1414605496915],[175.608655981735,-39.1414590568028],[175.608661799565,-39.1414570138461],[175.608676242657,-39.1414502550833],[175.608697055375,-39.1414419220944],[175.608716455859,-39.1414367937797],[175.608718866259,-39.1414357127427],[175.608744319759,-39.1414287073715],[175.608767072512,-39.1414231913471],[175.608791846816,-39.1414226364655],[175.608816461641,-39.1414177949587],[175.608841129226,-39.1414143820287],[175.608866635469,-39.1414088052132],[175.608894135682,-39.141407473922],[175.608911489382,-39.1414049401289],[175.608936156957,-39.1414015271791],[175.60895634329,-39.1414010750275],[175.60898410624,-39.1414068884499],[175.609014543531,-39.1414104977668],[175.609028307414,-39.1414101894621],[175.609042882395,-39.1414070025593],[175.609056302012,-39.1413974053463],[175.60906172747,-39.141395138721],[175.609083510748,-39.1413882145876],[175.609098006552,-39.1413828843557],[175.609120654875,-39.1413745110747],[175.609166215424,-39.1413649092075],[175.609199193832,-39.1413627397963],[175.609233874781,-39.1413569573771],[175.609258517073,-39.1413528295934],[175.609289527878,-39.1413471293747],[175.609307746562,-39.141343145481],[175.609335847817,-39.1413332193374],[175.609362085892,-39.1413226204955],[175.609394853106,-39.1413147349043],[175.609426023397,-39.141313321268],[175.609462751114,-39.1413132137832],[175.609471161666,-39.1413138677208],[175.609503412912,-39.1413201687682],[175.60954562,-39.1413192231667],[175.609579621815,-39.1413198920482],[175.6096100579,-39.1413235003355],[175.609632237092,-39.1413272945098],[175.609670173009,-39.1413350258411],[175.60971636702,-39.1413425721334],[175.60976712143,-39.1413493008951],[175.609809407751,-39.1413504994189],[175.6098527955,-39.1413566778704],[175.609894269574,-39.1413607540898],[175.60994324234,-39.1413689533599],[175.609994677016,-39.1413692314921],[175.610045009029,-39.1413645278866],[175.610121976188,-39.1413599427275],[175.610209116266,-39.1413572746409],[175.610257718225,-39.141355470141],[175.61030600451,-39.1413450923137],[175.610361182105,-39.1413224020822],[175.610437594648,-39.1413028116751],[175.610533856573,-39.1412985091463],[175.610599786815,-39.1412934557047],[175.610678563065,-39.141288114299],[175.610735546792,-39.1412836198723],[175.61081257608,-39.1412865411487],[175.610905616778,-39.1412944666563],[175.610946146648,-39.1412978492342],[175.611008459561,-39.1412943073114],[175.611122860701,-39.1412838759193],[175.611186144252,-39.1412817428062],[175.61125010669,-39.1412731573518],[175.611321225616,-39.1412594058972],[175.611379789104,-39.1412538027404],[175.611431586737,-39.1412390546334],[175.611531404959,-39.1412067817085],[175.611596728566,-39.1411852940748],[175.61166021534,-39.1411638475907],[175.611710989349,-39.1411462618854],[175.61177327564,-39.1411420048197],[175.611809950366,-39.1411404671187],[175.611841562766,-39.1411261714521],[175.61187013105,-39.1411040771887],[175.611896890111,-39.1410827388207],[175.611918488048,-39.1410708127945],[175.611944488964,-39.1410537825075],[175.611974681447,-39.1410259309431],[175.61199145366,-39.1410076778351],[175.612011605305,-39.1409814820907],[175.612044946345,-39.140964286277],[175.612090559031,-39.1409561127656],[175.612151198211,-39.1409404507301],[175.61221170639,-39.1409212158425],[175.612281345168,-39.1409005842281],[175.612341897319,-39.1408825402068],[175.612390612567,-39.1408754889139],[175.612474454257,-39.1408664569294],[175.612553356815,-39.1408480012135],[175.612615614344,-39.1408346864775],[175.612691317277,-39.1408124888356],[175.612809123114,-39.1407948288085],[175.612907766329,-39.1407804589632],[175.612979094713,-39.140772423558],[175.613013961172,-39.1407716413772],[175.613064054588,-39.1407605056393],[175.613113389944,-39.140753677977],[175.613193029114,-39.1407468857542],[175.613261738445,-39.1407424837929],[175.613326776519,-39.1407381641611],[175.613388824377,-39.1407274754],[175.61341867993,-39.1407153638225],[175.61344662055,-39.1407011501091],[175.613469789338,-39.1406820370363],[175.613491175383,-39.1406643946236],[175.613529419907,-39.1406556705452],[175.613557811042,-39.1406536028327],[175.613624149082,-39.1406471808458],[175.613675265863,-39.1406388823094],[175.613708137968,-39.1406338535836],[175.613787044182,-39.140632082924],[175.613836432258,-39.140626684437],[175.613898453478,-39.1406152806718],[175.613936672625,-39.1406058416981],[175.613980449203,-39.1405977086554],[175.614085151692,-39.140598219296],[175.614211928684,-39.1405996641658],[175.614270914425,-39.1406054917879],[175.614361466653,-39.1406206219043],[175.614409886144,-39.1406221567845],[175.614481538093,-39.1406145897861],[175.614585568546,-39.1406134465538],[175.614676937344,-39.1406423836351],[175.614705080672,-39.1406584378359],[175.614733002435,-39.140668537408],[175.614769703257,-39.1406677135227],[175.614821432533,-39.140659400734],[175.614870146166,-39.1406523484428],[175.614922138787,-39.1406511812121],[175.614995893078,-39.1406590598452],[175.615052297228,-39.1406530258376],[175.615111363177,-39.1406362056701],[175.615159637032,-39.1406172448423],[175.61521280617,-39.1406065157143],[175.615289222217,-39.1406036080277],[175.615348729009,-39.1405986970324],[175.615443407226,-39.1405929953499],[175.615542628053,-39.1405859996651],[175.615607987388,-39.1405738056019],[175.615679021715,-39.1405495648714],[175.615746601717,-39.1405146762039],[175.615791418646,-39.1404850654788],[175.615872328412,-39.1404215983639],[175.615872718005,-39.14042134096],[175.61599003864,-39.1403518847447],[175.616065910772,-39.1402929721815],[175.616151575969,-39.1402505255754],[175.61623256383,-39.1402058001287],[175.616322594962,-39.1401572957391],[175.616407862827,-39.140104130602],[175.616474176237,-39.1400764205821],[175.616538049746,-39.140065451298],[175.616597644161,-39.1400629206378],[175.616667324793,-39.140043477397],[175.616787586944,-39.139984759057],[175.616887041791,-39.1399014786781],[175.616952517742,-39.1398511425483],[175.616986771319,-39.1397888337234],[175.616993965946,-39.139783556645],[175.617007362005,-39.1397617137357],[175.617053398338,-39.1397237317034],[175.617100538815,-39.1397155219141],[175.617140517048,-39.1397205823402],[175.617191377891,-39.139730166802],[175.617232180599,-39.1397161388711],[175.617255720097,-39.1396905814466],[175.617280790006,-39.1396649896288],[175.617313858078,-39.1396487525321],[175.61737926032,-39.1396377484397],[175.617442779084,-39.1396172512855],[175.617509401637,-39.1395978762667],[175.617551910026,-39.1395885784704],[175.617626751389,-39.1395845127293],[175.617669699885,-39.1395871232859],[175.617715663913,-39.139588473236],[175.617780888332,-39.1395727052404],[175.617843657836,-39.1395319638923],[175.61787785779,-39.1395049748306],[175.61791502798,-39.1394755351636],[175.617979121337,-39.139470518847],[175.618089133368,-39.1394656623001],[175.6181680327,-39.1394472028777],[175.618242432472,-39.139431228383],[175.618315523657,-39.13942124285],[175.618403862141,-39.1394097216952],[175.618504478893,-39.1393991172691],[175.618592684902,-39.1393840240948],[175.618665555233,-39.1393680837151],[175.618743278187,-39.1393591848001],[175.618814839946,-39.1393492333406],[175.618880418207,-39.1393429912249],[175.618938924098,-39.139352402131],[175.618985638588,-39.1393739973213],[175.619048394011,-39.1394154926188],[175.619096328749,-39.1394287168965],[175.619168287897,-39.1394294826489],[175.619222940579,-39.1394175273254],[175.619266977831,-39.1394081936252],[175.619325086411,-39.1394068869051],[175.619421645089,-39.1394106750641],[175.619472019018,-39.1394071583753],[175.61953575888,-39.139392614706],[175.619586176952,-39.1393902888936],[175.619635374878,-39.1393963330287],[175.619681515472,-39.1394024468059],[175.619740799991,-39.1393915789843],[175.619827520545,-39.1393777093037],[175.619915682018,-39.1393614242125],[175.619943624706,-39.1393545216847],[175.619996463319,-39.1393524565716],[175.620021304002,-39.139357956506],[175.620032901281,-39.139356668589],[175.620041951596,-39.1393537712584],[175.62004242722,-39.1393538065067],[175.62008943333,-39.1393420218787],[175.620145703374,-39.1393324135788],[175.62024339364,-39.1393254483367],[175.620364595948,-39.1393334490082],[175.620450538027,-39.1393398580871],[175.620515470385,-39.1393574670454],[175.620532241044,-39.1393645331449],[175.620600722649,-39.1393865370769],[175.620656170232,-39.1393960159239],[175.620726512836,-39.1393944332467],[175.620787900784,-39.1393990116014],[175.620832731929,-39.1394111130734],[175.620883283621,-39.1394123585457],[175.620932349115,-39.139414830257],[175.620981282049,-39.139413729176],[175.621025539971,-39.1394103494375],[175.621089898088,-39.13941247696],[175.621123760498,-39.1394176745403],[175.621169900013,-39.1394237868485],[175.621205116085,-39.1394241862703],[175.621238580778,-39.1394186655046],[175.621288998804,-39.1394163398561],[175.621336624554,-39.1394212267327],[175.621371839466,-39.1394216261301],[175.621422301649,-39.1394204904472],[175.621474248895,-39.1394181294011],[175.621498583341,-39.1394140059665],[175.621538297639,-39.139411920212],[175.621605024754,-39.1394366396714],[175.621648326784,-39.1394487752435],[175.621694821108,-39.1394644147003],[175.621754591453,-39.1394666442155],[175.621809818248,-39.1394701687905],[175.62185586947,-39.1394738998779],[175.621928360167,-39.1394889540703],[175.621985248827,-39.1394960160055],[175.622039211588,-39.1395067195318],[175.622080853033,-39.1395153174702],[175.622085407247,-39.1395179249168],[175.622221023475,-39.139539574245],[175.622438007402,-39.1395716358919],[175.622652507787,-39.1396192479828],[175.622854685842,-39.1396647524153],[175.623022824654,-39.1397002975924],[175.623106284814,-39.1397222546204],[175.623159894124,-39.1397234311419],[175.623248674251,-39.1397238155412],[175.623439574268,-39.1397540789194],[175.623679762542,-39.1397927670995],[175.623846682366,-39.1398366810559],[175.623941244782,-39.139869114638],[175.624104842101,-39.1399059515627],[175.624194374515,-39.1399265799839],[175.62426686491,-39.139941631812],[175.624430462577,-39.1399784691673],[175.624550445489,-39.1399948345506],[175.624643303294,-39.1400225382953],[175.624774477997,-39.1400517623436],[175.62487039759,-39.1400712922312],[175.624892356039,-39.1400762965986],[175.624938930802,-39.1400869103016]]},"properties":{"TechObjectName":"Tac Mangatepopo Roadend-Soda Springs Jn","ObjectType":"Track Visitor"}},{"type":"Feature","geometry":{"type":"MultiLineString","coordinates":[[[175.624938930802,-39.1400869103016],[175.625003607006,-39.140097609744],[175.625035147966,-39.1401061955031],[175.625050810519,-39.1401323016354],[175.625056062168,-39.1401500611351],[175.62506967669,-39.1401704916783],[175.625092121699,-39.1401814275101],[175.625109434016,-39.1402024909405],[175.625126771717,-39.1402242682256],[175.625136171408,-39.1402548065784],[175.625143190577,-39.1402954087044],[175.625133667493,-39.1403356692288],[175.625130487022,-39.1403736417131],[175.625138183885,-39.1404077932934],[175.6251578618,-39.140443105504],[175.625180705219,-39.1404647586909],[175.625221247783,-39.1404931644618],[175.625264249367,-39.140513648862],[175.62529899421,-39.1405343184469],[175.625410753753,-39.1406011648345],[175.62542481711,-39.1406060884923],[175.62545505677,-39.1406287406987],[175.62545700792,-39.1406311544279],[175.625464071994,-39.140635701604],[175.625496824308,-39.1406685901718],[175.625542738814,-39.1406932989864],[175.625594582796,-39.1407293158033],[175.625651241962,-39.1407466317673],[175.625712779975,-39.1407717027501],[175.625768135965,-39.1408033501361],[175.62580943622,-39.1408274475335],[175.625842080167,-39.1408410137131],[175.625873515307,-39.1408467412041],[175.625906891152,-39.1408552853545],[175.625920107636,-39.140864998414],[175.6259306115,-39.1409005173121],[175.625923693579,-39.1409614574336],[175.625925886381,-39.1409957330416],[175.62593064552,-39.1410249452814],[175.625934008713,-39.1410413166504],[175.625939313771,-39.1410605046602],[175.625939033469,-39.1410776735016],[175.625934951463,-39.1410913532023],[175.625935588967,-39.1411085013517],[175.625944483269,-39.1411254633518],[175.625958152545,-39.1411473232092],[175.62597505225,-39.1411819825757],[175.625988094771,-39.14121172249],[175.625992960208,-39.1412437927496],[175.625994527474,-39.1412859492888],[175.625975883258,-39.1413278452721],[175.625967743461,-39.1413559185586],[175.62596404521,-39.1414046290796],[175.62597874936,-39.141454354473],[175.625998985855,-39.1415046713655],[175.625998931147,-39.1415525844106],[175.625997359578,-39.1416091129141],[175.625995256767,-39.1416513521948],[175.626007568709,-39.141686114986],[175.6259848547,-39.1417173763757],[175.625979881396,-39.1417317906011],[175.625983297788,-39.1417495914276],[175.626002657728,-39.1417763284876],[175.626017323537,-39.1418003118577],[175.626023891846,-39.1418287679701],[175.626020753021,-39.1418431408373],[175.62599518042,-39.1418716062579],[175.625979182143,-39.141910583067],[175.625980005615,-39.141932732531],[175.625976745894,-39.1419685617227],[175.625968633733,-39.1419973488139],[175.62596232832,-39.1420253798406],[175.625966716812,-39.14204458851],[175.625975013356,-39.1420701452406],[175.625991221508,-39.1420862279102],[175.626003680982,-39.1421002491033],[175.626006074447,-39.1421152116697],[175.626008759025,-39.142138035404],[175.626010408305,-39.1421419433469],[175.626009184055,-39.1421494675008],[175.626015247651,-39.1421643473211],[175.626031562093,-39.142183288008],[175.626063688523,-39.1422075921321],[175.626097755723,-39.1422347129092],[175.626143272997,-39.1422487040746],[175.626195971136,-39.1422582422326],[175.626226673917,-39.1422689916414],[175.626239918484,-39.142279420257],[175.626245037776,-39.142293606927],[175.626227723207,-39.1423218861975],[175.62620870582,-39.1423537796095],[175.626196737625,-39.142377648149],[175.62619389104,-39.1423998803593],[175.62619115072,-39.1424249705932],[175.626203741982,-39.1424425645413],[175.626217225655,-39.1424594230363],[175.626226413629,-39.142484245217],[175.6262283664,-39.1425120900528],[175.626220561088,-39.1425244230527],[175.626206358693,-39.1425376147195],[175.626198112577,-39.1425628290948],[175.626178550396,-39.1426047467045],[175.626145011728,-39.1426412585999],[175.626103708788,-39.1426665029647],[175.626098347786,-39.1426952280332],[175.626095740264,-39.1427238910199],[175.626085978412,-39.1427577217217],[175.626051071299,-39.1427821065347],[175.626041362036,-39.1427884760189],[175.626008198286,-39.142814538666],[175.625983277515,-39.1428358378889],[175.62596491209,-39.1428605659643],[175.625948754199,-39.1428952552854],[175.625946250893,-39.1429020154657],[175.625933300453,-39.14292420789],[175.625934882402,-39.1429420500724],[175.625947607654,-39.1429632158747],[175.625946077302,-39.1429961456525],[175.625914374,-39.143032616104],[175.625867857107,-39.1430658438646],[175.625843959172,-39.1430899813195],[175.625835345102,-39.1431022226149],[175.625808972166,-39.1431122236743],[175.625775940576,-39.1431129683387],[175.625745475364,-39.1431086487283],[175.625720675424,-39.1431084933764],[175.625677815583,-39.1431166101733],[175.625660621594,-39.1431234339459],[175.625626937759,-39.1431313438702],[175.625577511506,-39.1431219794595],[175.625549825664,-39.1431073383733],[175.625494826142,-39.1431100088155],[175.625444441161,-39.1431132896446],[175.62537481286,-39.143117719536],[175.6253371944,-39.1431185674657],[175.625299161545,-39.1431330114925],[175.625246315191,-39.143144214545],[175.625196794904,-39.1431460460181],[175.625136581561,-39.1431566988334],[175.625100357779,-39.1431703875929],[175.625051554462,-39.1431915104544],[175.625006685712,-39.1432196961216],[175.624975474738,-39.1432447126465],[175.624945832727,-39.1432625432044],[175.624909995601,-39.1432619210918],[175.624875128245,-39.1432627068728],[175.624849050173,-39.1432775966689],[175.624791138786,-39.143276041321],[175.624747096528,-39.1432770338236],[175.624706724456,-39.1432779436031],[175.62465358579,-39.1432812861446],[175.624614556371,-39.1432936073167],[175.624580140367,-39.1433065398493],[175.624565725098,-39.1433140152763],[175.624568823779,-39.1433232420426],[175.624575549852,-39.1433559857616],[175.624578739624,-39.1433923840151],[175.624584335462,-39.1434194323614],[175.624583031966,-39.1434337638341],[175.624545943174,-39.1434489016747],[175.624519466678,-39.143453073125],[175.62449784377,-39.1434642876055],[175.624493215186,-39.1434879896908],[175.624488346515,-39.1435052619162],[175.62447967607,-39.1435190449567],[175.624465154547,-39.1435236623458],[175.624434689251,-39.1435193432961],[175.624405247996,-39.1435178615846],[175.624389050102,-39.1435268078171],[175.624391974313,-39.1435560614597],[175.624400759761,-39.143619507176],[175.624403337708,-39.1436394729306],[175.624401116332,-39.1436538250831],[175.624373935458,-39.1436637332124],[175.624317497969,-39.143677161853],[175.624283187917,-39.1436929523327],[175.624255513972,-39.1437143141252],[175.624238410657,-39.1437483091876],[175.624211453459,-39.1437889624314],[175.624181264862,-39.1438168170335],[175.624120740744,-39.1438932668948],[175.624099023857,-39.1439266505494],[175.624087451735,-39.1439612363047],[175.624077210917,-39.1439822052953],[175.624047754183,-39.1440050369643],[175.624023936091,-39.1440313173438],[175.624012151549,-39.1440601870372],[175.623992375317,-39.1440963882726],[175.623974752154,-39.1441411222592],[175.623930573686,-39.1441878842482],[175.623898921884,-39.1442257827619],[175.623865062707,-39.1442537190733],[175.623835883608,-39.1443087243863],[175.623832843594,-39.1443129407041],[175.623810028506,-39.1443543591224],[175.623801862129,-39.1443817166273],[175.623820861665,-39.1444234804923],[175.62384829165,-39.1444487937377],[175.623848453433,-39.144449318032],[175.623870338118,-39.1444945917421],[175.623885640884,-39.1445357226435],[175.623880397464,-39.1445923347355],[175.623874530736,-39.1446481140042],[175.623895935095,-39.1447081411769],[175.623902704292,-39.1447585230647],[175.623892098597,-39.144802622361],[175.623884347901,-39.1448247262527],[175.623891102497,-39.1448417366046],[175.623912255056,-39.1448507954125],[175.623952375281,-39.1449090063135],[175.624012370199,-39.1450077702948],[175.624044992617,-39.1450289646231],[175.624095896851,-39.1450478407132],[175.624164034522,-39.1450691889267],[175.624215525835,-39.1450708892191],[175.624235100293,-39.14507044819],[175.624246429767,-39.1450787750854],[175.624262864933,-39.1450927068807],[175.624292738741,-39.1451387536701],[175.624290555247,-39.1451788487403],[175.624278159129,-39.1452077322368],[175.624276598055,-39.1452316048395],[175.624289469172,-39.1452484773524],[175.624302517273,-39.1452701126412],[175.624310778277,-39.1452947171099],[175.624302230613,-39.1453282815626],[175.624306198907,-39.1453691911955],[175.624310203786,-39.1454110540773],[175.62431346526,-39.1454329107732],[175.624323641345,-39.1454431690923],[175.624334066416,-39.145460096713],[175.624346760609,-39.1454722064398],[175.624353479963,-39.1454882634818],[175.624352858743,-39.1455044868223],[175.624351402741,-39.1455312174767],[175.624344538328,-39.1455771388546],[175.624338472146,-39.1456116005691],[175.624329533888,-39.1456346853191],[175.624326465369,-39.1456509629005],[175.624337875865,-39.1456738278988],[175.624349267514,-39.145692044576],[175.624357333731,-39.1457031855833],[175.624374244423,-39.1457051883818],[175.624389538368,-39.1457048437741],[175.624411024245,-39.1457270042548],[175.624429098489,-39.1457397071742],[175.624453355565,-39.1457540590987],[175.624503753134,-39.1457922540218],[175.6245240103,-39.1458019283969],[175.624539524397,-39.1458075383904],[175.624558008739,-39.1458106967171],[175.624568537515,-39.1458056926984],[175.624571087354,-39.1457919286527],[175.624578679724,-39.1457697084649],[175.624589662802,-39.1457563507925],[175.624618953201,-39.1457413886607],[175.624650802658,-39.1457335203526],[175.624683527983,-39.1457286107378],[175.624709459004,-39.145726238958],[175.624722458279,-39.1457259460171],[175.624732830945,-39.1457167733441],[175.624736888029,-39.1457023798209],[175.62474301732,-39.1456819800179],[175.624755529746,-39.1456685878657],[175.624773770671,-39.1456651974554],[175.624808922285,-39.1456638097777],[175.624855067307,-39.1456699204433],[175.624891858956,-39.1456714751204],[175.62491843288,-39.1456863702408],[175.624942535089,-39.1456965533951],[175.624965174326,-39.1457085578407],[175.624998298001,-39.1457143664067],[175.625024097361,-39.1457084217753],[175.625027865518,-39.145686287749],[175.625035435583,-39.1456634716269],[175.625069081067,-39.1456627133233],[175.625100153512,-39.1456751231806],[175.625137798974,-39.1456790423687],[175.625175788026,-39.1456716310461],[175.625236073791,-39.1456464357191],[175.625330482464,-39.1456127233149],[175.625374366541,-39.1455992203711],[175.625424811976,-39.1455974868706],[175.625461037527,-39.145604417301],[175.625514241329,-39.1456151362536],[175.625565871513,-39.1456246996397],[175.625596594923,-39.1456309558447],[175.625643897469,-39.145644393406],[175.625676866207,-39.145646034015],[175.625708892563,-39.1456429281947],[175.625734470441,-39.1456310288187],[175.625753231906,-39.145621071432],[175.625780405593,-39.1456109243948],[175.62580637121,-39.145588885425],[175.625827263057,-39.14557825476],[175.625857005165,-39.1455716543788],[175.62587959652,-39.1455669963224],[175.625911400328,-39.1455629783283],[175.625920897708,-39.1455714058228],[175.625927279762,-39.145578412532],[175.625939636645,-39.1455814114826],[175.62595829332,-39.1455789052259],[175.625979808365,-39.1455709713492],[175.625987605461,-39.1455645377706],[175.625995202182,-39.1455527464379],[175.626005148889,-39.1455423913409],[175.626011518787,-39.1455380872785],[175.626015001345,-39.1455372492849],[175.62602108397,-39.1455387545197],[175.626037496236,-39.1455479198107],[175.626046051191,-39.1455515999778],[175.626058125083,-39.1455572873329],[175.626069793025,-39.145562387431],[175.626071844321,-39.1455632583166],[175.626077134823,-39.1455643075248],[175.626087457911,-39.1455640747712],[175.626103947926,-39.1455547640504],[175.626116886985,-39.1455425540514],[175.626134368765,-39.1455290497088],[175.626151690447,-39.1455215076531],[175.626174336049,-39.1455233808818],[175.626196809363,-39.1455309193671],[175.626223737989,-39.1455347816409],[175.626240044613,-39.145530838208],[175.626248578844,-39.1455133643438],[175.626258974792,-39.1454842275436],[175.62626204971,-39.1454743255769],[175.626276135444,-39.145462088804],[175.62630234931,-39.1454570291574],[175.62632332272,-39.1454550661106],[175.626346561475,-39.1454420274304],[175.626370233382,-39.145420040959],[175.626386333536,-39.1454073731557],[175.626413519239,-39.1453904606991],[175.626429317667,-39.1453728221153],[175.626455360522,-39.1453528677904],[175.626487990922,-39.1453351478398],[175.626512145013,-39.1453158316022],[175.626536996784,-39.1452947122028],[175.626548920655,-39.1452860998973],[175.626561515067,-39.1452852203743],[175.62657302915,-39.1452861526361],[175.626602539074,-39.145297703616],[175.626628531259,-39.145307248291],[175.626656214006,-39.1453107952546],[175.626693094061,-39.1453147312018],[175.626714819291,-39.1453124529257],[175.626738650947,-39.1453050621728],[175.626756133702,-39.1452915577163],[175.626760888039,-39.1452753609784],[175.626767116379,-39.145257640877],[175.626774940523,-39.1452416722092],[175.62678880468,-39.1452234816932],[175.626811073704,-39.145215232456],[175.626836667257,-39.1452140597317],[175.626867873858,-39.1452094819626],[175.626890940227,-39.1452021093399],[175.626915121246,-39.1451938169602],[175.626944404735,-39.1451889843405],[175.627001260235,-39.1451847226542],[175.627050823188,-39.145190159852],[175.627100092112,-39.1451979874925],[175.627149594757,-39.1452120667234],[175.627188674737,-39.1452236998954],[175.627232790786,-39.1452370068805],[175.627294233346,-39.1452532005549],[175.627328109988,-39.1452586932685],[175.627368453608,-39.1452631472803],[175.62742365686,-39.1452762040875],[175.627464199822,-39.1452860158392],[175.627503340134,-39.1452890059278],[175.627548004921,-39.1452862109],[175.62764338066,-39.1452888269002],[175.627662845571,-39.1452874931523],[175.627685076419,-39.1452884817326],[175.627709495041,-39.145296869749],[175.62772750213,-39.1453077862426],[175.627747066946,-39.145329691234],[175.627781641759,-39.1453744994834],[175.627804680116,-39.1453972207088],[175.627831996486,-39.1454115028997],[175.627864870481,-39.1454208911278],[175.627919437694,-39.1454271096577],[175.627985712131,-39.1454291891573],[175.628031125194,-39.1454362096889],[175.628064969897,-39.1454408091952],[175.628093698654,-39.1454416510782],[175.628120350366,-39.1454380703626],[175.62814158842,-39.1454432516104],[175.628165442447,-39.1454570154397],[175.628183787961,-39.1454667323089],[175.628201813348,-39.1454678156856],[175.628219649214,-39.1454638374689],[175.628232248745,-39.1454733857856],[175.628252389576,-39.1454902136261],[175.628269782626,-39.1454948861073],[175.628286544525,-39.1455031485754],[175.628302119364,-39.1455206749496],[175.628326532212,-39.1455391937975],[175.628372605738,-39.1455330882179],[175.628421836605,-39.1455295934039],[175.628474015445,-39.1455230527022],[175.628500877243,-39.145504568663],[175.628530400065,-39.1454752982238],[175.628553167867,-39.1454393278367],[175.628586657113,-39.1453932819506],[175.628613147963,-39.1453545445924],[175.628629760169,-39.145327949334],[175.628646299979,-39.1453096982159],[175.628668440565,-39.1452877458451],[175.62869663849,-39.1452742965723],[175.628736555183,-39.1452775669271],[175.628759145362,-39.1452779516845],[175.628791920346,-39.1452641017819],[175.628824273559,-39.1452594976098],[175.628858544022,-39.1452652791915],[175.628892620269,-39.1452761310134],[175.62892721895,-39.1452850727971],[175.628941402347,-39.1452914176559],[175.628962901173,-39.1452933162259],[175.628980553788,-39.1452947051994],[175.629010585533,-39.1452996886998],[175.629029923834,-39.1453052108706],[175.629048618811,-39.1453140260029],[175.629055111991,-39.1453240102684],[175.629063662401,-39.1453378211465],[175.629069053172,-39.1453490222107],[175.629081337797,-39.1453603649656],[175.62909092299,-39.1453711731453],[175.629093566465,-39.1453907787303],[175.629095292092,-39.1454289594558],[175.629095648274,-39.1454292658365],[175.629095350813,-39.1454387105762],[175.629097162538,-39.1454565475129],[175.629109535855,-39.1454702720933],[175.629117491958,-39.1454784359095],[175.629132680227,-39.1454855418605],[175.62915372996,-39.1454856622081],[175.62917862476,-39.1454862921635],[175.629196322918,-39.1454888719911],[175.629214818469,-39.1454923284281],[175.629230587726,-39.1455047844204],[175.629267424284,-39.1455280875803],[175.629295006974,-39.1455495140032],[175.629319957883,-39.1455721917466],[175.629348892672,-39.145588820872],[175.629391141632,-39.1456033610949],[175.629429313931,-39.1456111400472],[175.62946827135,-39.1456194967691],[175.62950719672,-39.145626961391],[175.62960352545,-39.1456346192267],[175.629681929693,-39.1456438735954],[175.629725680606,-39.145647355243],[175.629760683339,-39.1456522263108],[175.62978543489,-39.1456695452843],[175.629815888082,-39.1456858409028],[175.629848246796,-39.1456916653545],[175.629893360834,-39.1456906467027],[175.629943074128,-39.1456898223859],[175.629966551621,-39.1456934635125],[175.62998329044,-39.1457011307469],[175.630005049793,-39.1457203046603],[175.630021523419,-39.145741386249],[175.630039049685,-39.1457496312011],[175.630070051033,-39.1457498248686],[175.630107385104,-39.1457454060683],[175.630160700714,-39.1457385407356],[175.630196222551,-39.1457368448654],[175.630230532276,-39.1457333889344],[175.630264126688,-39.1457210093321],[175.63029536107,-39.1457068955948],[175.630344164925,-39.1457022176945],[175.630386319988,-39.1457039477101],[175.630428182253,-39.1457080672527],[175.630485530221,-39.1457067720759],[175.630537997262,-39.1457079709383],[175.630679012149,-39.1457099509657],[175.630710584653,-39.1457151974271],[175.630755920453,-39.1457201321066],[175.630794152814,-39.1457192685422],[175.630848010598,-39.1457269909341],[175.630921982191,-39.1457199568804],[175.630993980749,-39.1457010490985],[175.631089228283,-39.1456899585863],[175.631159331393,-39.145681819856],[175.631202606559,-39.1456724988319],[175.631258358538,-39.1456694519071],[175.631288224186,-39.1456699691111],[175.631324549974,-39.1456590176176],[175.631354902302,-39.1456315151566],[175.631354934322,-39.1456118491857],[175.631374826125,-39.1455911381283],[175.631424659897,-39.1455524691804],[175.631453449642,-39.1455446681457],[175.631485564357,-39.1455439425713],[175.631514000248,-39.1455266141959],[175.631541924703,-39.1454955916972],[175.631554169515,-39.1454750533842],[175.63154886015,-39.1454352464409],[175.631531493261,-39.1454004795823],[175.631528312339,-39.1453767149513],[175.631531846787,-39.1453688880974],[175.631553123802,-39.1453648316234],[175.631612200495,-39.145368860003],[175.631663542702,-39.1453706792822],[175.631710906737,-39.1453684171743],[175.631746988267,-39.1453509168885],[175.631761637413,-39.1453333035642],[175.631772019966,-39.1453038692964],[175.631764162084,-39.1452778265217],[175.631747216678,-39.1452543720134],[175.631731125338,-39.1452332829355],[175.631725793694,-39.1451928800953],[175.631738558483,-39.1451657758327],[175.631747223237,-39.1451518734754],[175.631753306097,-39.1451302833601],[175.631752485149,-39.1451082528322],[175.631748828472,-39.1450922450536],[175.631749758789,-39.1450761345302],[175.631780397995,-39.1450563724762],[175.631809077688,-39.1450455936043],[175.631857193115,-39.1450224572983],[175.631899115927,-39.1450179342385],[175.631956263567,-39.1450112797024],[175.63199573641,-39.1450026407183],[175.632011594511,-39.1449969191942],[175.63202561144,-39.1449828967702],[175.632040416922,-39.1449694511309],[175.632082747603,-39.1449553843689],[175.632163155989,-39.1449362858248],[175.632233224542,-39.1449066936676],[175.632309997091,-39.1448721831973],[175.632354688848,-39.1448598503983],[175.632371897577,-39.1448493315414],[175.63237361519,-39.1448337987277],[175.632363839773,-39.1448179292579],[175.632330205628,-39.1447984286574],[175.632306623868,-39.1447816792969],[175.632300160907,-39.1447520292874],[175.632310111943,-39.1447315436375],[175.632357418494,-39.1447072334937],[175.632377962902,-39.144683528182],[175.632385075934,-39.1446690653415],[175.632390305651,-39.1446451097451],[175.632400100148,-39.1446204563735],[175.632416533185,-39.1445890969791],[175.632439237836,-39.1445617670877],[175.632462885284,-39.1445391835433],[175.632491640768,-39.1445099294611],[175.632535433835,-39.144494041162],[175.632570972532,-39.1444825115693],[175.632603607856,-39.1444752188425],[175.632639367304,-39.1444696429138],[175.632667005582,-39.1444719984379],[175.632708838058,-39.144465093302],[175.632740820224,-39.1444607946377],[175.632787871706,-39.1444501966592],[175.632830989354,-39.1444367073471],[175.632886297472,-39.1444217514378],[175.632923253262,-39.1444072094669],[175.63293632936,-39.1443884405434],[175.63294046069,-39.1443555717425],[175.632957923877,-39.1443313395757],[175.632994258101,-39.144300126626],[175.633045066779,-39.1442876552862],[175.633121063625,-39.1442734225782],[175.633163936943,-39.1442533844872],[175.633197934306,-39.1442210314898],[175.633227973355,-39.1441851931289],[175.63324080514,-39.1441598746137],[175.633236913412,-39.1441452965492],[175.633237212115,-39.1441448987975],[175.63322912292,-39.1441339184001],[175.633219668693,-39.1441061234918],[175.633229752548,-39.1440892096068],[175.633246889377,-39.1440787877458],[175.633256432138,-39.1440617905943],[175.633263301859,-39.1440407772198],[175.633262658081,-39.1440235103589],[175.633256706569,-39.1440075554121],[175.633264362598,-39.1439871206683],[175.63326599266,-39.1439848225101],[175.633270666886,-39.1439714841446],[175.633281759001,-39.1439611025418],[175.633291841666,-39.1439441886784],[175.633292705043,-39.1439262922358],[175.633295951787,-39.1439107248376],[175.633316694293,-39.143892378052],[175.633317104355,-39.143882834362],[175.633330966536,-39.1438646431298],[175.633341792207,-39.1438471160556],[175.633341326026,-39.1438346128396],[175.633337623548,-39.1438174151331],[175.633336075189,-39.1438096166548],[175.633340608067,-39.1437901606428],[175.633349222613,-39.1437796098195],[175.63335880753,-39.143769857793],[175.63336180984,-39.1437625672508],[175.633360436106,-39.1437519431484],[175.63334789059,-39.1437438842874],[175.633338227302,-39.1437309926009],[175.633352133853,-39.143713992278],[175.63337993651,-39.1437002535176],[175.633386640348,-39.1436953342881],[175.633404747066,-39.1436883698227],[175.633424017476,-39.1436921053779],[175.633434246218,-39.1436996211055],[175.6334541487,-39.1436997675205],[175.63347940326,-39.1436997920199],[175.63350963369,-39.1436895740813],[175.63353158535,-39.1436831181674],[175.633549194395,-39.1436833164223],[175.63357139027,-39.1436834100609],[175.633578303038,-39.143682605095],[175.633585153168,-39.1436830988675],[175.633605865299,-39.1436844188645],[175.633635752278,-39.1436855304999],[175.633658170192,-39.1436915786761],[175.633688932304,-39.1436956507473],[175.633713511586,-39.143698074295],[175.633742923123,-39.1437069436501],[175.633762215775,-39.1437112750539],[175.633782749119,-39.1437078314024],[175.633791547686,-39.1436975016155],[175.633792067537,-39.1436909347786],[175.633796910099,-39.1436771187031],[175.633807214655,-39.1436661593533],[175.633821631784,-39.1436628540009],[175.633831616318,-39.1436638201338],[175.633841239414,-39.1436649286761],[175.633843130192,-39.1436647516825],[175.633872950561,-39.1436640773413],[175.633898249515,-39.1436652926608],[175.633917231277,-39.143661287665],[175.633939570675,-39.1436446929811],[175.633952956069,-39.1436342594551],[175.633977002408,-39.1436223929216],[175.633995385774,-39.143602311946],[175.634006187895,-39.1435841898372],[175.634018387294,-39.1435624612846],[175.634024149327,-39.143552795658],[175.634038908593,-39.1435381598007],[175.634047485063,-39.143521876344],[175.63405958097,-39.1435124188329],[175.634068994086,-39.1434994597615],[175.634080553711,-39.1434810826725],[175.634095224121,-39.1434640649879],[175.634099744215,-39.1434539508589],[175.634097252412,-39.143436368133],[175.634093376582,-39.1434145265345],[175.634097612424,-39.1433967907588],[175.634111635793,-39.1433788345338],[175.63411474446,-39.1433699622577],[175.634118364075,-39.143367717293],[175.634130189521,-39.1433674498525],[175.634146467428,-39.1433770936195],[175.63416722871,-39.1433756700106],[175.634179648497,-39.1433639474612],[175.634187067364,-39.1433494775968],[175.634190975971,-39.1433393781948],[175.63420816456,-39.1433242107885],[175.634225946848,-39.1433085524656],[175.634247833155,-39.143288034562],[175.634251535044,-39.1432803029419],[175.634262191023,-39.1432667337525],[175.634281925876,-39.1432418545067],[175.634309959259,-39.1432138082311],[175.634332498293,-39.1432025721248],[175.634365363911,-39.1431809716247],[175.634407361052,-39.1431579726633],[175.634448748379,-39.1431391587318],[175.634456790572,-39.1431353848685],[175.634532048322,-39.1430934386074],[175.634608002057,-39.1430616857612],[175.634838764734,-39.1429949672482],[175.63509144113,-39.142924891193],[175.635471878554,-39.1428333315433],[175.635951590739,-39.1426951871025],[175.636447208266,-39.1425895758975],[175.636811233668,-39.1425012438102],[175.636986171949,-39.1424643880948],[175.637231930718,-39.1424059057029],[175.637397853923,-39.1423735445661],[175.637589627783,-39.1423448888729],[175.637737145615,-39.1423115133914],[175.637928652272,-39.1422757117075],[175.638076877356,-39.142250655973],[175.638082919614,-39.1422502452397],[175.63827505651,-39.1422402147841],[175.638466989699,-39.1422158442129],[175.638715285132,-39.1421891180568],[175.638982438533,-39.1421660281439],[175.639101844781,-39.1421539891569],[175.639898360231,-39.1421023660637],[175.640965232705,-39.1420481455906],[175.641565848512,-39.1420140981048],[175.642235581222,-39.1419518557054],[175.643236138628,-39.1419197038446],[175.643385067994,-39.141902535441],[175.64396281043,-39.1418585710995],[175.644491245121,-39.1418451446612],[175.644885884765,-39.1418390442792],[175.645172646637,-39.14179677656],[175.645271630976,-39.1417916681308],[175.645304656118,-39.1417946992311],[175.645444096598,-39.1417870366624],[175.64556332918,-39.141783136588],[175.64566848594,-39.1417712127299],[175.645786514117,-39.1417351608398],[175.645937992907,-39.1416491102347],[175.64598868976,-39.1416166282635],[175.646037058114,-39.1415840640315],[175.646083430278,-39.141547255865],[175.646135360383,-39.1415117511665],[175.646185188304,-39.1414691427279],[175.646227730816,-39.1414281304447],[175.64626638795,-39.1413814855999],[175.646301749755,-39.1413449265995],[175.646321681939,-39.1412886961804],[175.646355491073,-39.1412106969369],[175.646372486702,-39.1411701452153],[175.646380722047,-39.1411528686129],[175.646421687745,-39.1411147984442],[175.646450030596,-39.1410869810106],[175.646453259251,-39.141082960735],[175.646475701355,-39.1410324949851],[175.646486551175,-39.1409953009636],[175.646495470173,-39.1409474244976],[175.64650173337,-39.1409103355909],[175.646518834073,-39.1408765752739],[175.646533322441,-39.1408547934406],[175.646556049366,-39.1408077951384],[175.646574991594,-39.1407823354591],[175.646624293655,-39.1407502281598],[175.646673864495,-39.1407252644077],[175.646729952791,-39.1407108797506],[175.646767914238,-39.1407028665461],[175.646799357019,-39.1406842742455],[175.646811869755,-39.1406506181445],[175.646792047312,-39.1406117381729],[175.646770829474,-39.140576464744],[175.64675850154,-39.1405296854956],[175.646756498766,-39.1404762363702],[175.646739758662,-39.1404007784944],[175.646741892271,-39.1403351784043],[175.646737093602,-39.1402888064472],[175.646734505602,-39.1402197379094],[175.646752255057,-39.1401216040216],[175.646779983086,-39.1400446960096],[175.646814585447,-39.1399878933965],[175.646855023031,-39.1399466512407],[175.646860786245,-39.1399235180655],[175.646866657144,-39.139866334093],[175.646871669505,-39.1397959018277],[175.646863220638,-39.1397527651306],[175.646867275975,-39.1397248688787],[175.646915407445,-39.1396182299858],[175.646927549624,-39.1395717577399],[175.646938622149,-39.1395405181782],[175.646947363398,-39.139487878962],[175.646958302027,-39.1394530667021],[175.646975402193,-39.1394193063301],[175.64699560543,-39.1393866673492],[175.647017248659,-39.1393516127147],[175.647036101102,-39.1393237711761],[175.647054418077,-39.1392816406492],[175.647074530864,-39.1392466207853],[175.647076652181,-39.1392215433027],[175.647087591901,-39.1391867319068],[175.647123175371,-39.1391561271909],[175.647141536849,-39.1391151866511],[175.647154953681,-39.1390648249831],[175.647159159488,-39.1390398055318],[175.647157877247,-39.1390055890204],[175.647162444051,-39.138978842415],[175.647176419041,-39.1389570208181],[175.647171420156,-39.1388916341661],[175.647155425926,-39.1388324056179],[175.647153328522,-39.1387764360733],[175.647143229252,-39.1387111148828],[175.647145567859,-39.1386917749038],[175.647143598222,-39.1386801185583],[175.647143163934,-39.1386276869541],[175.647164047086,-39.1385723879443],[175.647184752852,-39.1385123253096],[175.6472016296,-39.1384726113169],[175.647241711046,-39.1384395205132],[175.647265832126,-39.1383889146462],[175.647281315655,-39.1383420925402],[175.647292759924,-39.1382689203238],[175.647305957761,-39.1382290511875],[175.647334312457,-39.138217918258],[175.647358777412,-39.1382173622054],[175.647376135897,-39.1382231659781],[175.647396200846,-39.1382231207425],[175.647410982255,-39.1382218964714],[175.64743278719,-39.1382156800404],[175.647465262518,-39.1382001632536],[175.647478704524,-39.1381831718393],[175.647487312974,-39.1381515116474],[175.647487577509,-39.1381095526348],[175.647492114488,-39.1380346022303],[175.647503356192,-39.1379752312401],[175.647507964483,-39.1379674993312],[175.647524801581,-39.1379260870641],[175.647528868734,-39.1378882669174],[175.647532767399,-39.1378452721294],[175.647533939603,-39.1378030546419],[175.647533866563,-39.137776597271],[175.647544428151,-39.1377398871842],[175.647576010611,-39.1377005533007],[175.647615227285,-39.1376689126848],[175.647647377996,-39.1376342479312],[175.647698436226,-39.1375421181221],[175.64773288645,-39.1374022298255],[175.647731070677,-39.1373537837477],[175.647762624337,-39.1372529466666],[175.647766802509,-39.1372283395382],[175.647776374806,-39.1372224011174],[175.647803107785,-39.1372170257656],[175.647837324377,-39.1372152947686],[175.64785632498,-39.1371996076064],[175.647862593365,-39.1371708609935],[175.647865191911,-39.137142196905],[175.647862326501,-39.1370984027005],[175.647878309963,-39.137067527994],[175.647893722101,-39.1370214110452],[175.647944205378,-39.1369964269331],[175.648005627721,-39.13696928687],[175.648073855103,-39.1369276900077],[175.648127937758,-39.1369007167454],[175.648222030881,-39.136863298488],[175.648299160452,-39.1368551087058],[175.648370983525,-39.136852284666],[175.648431019598,-39.1368616459205],[175.648474888339,-39.1368683954256],[175.648518103526,-39.1368781391073],[175.648548143921,-39.1368834155988],[175.648582370002,-39.1368778696866],[175.64862019522,-39.1368662832579],[175.648633309222,-39.1368487027648],[175.6486458155,-39.1368353082359]],[[175.624892356039,-39.1400762965986],[175.624903700052,-39.140066200202],[175.624981999979,-39.1399987999886],[175.625168700222,-39.139943100177],[175.625502300149,-39.1399869000839],[175.625713299871,-39.1400179003576],[175.625786100438,-39.1400180997836],[175.62594439962,-39.1399548000749],[175.626036800608,-39.1399665000495],[175.626141700066,-39.1400309003518],[175.626352400229,-39.1399173004694],[175.626420600332,-39.1398807997547],[175.626498400325,-39.1398125998834],[175.62658369976,-39.1396569001806],[175.626742100036,-39.1396056000757],[175.626755700447,-39.1395748999318],[175.626810499988,-39.1394022001281],[175.626868500278,-39.1393232003568],[175.626945099658,-39.1393160997266],[175.627047200251,-39.1391857005886],[175.627148500025,-39.1391224001157],[175.627201700493,-39.1390348001508],[175.627239100182,-39.1389606000796],[175.627252300381,-39.1389267998316]]]},"properties":{"TechObjectName":"Tac Soda Springs Jn-Red Crater","ObjectType":"Track Visitor"}},{"type":"Feature","geometry":{"type":"LineString","coordinates":[[175.59392703238,-39.1973836967033],[175.593988843926,-39.1973651571326],[175.59406338039,-39.1973427591809],[175.594164703539,-39.1973240536286],[175.594211323028,-39.1972922656917],[175.594279771778,-39.1972542705209],[175.59435265199,-39.1972118854976],[175.594384318975,-39.1971983075727],[175.594452847085,-39.1971874840063],[175.594584604614,-39.1971716765573],[175.594678371998,-39.1971474190103],[175.594740000954,-39.1971489060033],[175.594807403093,-39.1971574148834],[175.594890337221,-39.1971634324816],[175.594978990848,-39.197175044273],[175.595038626032,-39.1971722844741],[175.595079342323,-39.1971549298287],[175.595119796699,-39.1971304295248],[175.59526207449,-39.1971007991898],[175.595414662138,-39.1970766605879],[175.595527345704,-39.1970669971817],[175.595629537385,-39.1970718705283],[175.595664036319,-39.1970603742088],[175.595696065136,-39.1970442427719],[175.595737100805,-39.1970229906173],[175.595912353221,-39.196965449978],[175.596094349855,-39.1969163408384],[175.596239353768,-39.1968859332026],[175.596324647421,-39.1968811708453],[175.5963680161,-39.1968859245768],[175.596481934729,-39.196884814846],[175.596540572068,-39.1968799314484],[175.596581825908,-39.1968660580511],[175.596682715938,-39.1968467275329],[175.596775066061,-39.1968339406618],[175.596955674763,-39.1968220464943],[175.597041570942,-39.1968086889373],[175.597094958468,-39.1967860445597],[175.59721813115,-39.196736816016],[175.597433861131,-39.196655486875],[175.597616009646,-39.1965856337726],[175.597742332138,-39.1965470598251],[175.597860625729,-39.1965151019376],[175.597917167494,-39.196485788492],[175.597948011897,-39.1964673855311],[175.598027607305,-39.196432714303],[175.598138318618,-39.1963944882724],[175.59820141218,-39.1963609013881],[175.598275757389,-39.1963084693539],[175.598397167033,-39.1962363947264],[175.598471987195,-39.1961968242719],[175.598530172812,-39.1961547655104],[175.598601502999,-39.196120278358],[175.598701849628,-39.1960751325446],[175.598759432503,-39.1960416674567],[175.598850859241,-39.1960038720869],[175.598933547142,-39.1959533985071],[175.599012851742,-39.1959108681],[175.599058184121,-39.1958941234631],[175.599169262815,-39.1958659001529],[175.59922758292,-39.1958524412584],[175.599269924832,-39.1958293280491],[175.599340704621,-39.1958048646266],[175.599435359388,-39.1957798681374],[175.599473373104,-39.1957640020628],[175.599512853881,-39.1957380922328],[175.599540555192,-39.1957167355524],[175.599606876147,-39.1956959472597],[175.59986923203,-39.1956383325183],[175.5999633554,-39.1956186223374],[175.600021204583,-39.1956173305363],[175.600077138769,-39.1956139354867],[175.600135590242,-39.1956040489458],[175.600226307925,-39.1955719891629],[175.60028493995,-39.1955420756386],[175.600390408716,-39.1954827011302],[175.600434707133,-39.1954665051902],[175.60047510591,-39.1954405745353],[175.600525262391,-39.1954051293675],[175.60055763382,-39.1953858132242],[175.600593414641,-39.1953592703444],[175.600616539137,-39.1953368264275],[175.600679246865,-39.1953042937006],[175.600721810423,-39.195275001937],[175.600758918063,-39.195261894473],[175.600820066816,-39.1952254892179],[175.60086481955,-39.1951930250234],[175.600904611698,-39.1951506597347],[175.600932756402,-39.1951164214252],[175.600966590319,-39.1950620322422],[175.600988070331,-39.195021506651],[175.601013438264,-39.1950116433943],[175.601082301611,-39.1949850766534],[175.60112726497,-39.1949583284762],[175.601160865586,-39.1949225375708],[175.601183659405,-39.1948927089086],[175.601210151359,-39.1948635129506],[175.601245801034,-39.194833397966],[175.601269643982,-39.1948071215873],[175.601261951148,-39.1947729676247],[175.601281624435,-39.1947582260424],[175.601309014687,-39.194747698611],[175.601342433956,-39.1947375599059],[175.601386583996,-39.1947136902123],[175.601415725905,-39.1946815745914],[175.601428075367,-39.1946426826756],[175.601431744044,-39.1946175723382],[175.60145902248,-39.1945847830138],[175.601469957902,-39.1945573652315],[175.601471816277,-39.1945164229883],[175.601489486774,-39.1944815455838],[175.601499292327,-39.1944308508305],[175.601502960971,-39.1944057404913],[175.601503610387,-39.1943735461338],[175.601500249591,-39.1943571740877],[175.601507881157,-39.1943398411081],[175.6015233013,-39.194309461805],[175.601541107873,-39.1942690181908],[175.601559098981,-39.1942335759446],[175.601575617891,-39.1941831501087],[175.601616307579,-39.1941501052328],[175.601658636431,-39.1940537415171],[175.601677645311,-39.1940342740911],[175.601681993922,-39.1940027124023],[175.601702375642,-39.1939822340991],[175.601725563291,-39.1939631228485],[175.601760529919,-39.1939394582215],[175.601790014146,-39.1939166314204],[175.601804701298,-39.1938912739538],[175.60181138789,-39.1938732476437],[175.601818179919,-39.1938580784872],[175.601841157705,-39.1938332510817],[175.601853458504,-39.1938179597243],[175.601868462039,-39.1938011764125],[175.601871005461,-39.1937953987545],[175.60187037261,-39.1937782504308],[175.601873702688,-39.1937688794549],[175.601882489943,-39.1937579567754],[175.601893192155,-39.1937491363855],[175.601905730226,-39.1937402749694],[175.601915250248,-39.1937243304187],[175.601918026556,-39.1936999544338],[175.601926128179,-39.1936704539512],[175.601935173523,-39.1936416477066],[175.60194797199,-39.1936149026734],[175.602033324283,-39.1935269613205],[175.602078249245,-39.1934960387941],[175.602168235877,-39.193457663122],[175.602236048046,-39.1934275434678],[175.602306012482,-39.1934059569039],[175.602406224362,-39.1933822644895],[175.602502817203,-39.1933600826362],[175.602592354391,-39.1933459243193],[175.602652850438,-39.1933417116547],[175.602675436789,-39.1933311948913],[175.602682017605,-39.1933103104866],[175.602693923579,-39.193284299751],[175.602734628584,-39.1932588795085],[175.602806880475,-39.1932324333203],[175.602905017017,-39.1931786295854],[175.603103411083,-39.1930999452319],[175.603270195989,-39.1930208924811],[175.603331737192,-39.1929952025691],[175.603376714849,-39.1929689298037],[175.60341055201,-39.1929395691218],[175.603441172499,-39.1929226760673],[175.603493461684,-39.1928952857026],[175.603585571517,-39.192851273987],[175.603628926805,-39.1928474441022],[175.60367051775,-39.1928455599948],[175.60370885318,-39.1928385053374],[175.603740086619,-39.1928215975975],[175.603794891187,-39.1927793731131],[175.603848382565,-39.1927650739542],[175.603918905287,-39.1927570678769],[175.603994718874,-39.1927363026682],[175.604070884305,-39.1927250648432],[175.604127551026,-39.192724989384],[175.604234498779,-39.1927178297326],[175.604298465791,-39.1927080565074],[175.604428623654,-39.1926658147691],[175.604518253734,-39.1926459320834],[175.60459105013,-39.1926264258928],[175.604635034511,-39.1926147156597],[175.604647927385,-39.1925905898945],[175.6046698709,-39.1925626868261],[175.604706413658,-39.1925153874604],[175.604761320391,-39.192467677264],[175.60481338618,-39.1924259901614],[175.604917308202,-39.1923783752516],[175.605024245777,-39.1923295008697],[175.605090392015,-39.192295842007],[175.605140972181,-39.1922553790111],[175.605164180677,-39.192220296974],[175.605219526884,-39.1921844949572],[175.605261794761,-39.1921263410094],[175.60529377821,-39.1920487879968],[175.605341166998,-39.1919946546444],[175.605427837817,-39.1918532696078],[175.605423588841,-39.1918211848473],[175.605408100059,-39.1917750495438],[175.605407918835,-39.1917739049303],[175.605391168898,-39.191731330338],[175.605371659814,-39.1917007789514],[175.605366629696,-39.1916889732805],[175.6053863919,-39.1916849553399],[175.605413496996,-39.1916724306004],[175.605438476334,-39.1916690815089],[175.605449828569,-39.1916608913086],[175.6054703731,-39.1916365951351],[175.605478587427,-39.1916101901461],[175.605488936798,-39.1915910275974],[175.605507914608,-39.1915789423636],[175.60553380101,-39.1915708161148],[175.6055700885,-39.1915580858599],[175.605589587751,-39.1915469222938],[175.605658968662,-39.1915179574794],[175.605664707612,-39.1915116316446],[175.605651922857,-39.1914930867913],[175.605642125439,-39.191476620167],[175.605639802903,-39.1914552195164],[175.605655183944,-39.1914155439975],[175.605678437093,-39.191381652773],[175.605686386125,-39.1913481031318],[175.605709815252,-39.1913189747126],[175.60573468674,-39.1912874301846],[175.605776082282,-39.1912471733642],[175.605820715761,-39.1912116108142],[175.605847263399,-39.1911917154403],[175.605857741197,-39.19117741043],[175.605887378676,-39.1911505268564],[175.605892311958,-39.1911182366081],[175.605939124703,-39.1910587887897],[175.605988471166,-39.1909849821943],[175.606011482941,-39.1909431898631],[175.606015520079,-39.1909391850231],[175.606018362508,-39.1909235292419],[175.606016954087,-39.190885422263],[175.606022415459,-39.1908674222401],[175.606027787639,-39.1908470403879],[175.60605287891,-39.1908214504374],[175.606066079115,-39.190805661028],[175.606098689115,-39.1907763270457],[175.606125574802,-39.1907578474917],[175.606141967819,-39.1907455623487],[175.606174841839,-39.1907233730109],[175.606188912174,-39.1906896872241],[175.606197346233,-39.1906692368301],[175.606209015988,-39.1906534816611],[175.606234107126,-39.1906278916753],[175.606251546266,-39.1906024720623],[175.606267631118,-39.1905818513123],[175.606277859652,-39.1905685122215],[175.606304611995,-39.1905464598738],[175.606334381109,-39.1905231489803],[175.60635081918,-39.1905120538117],[175.606360870479,-39.1904939519315],[175.606361740578,-39.1904760546661],[175.606373454287,-39.1904614904096],[175.606389450996,-39.1904384868899],[175.606395159009,-39.1904192074329],[175.606395609376,-39.1904088097832],[175.60639920659,-39.1904025201434],[175.606409422607,-39.1903987094153],[175.606424681275,-39.1903971759384],[175.606437287738,-39.1903929207],[175.606445709332,-39.1903859789107],[175.606468223744,-39.190373556694],[175.606484748649,-39.1903648433884],[175.606513428604,-39.1903534750567],[175.606524966167,-39.190334147078],[175.606530471396,-39.1903173379626],[175.606540038358,-39.1902861358706],[175.606546765827,-39.1902609569059],[175.606582788307,-39.190241080799],[175.606598256667,-39.1902037879292],[175.60665843915,-39.1901502739674],[175.606675813718,-39.1900885100601],[175.606702372238,-39.1900786973102],[175.606738790825,-39.1900695395018],[175.606778446234,-39.190065075966],[175.606798075843,-39.1900574859221],[175.606825225212,-39.1900461508811],[175.606861555706,-39.1900346111817],[175.606899416563,-39.1900230372077],[175.606930759633,-39.1900008819369],[175.606960704399,-39.1899823337029],[175.606972859371,-39.1899796786338],[175.607004862836,-39.1899753863453],[175.607038264575,-39.1899674870027],[175.607055141571,-39.1899683010347],[175.607071975691,-39.1899679241116],[175.607094884963,-39.1899662192469],[175.607129729027,-39.1899559046592],[175.607161205251,-39.1899373220835],[175.607177950137,-39.1899345633181],[175.60721017374,-39.1899362256071],[175.60723155378,-39.1899345549576],[175.607256864437,-39.189914918502],[175.607266959458,-39.1898980074791],[175.607306614728,-39.1898935437676],[175.607347271952,-39.1898747555562],[175.607400259046,-39.18985807505],[175.607467106379,-39.1898434679615],[175.607556900426,-39.1898216279183],[175.607611968666,-39.1898155828768],[175.607717771731,-39.1897773821069],[175.6078393364,-39.1897507536605],[175.607976221338,-39.1897237639237],[175.608069358981,-39.1896901366835],[175.608155521486,-39.1896981392986],[175.608238024538,-39.1896927154826],[175.608343524819,-39.1896879683531],[175.608415139084,-39.1896780215864],[175.608477263895,-39.1896599439776],[175.608526793327,-39.1896326141122],[175.608578161454,-39.1896135855187],[175.608666257144,-39.1895937340588],[175.608727071746,-39.1895816452336],[175.608815562711,-39.1895725111153],[175.608919752695,-39.1895737523843],[175.608999679463,-39.189581495889],[175.609064039402,-39.1895824375817],[175.609093609165,-39.1895780226752],[175.609210813632,-39.1895523481782],[175.609348138476,-39.1895372715051],[175.609485926157,-39.1895341088251],[175.609608393145,-39.1895312974623],[175.609746169218,-39.1895281347342],[175.609869550507,-39.1895491507561],[175.609912331673,-39.1895555225853],[175.610208120802,-39.1895830161383],[175.610373257284,-39.1895757392544],[175.610534111199,-39.1895768997343],[175.610687579047,-39.1895853779714],[175.610831909969,-39.189595251892],[175.610882954232,-39.1895973226962],[175.611003757625,-39.1895588690893],[175.611170798401,-39.1895192676501],[175.611321624035,-39.1894561814833],[175.611442733429,-39.1894176259661],[175.611548093856,-39.1893675161506],[175.611669655823,-39.1893408747724],[175.611775467352,-39.1893026701496],[175.611881267228,-39.1892644665938],[175.611987066952,-39.1892262620454],[175.612092426686,-39.1891761517584],[175.612166250585,-39.1891029088253],[175.612255846992,-39.189041237416],[175.612591252107,-39.1887950487166]]},"properties":{"TechObjectName":"Upper Tama Lakes Tk","ObjectType":"Track Visitor"}},{"type":"Feature","geometry":{"type":"LineString","coordinates":[[175.689272338942,-39.1585957410666],[175.6890511369,-39.1585804487671],[175.6889558096,-39.1585721389821],[175.688753852486,-39.1586138959207],[175.6886029832,-39.1586909868909],[175.688545482922,-39.1587247326484],[175.688512746389,-39.158765533778],[175.688490088135,-39.1588137302259],[175.688425537478,-39.1588552657776],[175.688374238261,-39.1589231920055],[175.688295958499,-39.1589841688997],[175.688259187369,-39.1590536119778],[175.688232578101,-39.1591266898748],[175.688159253553,-39.1591951244298],[175.688120697468,-39.1592761051579],[175.688098257624,-39.1593300172575],[175.688049260275,-39.1593940766679],[175.688032999976,-39.1594173350574],[175.688016512619,-39.1594283715581],[175.68794750212,-39.1595082164118],[175.687925307392,-39.1596124205313],[175.687886244151,-39.1596800650313],[175.687844225315,-39.1597344280754],[175.687777298383,-39.1597779253443],[175.687696558489,-39.1598446244365],[175.687625390167,-39.1599053818097],[175.687554511873,-39.1599737595369],[175.687497881714,-39.1600303677791],[175.687433909681,-39.1600871445206],[175.687364969756,-39.1601421295459],[175.687304949833,-39.1601740256249],[175.687249648764,-39.1601874982196],[175.687181045455,-39.1602202058174],[175.687121675997,-39.1602638724768],[175.687000059844,-39.1604516657147],[175.686949926286,-39.1605585152054],[175.686921180581,-39.1606912777295],[175.686923032835,-39.1607387795286],[175.686828719892,-39.1607568538557],[175.686824798375,-39.1608008491977],[175.68681013571,-39.1608166353639],[175.686751763683,-39.1608275163951],[175.686681228168,-39.160840585238],[175.686628257925,-39.1608646903448],[175.686549165686,-39.1609103747973],[175.686531472138,-39.160960362663],[175.686513852253,-39.1610122560495],[175.686485082906,-39.161093010478],[175.686482368604,-39.1610986488154],[175.686417224958,-39.1611681061963],[175.686361959312,-39.1613173489508],[175.686339578487,-39.1614393878467],[175.686339373239,-39.1616084579339],[175.686328092016,-39.1618411903383],[175.686353365638,-39.1619673939546],[175.686345980857,-39.1621260610912],[175.686297092317,-39.1622645809387],[175.686301265986,-39.162371654001],[175.686287869031,-39.1624114327228],[175.68625059669,-39.162461872171],[175.686215627002,-39.1625084449485],[175.686186276704,-39.1625739576203],[175.686164268376,-39.1626393009328],[175.686149530673,-39.1627025693132],[175.686131256375,-39.1627373154319],[175.686118167582,-39.162779569929],[175.686087658057,-39.1628145982571],[175.686055352207,-39.1628668303112],[175.686030462041,-39.1629207985353],[175.686010466159,-39.1629746538673],[175.68598133299,-39.1630458813456],[175.685966303889,-39.1631015293347],[175.685954882625,-39.1631876042643],[175.685928994683,-39.1632797336246],[175.685915271801,-39.1633696760795],[175.685853723254,-39.1636189958245],[175.685822070605,-39.1636883750488],[175.685787697534,-39.1638150246714],[175.685774915568,-39.1638392295655],[175.685719831909,-39.1639952831743],[175.685686760307,-39.1641915384403],[175.685651426041,-39.1643297382069],[175.685598018677,-39.1645264822484],[175.685536175496,-39.164681161911],[175.685459140306,-39.1647939275798],[175.685242574537,-39.1649839518099],[175.685157308911,-39.1650599383051],[175.685035270054,-39.1650628197849],[175.685009789349,-39.1651056851042],[175.685072042761,-39.1651359157422],[175.685087051775,-39.165172543841],[175.685054997424,-39.1652208463685],[175.684982055179,-39.1652648321274],[175.684918786001,-39.1652903388184],[175.684898600026,-39.1652981394183],[175.684755867616,-39.165345289055],[175.684674032634,-39.1653834075216],[175.684609473818,-39.1654249412026],[175.684546218346,-39.1655007694008],[175.684523411655,-39.1655451549672],[175.684469801225,-39.1656169472367],[175.684440214433,-39.1656119085075],[175.684388093301,-39.165594040468],[175.684347774211,-39.1655644588217],[175.684305298374,-39.1655425548647],[175.68424345964,-39.1655268179796],[175.684215306193,-39.1654950495427],[175.684162605483,-39.1654619396817],[175.684119693816,-39.1654286041671],[175.684042954306,-39.1654074889551],[175.68401646649,-39.1654195418915],[175.684010573393,-39.1654578158629],[175.683994310446,-39.1654810737616],[175.683962059684,-39.165470375542],[175.683960119092,-39.1654837690249],[175.683917224432,-39.1655152678012],[175.683874909425,-39.165562009182],[175.683874093119,-39.1656021355267],[175.683920619863,-39.165717836225],[175.684000954536,-39.1658638687541],[175.684094652892,-39.16600430397],[175.684145404901,-39.1660876429554],[175.684121374925,-39.1661674560216],[175.684186506781,-39.1662715826253],[175.684215895669,-39.1663290074736],[175.684293147217,-39.166395866971],[175.684306330488,-39.1664055235241],[175.684368852356,-39.1666337589025],[175.684370664203,-39.1666813895831],[175.684378385317,-39.166755581552],[175.684394229862,-39.1667857273584],[175.684406701829,-39.166855996265],[175.684406020663,-39.1668874059062],[175.684469226863,-39.1670185508027],[175.684535544308,-39.1670875784095],[175.684549520953,-39.1671330223258],[175.684580140791,-39.167229569444],[175.684591959548,-39.1672826910872],[175.684611194462,-39.1673375480801],[175.68462691082,-39.1674287179961],[175.684653705831,-39.1674891223561],[175.684662932962,-39.167538489293],[175.684664237692,-39.1675727838015],[175.684667845367,-39.1676032116744],[175.684680952389,-39.1676257925597],[175.684695002906,-39.1676731419717],[175.684712080076,-39.1677356766747],[175.684715199496,-39.1677767843517],[175.684739671487,-39.1678170384852],[175.684764091314,-39.167879403894],[175.684775983969,-39.1679344301282],[175.684770961056,-39.1679955680184],[175.684766083105,-39.1680605161084],[175.684776252787,-39.1681346515783],[175.684794417517,-39.1682257650094],[175.684800127513,-39.1683114448228],[175.684814757034,-39.1683740359342],[175.684825115486,-39.1684398372508],[175.684841515861,-39.1684918451071],[175.684857454653,-39.1685117066043],[175.684846775852,-39.1685859227399],[175.684891986187,-39.1687010830376],[175.684969663476,-39.1687784953519],[175.68500645018,-39.1688515999578],[175.685024534079,-39.1689674009714],[175.684986727338,-39.1690422579299],[175.68499207562,-39.1691794959927],[175.685007699066,-39.1694063104097],[175.685001545866,-39.1695966572911],[175.684919565321,-39.1697570847251],[175.684761551134,-39.1698823342128],[175.684703200862,-39.169952393507],[175.684645044333,-39.170027730327],[175.684532656102,-39.1701043470907],[175.68442991297,-39.1702547005066],[175.684333343218,-39.1703890627612],[175.684068275254,-39.1705538198754],[175.683815531587,-39.1706865849115],[175.683580045175,-39.170914033494],[175.683487785616,-39.1709848934615],[175.683472407579,-39.1710034876168],[175.683450302405,-39.1710157097171],[175.683372474737,-39.1710627927027],[175.683261535526,-39.1711249405299],[175.683223300841,-39.1711663434778],[175.683197486251,-39.171212227831],[175.683188850418,-39.1712267287273],[175.683113991519,-39.171271359335],[175.683101934817,-39.1712764047416],[175.683017805982,-39.1713188650785],[175.682951945039,-39.1713585215622],[175.68291686037,-39.1714022356364],[175.682889252388,-39.1714815317615],[175.682855480244,-39.1715326156327],[175.682758730196,-39.1716096686267],[175.682646529951,-39.1716915612944],[175.682547489861,-39.1717625794402],[175.68245420069,-39.1718070531167],[175.682417828085,-39.1719188566808],[175.682236785842,-39.1721503097373],[175.682179253369,-39.1722414761421],[175.682150277111,-39.1723689598275],[175.681991019305,-39.1724625340388],[175.681925473658,-39.172522189148],[175.681896496886,-39.1726496736848],[175.681812449981,-39.1727573191559],[175.681767448903,-39.172821781244],[175.681736827003,-39.1729070303404],[175.681732102309,-39.1729599782818],[175.681681553959,-39.1730562710287],[175.681659149668,-39.1731783086091],[175.681528867504,-39.1733187449971],[175.681341050619,-39.1735503563023],[175.681298719001,-39.1736834365335],[175.681206235637,-39.1737490169641],[175.681079856076,-39.173815396686],[175.680948133987,-39.1739188842354],[175.680831213807,-39.1740537130837],[175.680789074565,-39.1741920707273],[175.680745918698,-39.1743040434552],[175.680619537675,-39.174370421821],[175.680538786658,-39.1743881709323],[175.680443425912,-39.1745542006365],[175.680364717289,-39.1746247381442],[175.680329572352,-39.1747682121442],[175.68033224192,-39.1748368313862],[175.680239563792,-39.1748971344284],[175.680194970164,-39.1749721487841],[175.680155718082,-39.1750100561202],[175.680107426754,-39.1749900575474],[175.680058109961,-39.1749436742512],[175.680032019174,-39.174970706477],[175.68000837954,-39.1750610737463],[175.680017622595,-39.1751242560798],[175.68001453999,-39.1752194286351],[175.680026042208,-39.1753406765184],[175.680000348771,-39.1753782636345],[175.67992411451,-39.1755121425713],[175.679846020724,-39.1755985098485],[175.679767927126,-39.17568488698],[175.679684284867,-39.1758030856786],[175.679679968704,-39.175866587276],[175.679581523509,-39.1759534344303],[175.679497059202,-39.1760505247308],[175.679454516602,-39.1761783271377],[175.67940273113,-39.1762429471483],[175.679331004826,-39.1763186008247],[175.679279424206,-39.1763884980891],[175.679277981438,-39.176525896264],[175.679281881975,-39.1766261865337],[175.679292562727,-39.176726317189],[175.679135548378,-39.176877943606],[175.679078008641,-39.176969117686],[175.679026016882,-39.177028451249],[175.678961480077,-39.1771145087395],[175.67885975924,-39.1771169039125],[175.678805919362,-39.1771287363033],[175.678713840409,-39.1772048686377],[175.67865691491,-39.1773118735462],[175.678606153292,-39.1774028869691],[175.678555187721,-39.1774886239418],[175.678538941125,-39.1775946705153],[175.678434749967,-39.1777080707139],[175.678320475645,-39.1779115259306],[175.678243402609,-39.1780242859895],[175.678082280345,-39.1780703443647],[175.678044256758,-39.1781399211823],[175.677960197747,-39.1782475642121],[175.677909024724,-39.1783280245592],[175.677794757226,-39.1783571327863],[175.677701046088,-39.1783910393982],[175.677608564479,-39.1784566070856],[175.677604042653,-39.1785148322162],[175.677578551787,-39.1785576961723],[175.677525736748,-39.1785959217292],[175.67756149535,-39.1786426340535],[175.677563047298,-39.1786825734359],[175.677547960877,-39.1787244539856],[175.67748587327,-39.178783089291],[175.677468417906,-39.178807327776],[175.677478772231,-39.1788380773022],[175.677504155814,-39.1788613298344],[175.677507667909,-39.1788731671813],[175.67743495348,-39.1788939086999],[175.677420556978,-39.1789180759418],[175.677424973072,-39.1789537296171],[175.677432087652,-39.1789797860382],[175.677434347639,-39.1790393255009],[175.677380263651,-39.1790667891022],[175.677323029149,-39.179091942218],[175.67722700983,-39.1791442061695],[175.677147103317,-39.1792175537995],[175.677103284077,-39.1792733850864],[175.677093574501,-39.1793403502523],[175.677086293491,-39.1793905747747],[175.677045713852,-39.1794510991615],[175.676987497662,-39.1795310985117],[175.67695582707,-39.1795842666434],[175.676936124652,-39.1796300091195],[175.676925602601,-39.1796755405396],[175.676918501039,-39.1797305276272],[175.676914280014,-39.1797806817903],[175.676918967069,-39.1798234797565],[175.676908805355,-39.1798785371943],[175.676855714761,-39.1799321986332],[175.676799744682,-39.1799906929452],[175.676740985486,-39.1800564018503],[175.676703195382,-39.180109711491],[175.676675964288,-39.1801450269133],[175.676639456325,-39.1802440218092],[175.676556418696,-39.1803780585798],[175.676504421586,-39.1804374001738],[175.676445234901,-39.1804863384564],[175.676420358777,-39.1805450422033],[175.676450567567,-39.1806235772445],[175.676411515272,-39.1806667598749],[175.676305253441,-39.1807273783934],[175.676171255304,-39.1807727954372],[175.676193659029,-39.1808251043328],[175.676148031876,-39.180873723614],[175.676083076966,-39.1809492152021],[175.676061481275,-39.1810923783321],[175.676047992939,-39.1811484373809],[175.675948095202,-39.1812759890873],[175.675807797529,-39.1813721760909],[175.675584800704,-39.1815489232849],[175.675439557139,-39.1816762111152],[175.675328153882,-39.1818074879518],[175.675234654809,-39.182091767062],[175.675233402246,-39.1820999436473],[175.675178449268,-39.1822209160864],[175.67513283111,-39.1823101593922],[175.675024034946,-39.1824294579425],[175.674945838737,-39.1825480543237],[175.674892032872,-39.1826637056441],[175.674871345547,-39.1827642942246],[175.674822937395,-39.1828607529071],[175.674765257922,-39.182955039845],[175.674692910325,-39.1830663503042],[175.67461147309,-39.1831802524115],[175.674545335941,-39.1832938039261],[175.674511233853,-39.1833637129632],[175.674505737911,-39.1833729383668],[175.674420524813,-39.1834754450075],[175.674289401627,-39.1835714185975],[175.674166554862,-39.1836433666539],[175.674030294973,-39.1836846341071],[175.673949115928,-39.1837246365014],[175.673902320352,-39.1837829196625],[175.673905661297,-39.1838710381766],[175.673929610676,-39.1839372301191],[175.673972667892,-39.1839813326396],[175.67398749228,-39.1840097942082],[175.674005322323,-39.184076127564],[175.674007399218,-39.1841309036872],[175.673982385769,-39.1841982200479],[175.673929018895,-39.1842447351244],[175.673845412087,-39.184301479811],[175.673689353576,-39.1843861072457],[175.673508598393,-39.1844609618227],[175.673357070052,-39.1845081520966],[175.673258160703,-39.1845652477089],[175.673156100525,-39.1846200308731],[175.673076997309,-39.1847148097391],[175.673004916127,-39.1848332635597],[175.672959834114,-39.1849367956308],[175.672898919482,-39.1851074330642],[175.672890921652,-39.1852196490067],[175.672897532936,-39.1853940804862],[175.672895579854,-39.1853986875161],[175.672885500777,-39.1854887339537],[175.672875217371,-39.1855735120691],[175.672826069821,-39.1857067484373],[175.672795648481,-39.1857972726378],[175.672781849406,-39.1859666599808],[175.672807528589,-39.1861034201448],[175.672851092953,-39.1861763692828],[175.672854984521,-39.1862766599442],[175.672891551329,-39.1863444822721],[175.6729486883,-39.1864171026773],[175.673025745713,-39.1864786917882],[175.673062529037,-39.1865517911059],[175.67315520882,-39.186665840765],[175.673238445386,-39.1867114382038],[175.673412107968,-39.18681302015],[175.673534843661,-39.186917276621],[175.67361217672,-39.1870361206535],[175.673633879302,-39.1871238175118],[175.673653243875,-39.1872306375517],[175.673660006573,-39.1873282117604],[175.673654799469,-39.1874332122276],[175.673683977697,-39.1875564917059],[175.673695776729,-39.1876253473606],[175.673708570222,-39.187720399274],[175.673764116886,-39.1878120865201],[175.67388726202,-39.1879093718681],[175.6739563945,-39.1879554575254],[175.674008519908,-39.1880376880175],[175.674047134966,-39.1880583905155],[175.674065968098,-39.1880920401977],[175.674180838761,-39.1882531129747],[175.674355121201,-39.1883705333526],[175.674426438769,-39.1884586742115],[175.674566600964,-39.1885716058742],[175.674637291595,-39.1886439077409],[175.674672136694,-39.1886694335924],[175.674737697567,-39.1887694074664],[175.674811697712,-39.188902758813],[175.674845476764,-39.1889348758086],[175.674961991015,-39.1891381805402],[175.675068239114,-39.189251909628],[175.67516648863,-39.1893341348012],[175.675328022722,-39.189472981827],[175.675440858885,-39.1895812726593],[175.675445165809,-39.1896921257366],[175.675544838958,-39.1898112910623],[175.67573228039,-39.1899178266469],[175.675792897121,-39.1900801832501],[175.675863808167,-39.1901577603715],[175.675962663042,-39.1902558160649],[175.67604596447,-39.190338191213],[175.676069350946,-39.1904116379315],[175.676052057947,-39.1904597591039],[175.676056159882,-39.1905653348314],[175.676126239006,-39.1906217956375],[175.67616220704,-39.1906737854563],[175.67626454993,-39.1908615684425],[175.676331141008,-39.191002655739],[175.676404092993,-39.1911330120267],[175.676502539025,-39.1912205143974],[175.676580437811,-39.1913032178318],[175.676618047388,-39.1913974231589],[175.676629546859,-39.1915186712149],[175.67669655013,-39.1916703038137],[175.676809177007,-39.191773325929],[175.676957771676,-39.1919283194667],[175.67707596079,-39.191999502434],[175.677299380113,-39.1921580255348],[175.677305645695,-39.1921660733961],[175.677357783351,-39.1921893205657],[175.677426380849,-39.1922211144776],[175.677548904586,-39.1923017243506],[175.677582878781,-39.1923192395375],[175.6777556785,-39.1923691855934],[175.677862141173,-39.1924881881429],[175.67791953209,-39.1925432621523],[175.677921168768,-39.1925863517699],[175.677918757415,-39.192684137492],[175.677912741418,-39.1927677033404],[175.67791554568,-39.192841532034],[175.677933561839,-39.1929126270508],[175.677983540887,-39.1930187420403],[175.678017311875,-39.1931013927465],[175.678072507972,-39.1931835515305],[175.678124189959,-39.1932538721357],[175.678153182745,-39.1932913432762],[175.678225293594,-39.1933349739605],[175.678306405733,-39.1933736299433],[175.678330369881,-39.1933773165363],[175.678369471687,-39.1934059955683],[175.678403271897,-39.1934712354773],[175.678468011421,-39.1935153157616],[175.678554611959,-39.1935371596323],[175.678607726679,-39.1935645414212],[175.678645177012,-39.193582749288],[175.678666962898,-39.1935917823489],[175.678708740853,-39.1936432619733],[175.678719460211,-39.1936835371808],[175.67872114601,-39.1937279049301],[175.678713264802,-39.1937731126134],[175.678716548832,-39.1938575627163],[175.678752303459,-39.1939042655611],[175.67881450094,-39.1939366698349],[175.678870471822,-39.1939494154379],[175.678931954713,-39.193955151269],[175.678996587706,-39.1939631983803],[175.679023244567,-39.1940197934072],[175.679040538175,-39.1940718353848],[175.67908159266,-39.194104262047],[175.679140648491,-39.1941267392832],[175.679207092985,-39.1941824178024],[175.67925093682,-39.1942076288282],[175.679308199241,-39.1942635194855],[175.679362129403,-39.1943123345105],[175.679409938152,-39.1943612912848],[175.679521132375,-39.1944659967694],[175.679527524291,-39.1944730001491],[175.679665358212,-39.1945532553365],[175.679796619449,-39.194621744463],[175.67986279216,-39.1946702774618],[175.679897816361,-39.1947052264208],[175.679954265995,-39.1947396812965],[175.680013502552,-39.1947669215081],[175.680100105098,-39.1947887650545],[175.680156915929,-39.1948327466955],[175.680288810791,-39.1949179054295],[175.680372099048,-39.1950137173077],[175.680438817026,-39.1950765401837],[175.68057504129,-39.1951949702338],[175.68063139992,-39.1952270430703],[175.680787781323,-39.1953116374365],[175.680930289628,-39.1953536454372],[175.68106631536,-39.195386268263],[175.681266523997,-39.1954150290497],[175.681414792003,-39.1954473686288],[175.681461064108,-39.1954558381138],[175.68154694197,-39.1954586269002],[175.681651094086,-39.195458611823],[175.681774152291,-39.1954724630383],[175.681857785957,-39.1954967565344],[175.681969417664,-39.1955323239928],[175.682159926149,-39.1956063681353],[175.682283502129,-39.1956649160799],[175.682468295666,-39.1957028227472],[175.68257168802,-39.1957426488389],[175.682716192982,-39.1957920771197],[175.682799239564,-39.1958323826228],[175.682807254659,-39.1958638935608],[175.682788965839,-39.1959171521438],[175.682722978066,-39.1959662629505],[175.682724416581,-39.1960032110398],[175.682814450891,-39.1960486330148],[175.682839537864,-39.196169559943],[175.682900449266,-39.1962945910905],[175.68292148,-39.1963208290947],[175.68296226562,-39.1963461091551],[175.68304014159,-39.1963800687353],[175.683080836668,-39.1964029679469],[175.683125771003,-39.1964567560596],[175.683143158962,-39.1965111789862],[175.683157758067,-39.1965728175616],[175.683160930818,-39.1966561727062],[175.683162471854,-39.1966966589759],[175.683182286208,-39.1967343403227],[175.683196433311,-39.1967840712417],[175.683218423356,-39.1968789098748],[175.683294780342,-39.196953426964],[175.683379866806,-39.1970158247392],[175.68342146895,-39.1970625390475],[175.683475404107,-39.1971113519718],[175.683571645276,-39.1971448887833],[175.683661946102,-39.1971833291264],[175.683752065703,-39.1972170068905],[175.683839941721,-39.1972721886368],[175.683992363711,-39.1973330328142],[175.68404684359,-39.1973961356635],[175.684178203759,-39.197467000314],[175.684210897246,-39.1975210701926],[175.684253588513,-39.1975963627898],[175.684338856835,-39.1976635232308],[175.684411702619,-39.1977262015471],[175.684468518494,-39.1977701808874],[175.684529053112,-39.1979118036361],[175.684547168182,-39.1979852789977],[175.684552175326,-39.1980050284787],[175.684549435703,-39.1980448179188],[175.684560613876,-39.1980970008991],[175.684580701524,-39.1981418270623],[175.684591969256,-39.1981963908648],[175.684614664359,-39.1982292388362],[175.684624572749,-39.1982480797978],[175.684659782498,-39.1982877896614],[175.684675630166,-39.1983017260788],[175.684681933427,-39.1983063483143],[175.684791144958,-39.1983586535311],[175.684874964461,-39.1983877080929],[175.684947538203,-39.1984432418512],[175.684982566787,-39.1984781882065],[175.685014898531,-39.1985227319142],[175.685044893996,-39.1985863989277],[175.685075072094,-39.1986548284034],[175.685123250676,-39.1987133084552],[175.685164582853,-39.1987528778551],[175.685264885933,-39.1988125385465],[175.685310549374,-39.1988853783766],[175.685285542468,-39.1989526977218],[175.685185716483,-39.1989859876235],[175.685038890994,-39.1989917576777],[175.684913581638,-39.198999414246],[175.684748119427,-39.1989984632471],[175.6846104755,-39.1990040201322],[175.684459954023,-39.1989931890373],[175.684321403149,-39.1989749312732],[175.684179065849,-39.1989376912027],[175.684019090788,-39.1989199261106],[175.683879996024,-39.1988873776016],[175.683805721855,-39.1988676374579],[175.683697870292,-39.1988510541547],[175.683617292963,-39.1988266915983],[175.683490803851,-39.1988033872243],[175.683385288066,-39.198767680351],[175.683258288201,-39.1987335090747],[175.683161105375,-39.1986727341746],[175.683092862827,-39.19865047077],[175.683080529574,-39.1986483712057],[175.682936764243,-39.1986540680744],[175.682801728449,-39.1986476446447],[175.682709180976,-39.1986307086607],[175.682543735362,-39.1985939981361],[175.682530117317,-39.198594311909],[175.682473796246,-39.1987243271982],[175.682384855414,-39.1988696192953],[175.682329342582,-39.198934141768],[175.682284528557,-39.1990038799102],[175.682283410426,-39.1990146597661],[175.682220638531,-39.1990578736699],[175.682090261987,-39.1990718592773],[175.682053896049,-39.1990944538819],[175.682052943019,-39.1990963371053],[175.682044213233,-39.1991084562762],[175.682035122134,-39.1991110494987],[175.681958512126,-39.1991104305244],[175.681927359983,-39.1990968462856],[175.681877935027,-39.1990860667539],[175.681838326101,-39.1990917467397],[175.681787924246,-39.1991358133105],[175.681755796341,-39.1991770751401],[175.681720062623,-39.1992041181596],[175.681656874261,-39.1992341773411],[175.681562714915,-39.1992554155662],[175.681491048849,-39.1992236949033],[175.681447019825,-39.1991937214642],[175.681373017696,-39.1991811239756],[175.681263645246,-39.1992050961247],[175.681219091961,-39.1992418772809],[175.681184355649,-39.1992951170928],[175.681078587448,-39.1993333079253],[175.680983250131,-39.1993235843982],[175.680845514468,-39.1993267560542],[175.680733080613,-39.1993507982017],[175.68060597693,-39.1993918627599],[175.680542515045,-39.1994147771603],[175.680390199951,-39.1994373534016],[175.680282529265,-39.1994255303535],[175.68017800896,-39.1994160175737],[175.680100692031,-39.1994773886841],[175.680027069828,-39.1995553603482],[175.679968390211,-39.1996234537301],[175.67990574282,-39.1996678013793],[175.679854705478,-39.1996951961002],[175.679705903211,-39.1997296086625],[175.679648472149,-39.1997499999764],[175.679489581286,-39.1997608074285],[175.67935688022,-39.1997352577348],[175.679205016593,-39.1997697401128],[175.67910554838,-39.1998125508762],[175.67896926102,-39.1998538258945],[175.678841339542,-39.1998734550156],[175.678539585884,-39.1999137682039],[175.678462884429,-39.1999107661454],[175.678342608367,-39.1998896961286],[175.678279778707,-39.1999292804199],[175.678140429543,-39.1999706240082],[175.678001441018,-39.2000214943129],[175.677943647222,-39.2000323579582],[175.677789067797,-39.1999953916402],[175.677664102201,-39.1999315231835],[175.677584867502,-39.1998618361648],[175.677327652973,-39.1997843240392],[175.677168037861,-39.199776076421],[175.677005724724,-39.1997774248986],[175.676932265303,-39.19977911397],[175.676836656436,-39.1997622428019],[175.676719621759,-39.1997458641595],[175.676592953137,-39.1997177897106],[175.676509406381,-39.1996958733724],[175.676347182642,-39.199699602668],[175.676249870559,-39.1997185252923],[175.676097372264,-39.1997363325502],[175.675964129755,-39.1996964895421],[175.675859247768,-39.1996774469089],[175.675745274439,-39.1996609978206],[175.675579267598,-39.1996457435273],[175.675358255539,-39.1996341367904],[175.675173703218,-39.1996145413879],[175.675024886402,-39.1995679037684],[175.674904068354,-39.1995325416533],[175.67469845205,-39.1995229637261],[175.67456656616,-39.1995188421688],[175.674429721658,-39.1994647782575],[175.674226985838,-39.1994503657323],[175.674153371444,-39.1994224195144],[175.674138033132,-39.1994225330788],[175.674115259813,-39.1994124101528],[175.674065745282,-39.1993992455487],[175.674044319489,-39.1993997376592],[175.673989225085,-39.1994010030565],[175.673977614713,-39.1994179553898],[175.673975457189,-39.1994418411017],[175.673983115133,-39.1994821879496],[175.673989778063,-39.199496336794],[175.673994013604,-39.1995272270608],[175.673998429826,-39.1995628798686],[175.673994024469,-39.1996082704714],[175.673991814893,-39.1996192167716],[175.674002947323,-39.1996819587061],[175.673995029214,-39.1997155119091],[175.673992828787,-39.1997319183874],[175.673988982784,-39.1997486230223],[175.673966760542,-39.1998759349618],[175.673970653253,-39.1999762253472],[175.673973726633,-39.2000554065139],[175.674026540105,-39.2001915284362],[175.674033221032,-39.200211978696],[175.674038139575,-39.200286597635],[175.674028245791,-39.2003487999633],[175.674020869755,-39.2003966425891],[175.674020068704,-39.200456252278],[175.674003239614,-39.2004971606323],[175.673979927025,-39.2005286836133],[175.673957246881,-39.2005768777333],[175.673949871904,-39.2006247194287],[175.673951046476,-39.2006556799943],[175.673975091739,-39.2007242542052],[175.674031995398,-39.2007706195569],[175.674054595075,-39.2008010880232],[175.674088547652,-39.2008885032152],[175.674118173078,-39.2009426464494],[175.674175437352,-39.2009985395265],[175.6742320703,-39.2010377605069],[175.674291853588,-39.2010792928896],[175.674324540324,-39.2011333657474],[175.674390897755,-39.2011866660409],[175.674444197619,-39.2012188120931],[175.674479764894,-39.2012680520433],[175.674564126344,-39.2013114034615],[175.674632369108,-39.2013336718632],[175.674698907694,-39.2013917345021],[175.674739964727,-39.2014241625814],[175.674788317775,-39.2014874105563],[175.674826856091,-39.201534197439],[175.674871607055,-39.2015832262654],[175.675128127399,-39.2018037793007],[175.675220147678,-39.2018874760538],[175.67526480874,-39.2019341229916],[175.675299653709,-39.201964308915],[175.675337831069,-39.2020015705356],[175.675363222755,-39.2020248231878],[175.675382401873,-39.2020458357052],[175.675420127266,-39.2020711887101],[175.675445398489,-39.2020912666198],[175.67548261162,-39.2021031241071],[175.675507912976,-39.2021239950076],[175.675530152116,-39.2021449371768],[175.675549873744,-39.2021802381635],[175.675557144195,-39.2021956729504],[175.67556284148,-39.2021990096014],[175.675594354413,-39.2022221224257],[175.675629018863,-39.2022475457062],[175.675663865336,-39.2022777323818],[175.675705284985,-39.2023196860482],[175.675749855068,-39.2023639510865],[175.675804242664,-39.2024246761248],[175.67580662443,-39.2024267493205],[175.675894741484,-39.2024880495386],[175.675999985124,-39.2025753921806],[175.676103792144,-39.2026257774936],[175.67619424154,-39.2026817670856],[175.676284279929,-39.2027272038451],[175.676393446111,-39.2027404808533],[175.676474857158,-39.2027385660401],[175.676635807331,-39.20286157802],[175.676659857793,-39.2029561119669],[175.676710216408,-39.2030288905045],[175.676808884156,-39.2031216682831],[175.676874449413,-39.2032363522375],[175.676905897132,-39.2033465566444],[175.676948859461,-39.2034036636263],[175.677067054601,-39.2034748461301],[175.677109196445,-39.2035108357935],[175.677156490483,-39.2035044410253],[175.677209940101,-39.2034820469624],[175.677280470337,-39.2034803871946],[175.677348797477,-39.2035023294959],[175.677379105662,-39.2035259461028],[175.677411413872,-39.203553806813],[175.677430322573,-39.2035676738149],[175.67746235821,-39.2035883893988],[175.677496393911,-39.2036133499834],[175.677522757562,-39.2036299058893],[175.677554631593,-39.2036463359572],[175.67757381178,-39.2036673471702],[175.67759153602,-39.2036984036171],[175.677599805324,-39.2037225270396],[175.677607586,-39.2037337895761],[175.677625254807,-39.2037634166558],[175.67764276193,-39.2037887573442],[175.677646283248,-39.2037911673557],[175.677652742419,-39.2038001963102],[175.67774770938,-39.2038656348408],[175.677823031564,-39.2039138638172],[175.677837576777,-39.2039330167217],[175.677845954754,-39.2039599970956],[175.67785422418,-39.2039841204949],[175.677855310107,-39.2040126992324],[175.677843594727,-39.2040430021546],[175.677827933526,-39.2040662453565],[175.677812653558,-39.2040994915383],[175.677821140175,-39.2041293306869],[175.67785328478,-39.2041529040222],[175.677911251573,-39.2041787446595],[175.677961763379,-39.2042018954787],[175.678009469694,-39.2042479946821],[175.678047233397,-39.2042742990774],[175.67807570613,-39.2042979577149],[175.67810785093,-39.2043215318738],[175.678130443446,-39.2043839403262],[175.678137961868,-39.2044366837899],[175.678130137008,-39.2044726188842],[175.678137275338,-39.2045153602421],[175.678140035694,-39.2045396103484],[175.678159487843,-39.2045677665793],[175.678202327747,-39.2045825126615],[175.678284441878,-39.2046149480793],[175.678345266641,-39.2046192695101],[175.678402250807,-39.2046216477282],[175.678423504055,-39.2046248011221],[175.678475241362,-39.2046534640776],[175.678518190035,-39.2046710688111],[175.678560486951,-39.2046715253973],[175.678591926002,-39.2046765227934],[175.678632983197,-39.2046927403672],[175.678674094741,-39.2047103873116],[175.678697383301,-39.2047427452837],[175.678724671036,-39.2047835932465],[175.678738885819,-39.2048190212609],[175.678747165185,-39.204891769763],[175.678762629268,-39.2049600628412],[175.678784462188,-39.2050024669357],[175.67880851135,-39.2050548299762],[175.678839037974,-39.205084161899],[175.678893657371,-39.2051186592651],[175.678928346169,-39.205160766606],[175.678952178247,-39.2052074147689],[175.67900783109,-39.2052690622685],[175.679055104242,-39.2053037295054],[175.679072123352,-39.2053162090754],[175.679098441594,-39.2053198475896],[175.679169264372,-39.205353430497],[175.679180130386,-39.2053717931139],[175.679172779015,-39.2054011344665],[175.679155499237,-39.2054301358307],[175.679166257268,-39.2054713640766],[175.679131480361,-39.2055236510617],[175.679108908518,-39.205558494945],[175.679098767741,-39.2056302375688],[175.679106722861,-39.2056944132835],[175.679117969824,-39.2057485014965],[175.679127215823,-39.20576698338],[175.679134704379,-39.2057952201544],[175.679133426256,-39.2057983639928],[175.679137942854,-39.2059144838771],[175.679167741587,-39.2059824641191],[175.679251209491,-39.2060333343984],[175.679296022034,-39.2061379421752],[175.679263722774,-39.2062531768939],[175.679297348261,-39.2063245528227],[175.679400505516,-39.206394641084],[175.679504024072,-39.2064742561015],[175.679549335445,-39.2065056313242],[175.679582271899,-39.2065983113806],[175.679544625969,-39.2067040583885],[175.679485142223,-39.2067511933986],[175.679399517942,-39.2068199066596],[175.679372884138,-39.2068929820412],[175.679347554294,-39.2070003527432],[175.67933391713,-39.2070557865997],[175.67934450304,-39.20712765221],[175.679372252395,-39.2072128246467],[175.679390727293,-39.2072958267384],[175.679398632548,-39.2073828874183],[175.679396343161,-39.2074515889774],[175.679385500251,-39.2075213991127],[175.679371991178,-39.207584679597],[175.679367071377,-39.2076486750117],[175.679350052244,-39.2077167624185],[175.679333967366,-39.2077772003687],[175.679312077565,-39.207825336741],[175.679299507521,-39.2078774712449],[175.679306067937,-39.2079291636655],[175.67931978488,-39.2079675823293],[175.679354775489,-39.2080216006166],[175.679385780442,-39.2080715403407],[175.679414942727,-39.208133438719],[175.6794289008,-39.2081703085699],[175.679436782815,-39.2081911272237],[175.679455038929,-39.2082361161912],[175.679469730266,-39.2082840457699],[175.679485155417,-39.2083475873332],[175.679483100028,-39.2083576986354],[175.679468330553,-39.2083681016666],[175.679433126395,-39.2083850020647],[175.679393289399,-39.2084009361033],[175.679336448501,-39.2084169029153],[175.679306699512,-39.2084322479906],[175.679297114076,-39.208446055125],[175.679296491578,-39.2084635794154],[175.679312252637,-39.2084913428908],[175.679359565589,-39.2085269631029],[175.679385557587,-39.2085659334769],[175.679393420262,-39.2086115184183],[175.67939160626,-39.2086477116295],[175.679390981041,-39.2086601999309],[175.679382653107,-39.2086990070347],[175.679389816455,-39.2087369810206],[175.679419078219,-39.2087813581279],[175.679464395616,-39.2088128521377],[175.679534724399,-39.2088373343947],[175.679560859543,-39.2088478157603],[175.679594593929,-39.2089010304415],[175.679616421098,-39.208953557022],[175.679624499888,-39.2089729990539],[175.679614700456,-39.2090284986495],[175.67961425279,-39.2090293639111],[175.679582100278,-39.2090914987528],[175.679560800484,-39.2091148989907],[175.679552100419,-39.2091391993112],[175.679548100111,-39.2091826987209],[175.679609010668,-39.2092126166399]]},"properties":{"TechObjectName":"Waihohonu Hut To Oturere Hut Track (Tnc)","ObjectType":"Track Visitor"}},{"type":"Feature","geometry":{"type":"LineString","coordinates":[[175.679609010668,-39.2092126166399],[175.679701000239,-39.209257799371],[175.679705900332,-39.2092723992343],[175.67970584774,-39.2092726301753],[175.679672399985,-39.2094193987024],[175.679584399769,-39.2094761991978],[175.679569600554,-39.2094765992949],[175.679364599734,-39.2094982987899],[175.679307300523,-39.209555498787],[175.679215899923,-39.2096524990064],[175.679187499572,-39.2096679986034],[175.679054999706,-39.2097219993738],[175.679032400194,-39.2097467988007],[175.678956899489,-39.209762899351],[175.678916900483,-39.2097914991614],[175.678922343416,-39.2098162983083],[175.678919953227,-39.209816723582],[175.678832399493,-39.209832298707],[175.678672299987,-39.2098551989067],[175.678541600083,-39.2098741990192],[175.67838000044,-39.2099008991113],[175.67821349995,-39.2099314991259],[175.678124500483,-39.2099385988465],[175.678014700262,-39.2099079994042],[175.677953693758,-39.2098799738552],[175.677875600049,-39.2098440989585],[175.67777559957,-39.2097791989843],[175.677661199919,-39.2097197985998],[175.677634199504,-39.2097051988593],[175.677544500327,-39.2096570987352],[175.677456299908,-39.2096228992501],[175.677405300499,-39.2095896990926],[175.677320800369,-39.2095203989718],[175.677291699815,-39.2094987987768],[175.677168200014,-39.2094314990411],[175.67704320036,-39.2093960986312],[175.676912300561,-39.2093420994583],[175.676765000528,-39.2092714987919],[175.676739752957,-39.2092567576341],[175.676734488808,-39.2092549327191],[175.676656151174,-39.2091957444956],[175.676609258364,-39.2091872874822],[175.676569495402,-39.2091729466858],[175.676507258581,-39.2091476801882],[175.67642334176,-39.2091324472516],[175.676397838487,-39.2091063370823],[175.676286911051,-39.2090898177994],[175.67627430476,-39.209080573336],[175.676227267348,-39.2090683059643],[175.676216964552,-39.209055195014],[175.676164740149,-39.2090354189019],[175.676135207792,-39.2090322842563],[175.676073621356,-39.2090241656955],[175.676043582447,-39.2090076930739],[175.676003386701,-39.2089819205472],[175.675966072166,-39.2089675232605],[175.67593603334,-39.2089510515094],[175.675874448115,-39.2089429319132],[175.675837351842,-39.2089342503089],[175.675763375184,-39.2089226019427],[175.675730743537,-39.2089023762047],[175.675659216279,-39.2088906714744],[175.675639190846,-39.2088796902437],[175.67555476807,-39.2088511196047],[175.675510252629,-39.2088407011919],[175.675475171739,-39.2088205316696],[175.675430222276,-39.2087986817171],[175.675338814507,-39.2087798066142],[175.675252448985,-39.2087646290961],[175.675225149074,-39.208755721273],[175.675111411404,-39.208729731166],[175.675064085101,-39.2087098429006],[175.674999833826,-39.2086960633561],[175.674928596199,-39.2086919794733],[175.674864344998,-39.2086782007525],[175.674795629074,-39.2086759660622],[175.674739014059,-39.2086696388783],[175.674667414871,-39.2086560288714],[175.674613248069,-39.2086496453785],[175.674558793183,-39.2086356414223],[175.674529044056,-39.2086267897021],[175.674525327891,-39.2086244975895],[175.674524650817,-39.2086240798093],[175.674481356373,-39.2085973743268],[175.674416597966,-39.2085702583082],[175.674367185319,-39.2085599519551],[175.674330089408,-39.2085512698564],[175.674285285061,-39.2085332296487],[175.674237814501,-39.2085095308275],[175.67420467614,-39.2084759675915],[175.674169017311,-39.2084405550275],[175.674140994612,-39.2084125950057],[175.67407313758,-39.2083683877381],[175.674033014018,-39.2083445191708],[175.673992239767,-39.2083035033047],[175.673952983878,-39.208302497753],[175.673903860687,-39.2082998125095],[175.673834422145,-39.2082785243977],[175.673785588134,-39.2082834595197],[175.673708920601,-39.2082791473395],[175.673650098498,-39.2082629225213],[175.673564386352,-39.2082675639457],[175.67349581655,-39.2082691386547],[175.67340506048,-39.2082674092812],[175.673299321571,-39.2082583959306],[175.673228301271,-39.2082600267526],[175.673127750147,-39.2082585211794],[175.673019706511,-39.2082533749241],[175.672956034206,-39.2082548368647],[175.672884942763,-39.2082545618952],[175.672823212727,-39.2082426304652],[175.672783667813,-39.2082340040948],[175.672727342362,-39.208235297236],[175.67268110101,-39.2082439868021],[175.672623193387,-39.208268199195],[175.672582210824,-39.208286302269],[175.672528334659,-39.2082875390862],[175.672459619078,-39.2082853021002],[175.672419712893,-39.2082671496244],[175.67237282112,-39.2082586908635],[175.672339042001,-39.2082728149667],[175.672317796247,-39.2082942784216],[175.672276741351,-39.2083104767349],[175.672213357949,-39.2083195586972],[175.672135280838,-39.2083289787926],[175.672028320813,-39.208352409569],[175.671905800061,-39.208353315304],[175.671819436819,-39.2083381351664],[175.671762172087,-39.2083146592002],[175.671714557965,-39.2082871481996],[175.671676523358,-39.2082536965924],[175.671616737188,-39.208228372103],[175.671525612592,-39.2081873855814],[175.671478866155,-39.208147631093],[175.671409572867,-39.2081301517185],[175.671318166873,-39.2081112733878],[175.671273146834,-39.2080875162086],[175.671223157113,-39.208061966727],[175.671134778363,-39.2080582738128],[175.671033720786,-39.2080434302363],[175.670935618085,-39.2080418665865],[175.670871512561,-39.2080318958292],[175.67077326549,-39.2080265227244],[175.670657947608,-39.2080234474622],[175.670588800184,-39.208009777779],[175.670521594374,-39.2079827157065],[175.670417438992,-39.2079507804109],[175.67034303202,-39.2079276969462],[175.67025342606,-39.2078916142409],[175.670211144634,-39.207875421792],[175.670139474771,-39.2078599033791],[175.670045982204,-39.2078506061749],[175.669954721254,-39.2078355369674],[175.669895513524,-39.2078254533404],[175.669828525858,-39.2078041066061],[175.669725163893,-39.207793128262],[175.669640101016,-39.2078122411572],[175.66958384795,-39.2078154383278],[175.669509584556,-39.2077961645636],[175.669457940266,-39.2077916280276],[175.669416236506,-39.2077906779696],[175.66934773793,-39.2077941549088],[175.669242938294,-39.2078099065249],[175.66917443972,-39.2078133842632],[175.6691103346,-39.2078034125194],[175.669085483934,-39.2077944470855],[175.669026348516,-39.2077862685723],[175.668962965095,-39.207795349663],[175.668926808267,-39.2078114336066],[175.668906876859,-39.2078209986925],[175.668728013566,-39.20782519543],[175.668701432597,-39.2078146929941],[175.668637399696,-39.2078066265497],[175.668613198514,-39.2078148092736],[175.668562347927,-39.2078312299244],[175.66848167707,-39.207836892586],[175.668436874591,-39.2078188509569],[175.66836481413,-39.2078168891129],[175.668336034238,-39.2078097207933],[175.668284173545,-39.2077994679458],[175.668259178696,-39.2077866921061],[175.668207750894,-39.207787870801],[175.668145805494,-39.207770221058],[175.668091640987,-39.2077638353577],[175.668047560022,-39.2077648456051],[175.667986408187,-39.2077681533708],[175.667947296865,-39.2077709569063],[175.667890683007,-39.2077646263428],[175.667838461741,-39.2077448472757],[175.667788905073,-39.2077307278738],[175.667734378783,-39.2077148151131],[175.667704775094,-39.2077097727312],[175.667646072607,-39.207713024191],[175.667605018031,-39.2077292208561],[175.667563745863,-39.2077397008419],[175.667527011723,-39.207740542549],[175.667479833462,-39.2077244613003],[175.667420985554,-39.2077239024456],[175.667391958879,-39.2077341026971],[175.667338082907,-39.2077353370996],[175.667283268216,-39.2077118027667],[175.667239042997,-39.207709001578],[175.667138851935,-39.2077170177469],[175.666989826612,-39.2077299670036],[175.666736764203,-39.2077458478963],[175.666734554596,-39.2077456291399],[175.666718426472,-39.2077476256133],[175.66666195578,-39.2077451056047],[175.666620107803,-39.2077403434113],[175.666576387289,-39.2077508791287],[175.666513003508,-39.2077599588946],[175.666440327035,-39.2077825992843],[175.666364122077,-39.2077767166881],[175.666336389877,-39.2077563760576],[175.666289211849,-39.2077402943172],[175.666252188137,-39.2077335142849],[175.666222800797,-39.2077341873206],[175.66615653511,-39.2077318913915],[175.666133773712,-39.2077133431891],[175.666086785651,-39.2076999543267],[175.665998415838,-39.2076984086555],[175.665707012089,-39.2076933129533],[175.665190586205,-39.207615983108],[175.664898272307,-39.2075870565271],[175.66457394925,-39.2075231156877],[175.664280703768,-39.2074703609843],[175.663986086955,-39.2073818727463],[175.663676607424,-39.2073056473061],[175.663381070573,-39.2071933306784],[175.663131002596,-39.2070680244571],[175.662866554911,-39.2069669025933],[175.662588164437,-39.2069018712875],[175.662250836352,-39.2068978415138],[175.661946425779,-39.2069526629702],[175.661657800092,-39.2070190390396],[175.661603350094,-39.2070331479454],[175.661572799645,-39.2070606582709],[175.661524719764,-39.2070855936465],[175.661464395603,-39.2071108098213],[175.661410373994,-39.2071406485815],[175.661361935378,-39.2071560577982],[175.661270550036,-39.2071700649414],[175.661218958899,-39.2071831623652],[175.6611829444,-39.2072030551021],[175.661149181767,-39.2072014430674],[175.661111638249,-39.2071808479582],[175.66105338588,-39.2071797956804],[175.66099243191,-39.2071883403188],[175.660926824895,-39.2072010174289],[175.660917161508,-39.2072234321321],[175.660921212124,-39.2072495595335],[175.660881866324,-39.2072623769238],[175.660862689921,-39.2072413628329],[175.66084261421,-39.2071965322066],[175.660799578712,-39.2071927482091],[175.660784721524,-39.2072050058676],[175.660777247215,-39.2072504661683],[175.660718181565,-39.2073090236765],[175.660669293053,-39.2073125247966],[175.660647235151,-39.2072963432209],[175.660627789021,-39.2072681838587],[175.660591810488,-39.2072562492657],[175.660426960623,-39.2072713968122],[175.660329774687,-39.2072463904815],[175.660198593499,-39.2072613061666],[175.660161859388,-39.2072621455428],[175.660075517508,-39.207247432721],[175.659909674622,-39.2072369200775],[175.659863396834,-39.2072284431146],[175.659799111573,-39.2072299118427],[175.65972924408,-39.2072458099621],[175.659665588032,-39.2072639499348],[175.659628439045,-39.2073028556235],[175.659576916054,-39.2073156219349],[175.659533503672,-39.2073360930824],[175.65945526085,-39.2073736356609],[175.659379450147,-39.2073944369363],[175.659322006471,-39.2074148177109],[175.659200546922,-39.2074438121012],[175.65910987967,-39.2074768706452],[175.659056306109,-39.2075186170872],[175.659013988277,-39.2075338855319],[175.658953394308,-39.2075519551808],[175.658886316897,-39.2075606376762],[175.658827159506,-39.2076168125377],[175.658776826757,-39.2076632515358],[175.658746676381,-39.2076944042711],[175.658598812931,-39.2077761905757],[175.658344014776,-39.2079252306678],[175.658316904071,-39.2079360083458],[175.658296468142,-39.2079245046314],[175.658214353966,-39.2079406814899],[175.658183742248,-39.2079413804508],[175.658111081771,-39.2079644927789],[175.658087669761,-39.2079936311212],[175.658016536417,-39.2080572304135],[175.657950266912,-39.2080873472245],[175.657868153612,-39.2081035238211],[175.657766054883,-39.2080772509263],[175.657655222272,-39.2080630954199],[175.657526471497,-39.2080612669308],[175.657437425793,-39.2080561490757],[175.65730885466,-39.2080590838443],[175.657229262611,-39.2080609005436],[175.657094209379,-39.2080544478276],[175.656953393725,-39.2080576616668],[175.656882626706,-39.2080497424207],[175.65676234067,-39.2080286513046],[175.656651418488,-39.2080121130815],[175.656497549139,-39.207994170949],[175.656384283914,-39.2079967554351],[175.65631387495,-39.2079983619713],[175.656203581366,-39.2079984955783],[175.6561169699,-39.2079766345673],[175.656006047917,-39.2079600957208],[175.655932128733,-39.2079498640072],[175.655824268269,-39.2079332560426],[175.655736938899,-39.20789234162],[175.655655821079,-39.2078536701389],[175.655631637196,-39.2078431190194],[175.654689608503,-39.2075515006747],[175.654350441179,-39.2074998022018],[175.654056742841,-39.2074351075203],[175.653792295229,-39.2073339657751],[175.653726779045,-39.2073090599102],[175.653704558562,-39.2072950996396],[175.65363208852,-39.2072419276927],[175.653564844491,-39.2071647994669],[175.653448531229,-39.2070864067008],[175.653339684934,-39.2070435979571],[175.653277653797,-39.207023558388],[175.653166285498,-39.2069951088672],[175.653049063551,-39.2069739440411],[175.652874218124,-39.2069683931951],[175.652720116867,-39.2069614324702],[175.652643114004,-39.2069434400208],[175.652350808627,-39.2069144824879],[175.652043648751,-39.2068977951281],[175.651737394905,-39.2069049351527],[175.651446466035,-39.2069117172394],[175.651124898461,-39.2069192125265],[175.650834427951,-39.2069379061626],[175.650545321325,-39.2069923412817],[175.649805658146,-39.2070870795662],[175.649514716495,-39.207093857118],[175.649223327988,-39.2070887196886],[175.648915251106,-39.2070481969829],[175.648590932952,-39.2069842022126],[175.648281482636,-39.2069079447993],[175.647988708928,-39.2068670634006],[175.647681551137,-39.2068503734577],[175.647389705498,-39.2068333173873],[175.647082993961,-39.2068285311287],[175.646776750745,-39.2068356578401],[175.646470497008,-39.2068427839843],[175.646164711385,-39.2068618231106],[175.645844070852,-39.2068931306737],[175.645553587585,-39.2069118033062],[175.644309515882,-39.2070420869937],[175.644016755226,-39.20700120338],[175.643738382974,-39.2069361272032],[175.643446994725,-39.2069309752709],[175.643156967968,-39.2069615649989],[175.642853467788,-39.2070401639109],[175.642532825313,-39.2070714542987],[175.64224096804,-39.2070543945672],[175.641950037455,-39.2070611529348],[175.641644696449,-39.207092085529],[175.641354679532,-39.2071226696506],[175.641066021609,-39.2071889955348],[175.640776917433,-39.2072433973827],[175.64044792478,-39.2072570019051],[175.640140765643,-39.2072402839521],[175.639869246278,-39.2073538970573],[175.6396612647,-39.2075256577909],[175.639374441509,-39.2076396338662],[175.639070922955,-39.207718215282],[175.638781358571,-39.207760707204],[175.638508465316,-39.2078385758865],[175.638219357662,-39.2078929805078],[175.637946463207,-39.2079708479092],[175.637673580024,-39.2080487234296],[175.637417823622,-39.2081738900746],[175.637177848168,-39.2083106150259],[175.636907688378,-39.2084599629295],[175.636683469625,-39.2086082454203],[175.636427721272,-39.2087334187469],[175.636172872354,-39.2088824101313],[175.635933336511,-39.209031046144],[175.63570911385,-39.2091793268761],[175.635043428823,-39.2096061136933],[175.634850742957,-39.2097775107587],[175.634626514453,-39.2099257895722],[175.634370291256,-39.2100390447448],[175.634130291775,-39.210175763151],[175.633857850875,-39.210265534363],[175.63358585461,-39.2103672202326],[175.633299466244,-39.2104930952242],[175.633027923854,-39.2106066930846],[175.63272348536,-39.2106614381348],[175.632451941331,-39.2107750347017],[175.632180863448,-39.2109005436509],[175.631925086532,-39.2110256988522],[175.631653096221,-39.2111273882264],[175.631381093156,-39.2112290673498],[175.631141083599,-39.2113657799005],[175.630885315757,-39.2114909317396],[175.629597625753,-39.2120870903236],[175.629309857445,-39.2121772053188],[175.629021623323,-39.2122554155853],[175.628702314834,-39.2123224086623],[175.62841181533,-39.2123410472133],[175.62810553542,-39.2123481258375],[175.627783953106,-39.2123555562721],[175.627477671786,-39.2123626323738],[175.627186263433,-39.2123574403673],[175.626893946137,-39.2123284282348],[175.626600252276,-39.2122636658425],[175.626321420811,-39.2121866429544],[175.626027286234,-39.2121099645836],[175.625603665662,-39.212054165543],[175.625313155593,-39.2120727965833],[175.625008704852,-39.2121275218277],[175.624736234457,-39.2122172725139],[175.624447097578,-39.2122716429232],[175.624157948645,-39.2123260128895],[175.623868810462,-39.2123803728894],[175.62357784427,-39.2123870854284],[175.623270212782,-39.2123584173928],[175.62299184938,-39.2122932922884],[175.622726519458,-39.212168252361],[175.622491366542,-39.2120305913509],[175.622256213411,-39.2118929307576],[175.621991806549,-39.2117917163557],[175.621711165298,-39.2116670270126],[175.621446759715,-39.2115658032119],[175.621196750026,-39.2114404066337],[175.620916112701,-39.2113157161451],[175.620417743285,-39.2113093184095],[175.620111477445,-39.211316375606],[175.619821887406,-39.2113588112299],[175.61951697089,-39.2114016090149],[175.619226472613,-39.2114202245627],[175.618903975291,-39.2114038029261],[175.618625166274,-39.2113267618234],[175.618332843732,-39.2112977200721],[175.618054488818,-39.2112325918497],[175.61778871891,-39.2110956177947],[175.617521603188,-39.2109229188642],[175.617301324816,-39.2107729810448],[175.617066186738,-39.210635309424],[175.616814829065,-39.2104741619427],[175.616536025456,-39.2103971066194],[175.616243708855,-39.2103680684311],[175.615951856416,-39.210350933646],[175.615007141879,-39.2102951593124],[175.614713932292,-39.2102422802463],[175.614418901913,-39.2101417532968],[175.614110831073,-39.2101011381242],[175.613815802105,-39.2100006104945],[175.613537003615,-39.2099235568067],[175.613243784917,-39.209870674203],[175.612979397686,-39.2097694403949],[175.612700138016,-39.2096804624305],[175.612405124195,-39.2095799299298],[175.61212496095,-39.2094671317702],[175.61189231447,-39.2093930079877],[175.611843340729,-39.209338714941],[175.611812680191,-39.2093050779903],[175.61176780177,-39.2092846322469],[175.611706392453,-39.2092645564303],[175.611633908092,-39.2092432992756],[175.611568506287,-39.2092147326473],[175.61153270675,-39.2091912218503],[175.611443214983,-39.2091574738293],[175.611378311934,-39.2091167696077],[175.611337228143,-39.2090754698183],[175.611302469497,-39.2090304830466],[175.611262361017,-39.2089899064086],[175.611217112244,-39.2089594569015],[175.611167819169,-39.2089190862317],[175.611159253953,-39.20888638418],[175.611138254028,-39.2088654017217],[175.611088078005,-39.2088507953276],[175.611022570842,-39.2088193694451],[175.610975378984,-39.2087861030183],[175.610952542937,-39.2087651626048],[175.610900106003,-39.2087391643286],[175.610826352833,-39.2086836103028],[175.610758692029,-39.2086436513616],[175.61071187104,-39.2086203883616],[175.610661905858,-39.2086114969533],[175.610609839755,-39.2085955020818],[175.61055005585,-39.2085696692923],[175.61049458086,-39.2085609013595],[175.610439211793,-39.2085549923272],[175.610411447269,-39.2085498940685],[175.610376018995,-39.2085363855342],[175.610327573711,-39.208518879599],[175.610299650382,-39.2085094938215],[175.61026715471,-39.2084758975926],[175.610215671083,-39.2084756221403],[175.610164840293,-39.2084929710202],[175.610096195018,-39.2084926027941],[175.610046859738,-39.2084841744815],[175.609963309416,-39.2084784195292],[175.609918660191,-39.2084641644046],[175.609831884187,-39.2084375056928],[175.609783342682,-39.2084379073485],[175.609655142815,-39.2083970597487],[175.609360590003,-39.2083084335546],[175.609082243446,-39.2082432752907],[175.608744008468,-39.2082152633615],[175.608404418566,-39.2081515172141],[175.608096360268,-39.2081108865682],[175.607742350435,-39.2080713177181],[175.607433841491,-39.2080187708999],[175.607124430571,-39.2079423962537],[175.606784831631,-39.2078786455421],[175.606476324112,-39.207826096131],[175.606166013184,-39.207725899961],[175.605930005306,-39.2075643776508],[175.605708859397,-39.2073905895991],[175.605372644194,-39.2072134806716],[175.605093415368,-39.2071244933929],[175.604828588145,-39.2070113269922],[175.604578623901,-39.2068858948501],[175.604297142537,-39.2067373352766],[175.60403231765,-39.2066241579629],[175.603753092717,-39.206535167324],[175.603473856888,-39.2064461762488],[175.603195083479,-39.2063690887559],[175.602915850108,-39.2062800962676],[175.602620413014,-39.206167625313],[175.602355593134,-39.2060544530121],[175.60207591018,-39.2059535359018],[175.601781827713,-39.2058768051497],[175.601488184157,-39.2058119784441],[175.601193652688,-39.205723332605],[175.600913972883,-39.205622420698],[175.600620342682,-39.2055575923789],[175.599883777759,-39.2053300039024],[175.599604562736,-39.2052410029417],[175.599354163791,-39.2051036454416],[175.599193395628,-39.204904616949],[175.599138009027,-39.2046554907287],[175.599022731323,-39.2044434975588],[175.598937169536,-39.2042069846676],[175.59883720561,-39.2039946413308],[175.598736332776,-39.2037584790431],[175.598666534872,-39.2035335295607],[175.598566572817,-39.2033211859098],[175.598512089335,-39.2030958872929],[175.598412128432,-39.2028835434584],[175.598342332608,-39.2026585945874],[175.598257224891,-39.2024339864728],[175.598055976254,-39.2019120900916],[175.597964178108,-39.201791783258],[175.597906295123,-39.2015928461703],[175.597910475101,-39.2014568829882],[175.597881470744,-39.2013764846295],[175.597861348638,-39.2013292607212],[175.597833441688,-39.2012786338724],[175.597733293732,-39.2012212763896],[175.597670360331,-39.2011761986526],[175.597647610561,-39.2010992364171],[175.597669729483,-39.2010343841407],[175.597662937727,-39.2009332294097],[175.597598507037,-39.2008059475683],[175.597524285035,-39.2007039133966],[175.597497250966,-39.2006353900948],[175.597482330219,-39.2005630208035],[175.597472675278,-39.2005291347056],[175.597391126585,-39.2003969633649],[175.597214612013,-39.2001863675815],[175.597053411198,-39.1999754218176],[175.596862487441,-39.199789012159],[175.596850729771,-39.1997797219832],[175.596775215284,-39.1997468894176],[175.596720331686,-39.1997123588132],[175.59664992396,-39.1996722148434],[175.596599236277,-39.199626863384],[175.596535170405,-39.1995925365709],[175.59646152508,-39.1995476970343],[175.596417224348,-39.1995093545369],[175.59637576436,-39.1994649891079],[175.596325252467,-39.1994244012563],[175.596303172124,-39.1993899182387],[175.59630050962,-39.1993885820905],[175.596245038464,-39.1992843604112],[175.596167578993,-39.1991359164931],[175.596056965525,-39.1989190834974],[175.596020404888,-39.1988829520825],[175.595982357535,-39.1988480448165],[175.595919159936,-39.1987541071295],[175.595883910749,-39.1987119868626],[175.595837738253,-39.1986843869558],[175.595832005321,-39.1986738425089],[175.595752391882,-39.1986009017201],[175.595731459151,-39.1985652136979],[175.59570403727,-39.1985276856209],[175.595667257756,-39.1984855994014],[175.595623088539,-39.1984508293915],[175.59558823432,-39.198419426544],[175.59555364324,-39.1983951693],[175.595520626573,-39.1983720679604],[175.59547020367,-39.1983338615598],[175.595422843117,-39.1982955868719],[175.595376924298,-39.1982548952979],[175.595341631845,-39.1982115839081],[175.595315828609,-39.1981764043807],[175.595272751865,-39.1981296907449],[175.595236367398,-39.1980983218966],[175.595162550283,-39.1980487185768],[175.595084618863,-39.1979976203956],[175.595038609405,-39.197952694589],[175.594720089384,-39.197811357366],[175.594566426749,-39.1977438011346],[175.594495601286,-39.1976749483792],[175.594394137784,-39.1975899662592],[175.594280135454,-39.1975388739615],[175.594182506748,-39.1975081540515],[175.59392703238,-39.1973836967033]]},"properties":{"TechObjectName":"Waihohonu To Tama Saddle Tk","ObjectType":"Track Visitor"}},{"type":"Feature","geometry":{"type":"LineString","coordinates":[[175.565701578621,-39.1978210981256],[175.56573203719,-39.1978538123876],[175.565761838451,-39.1979149111443],[175.565775820704,-39.1979410324574],[175.565783677332,-39.1979547614435],[175.565806294314,-39.1979697994299],[175.565852221965,-39.197990049067],[175.565910116648,-39.198021482969],[175.565949981688,-39.1980484068627],[175.56597130084,-39.1980855532009],[175.565980969133,-39.198097966542],[175.565986898928,-39.1981294699138],[175.565998632681,-39.1981561930161],[175.566008800259,-39.1981727161658],[175.56603211043,-39.198188949668],[175.566053233454,-39.198210813477],[175.566087804834,-39.1982407549549],[175.566161420037,-39.1982921661425],[175.566176163865,-39.1983030063072],[175.566209989632,-39.1983124952465],[175.566252044561,-39.198318081093],[175.566289624841,-39.1983321387138],[175.566354436929,-39.1983716489362],[175.566419487133,-39.1984176657324],[175.566461227057,-39.1984474490847],[175.566530953953,-39.1984905716758],[175.566567852802,-39.1985171697347],[175.566593401239,-39.1985462477673],[175.566619256606,-39.1985837867874],[175.566620566055,-39.1986197506289],[175.566643856742,-39.1986615805085],[175.566684859203,-39.19870407942],[175.566716229295,-39.1987436149128],[175.566751022812,-39.1987650781237],[175.566795525809,-39.1987916201864],[175.566839950683,-39.1988160476899],[175.566869693033,-39.1988482080461],[175.566875614996,-39.1988643796592],[175.566879112479,-39.1988886931935],[175.566892303303,-39.1989161795881],[175.566914743798,-39.1989346546524],[175.566937259447,-39.1989551614344],[175.566946193691,-39.1989728774795],[175.566956752606,-39.1989873873633],[175.566959795826,-39.1990250436423],[175.566960773985,-39.1990519046645],[175.566964555807,-39.1990639621008],[175.56697629197,-39.199080180301],[175.566996474704,-39.1990988141366],[175.567027411145,-39.1991219803532],[175.567044856473,-39.1991419745624],[175.567059660245,-39.1991659297999],[175.56707029383,-39.1991977816594],[175.567084856707,-39.1992304144716],[175.567105066802,-39.1992650903869],[175.567119109042,-39.1992834262437],[175.56714649809,-39.1993010335772],[175.56717617852,-39.1993203246548],[175.567197680607,-39.199344565526],[175.567212279341,-39.1993628881997],[175.567217711847,-39.1993896519037],[175.567215255389,-39.1994139876925],[175.567225299905,-39.199444985838],[175.567240629878,-39.1994680618607],[175.567255958737,-39.1994911388066],[175.567279510235,-39.1995257410121],[175.567303922279,-39.199553387145],[175.567317690983,-39.1995795327857],[175.567325265609,-39.1996015914871],[175.567348159775,-39.1996275539239],[175.567392613636,-39.1996628663953],[175.567416836391,-39.1996853129569],[175.567446303593,-39.1997293245318],[175.56746926608,-39.1997630729982],[175.567492863969,-39.1997989750639],[175.567503344203,-39.1998113181118],[175.567533409008,-39.1998258311414],[175.567557631865,-39.1998482776698],[175.567579736933,-39.1998738060981],[175.567596501035,-39.1998903466954],[175.567601456173,-39.1999192894214],[175.567610177499,-39.1999598556599],[175.567637102142,-39.199995250086],[175.567674878385,-39.2000226014155],[175.567710347447,-39.2000478350971],[175.567724468906,-39.200068336744],[175.567737014413,-39.2000914741036],[175.567770206147,-39.2001306339741],[175.567801138056,-39.2001689760868],[175.567836457012,-39.2002206622751],[175.567875784304,-39.2002752961514],[175.567903171022,-39.2003080793618],[175.567935584297,-39.200341185045],[175.567953109135,-39.2003633458712],[175.567981248369,-39.2004321015513],[175.567986605494,-39.2004532892726],[175.568003445981,-39.20048444196],[175.568043398002,-39.20051658402],[175.56807823201,-39.2005396630739],[175.568096939406,-39.2005483560542],[175.568115894207,-39.2005791575775],[175.568170361909,-39.2006516686055],[175.568230245447,-39.2007045479999],[175.568292383796,-39.2007734203206],[175.568311401889,-39.2008059546858],[175.568331648592,-39.2008263202363],[175.568359675155,-39.2008460817234],[175.568377856567,-39.2008556529455],[175.568420854706,-39.2008733498797],[175.568471276306,-39.2009112618622],[175.568508929881,-39.2009811075408],[175.568535933184,-39.2010186685253],[175.568562353533,-39.2010401996682],[175.568581790128,-39.2010536459552],[175.568612763456,-39.2010625024916],[175.568651302384,-39.2010954728231],[175.568675462893,-39.2011161862089],[175.568718390317,-39.2011625014346],[175.568745839779,-39.2011970173222],[175.568766781505,-39.201236447157],[175.568783726792,-39.2012885384097],[175.568831428381,-39.201328244512],[175.568857621714,-39.2013588861983],[175.568883113757,-39.2014008165714],[175.56890186386,-39.2014259854125],[175.568911246213,-39.2014387858917],[175.56892540635,-39.201468972326],[175.568983309143,-39.201539777389],[175.569049548182,-39.2016096083722],[175.569095844145,-39.2016718927148],[175.569132618243,-39.2017023008622],[175.569180778281,-39.2017545708455],[175.569195378051,-39.2017728932299],[175.56920436312,-39.2017900394819],[175.569210546383,-39.2018068133162],[175.569219203148,-39.2018608225694],[175.569236835572,-39.201901192022],[175.569262884556,-39.2019431100139],[175.569272263295,-39.2019710865472],[175.56928234189,-39.2020029513241],[175.569296487138,-39.202054670937],[175.569318096476,-39.2020971202292],[175.569323325878,-39.202118251236],[175.569324703646,-39.2021407681685],[175.569329047176,-39.2021987753805],[175.569362943156,-39.2022266442031],[175.569407323896,-39.2022516815767],[175.569425647975,-39.2022651522663],[175.569442313453,-39.2022942689039],[175.569456435891,-39.2023147703017],[175.569482666308,-39.2023311016983],[175.569493862898,-39.2023477648749],[175.569502270971,-39.2023796664966],[175.56952028644,-39.2024152570729],[175.569539326204,-39.2024330480787],[175.569582083809,-39.2024594212329],[175.56962376003,-39.2024866858238],[175.569647984491,-39.2025091318552],[175.569672840816,-39.2025489084547],[175.569697886708,-39.2025938836796],[175.569733564323,-39.2026247491679],[175.569770879896,-39.2026547109061],[175.569806557574,-39.2026855763696],[175.5698383216,-39.2027160948624],[175.569863134297,-39.2027393945482],[175.569890163227,-39.2027470368658],[175.569944796967,-39.2027475652094],[175.569976533062,-39.2027620406908],[175.570015935009,-39.2027880544084],[175.570037632342,-39.2028023181232],[175.570084403568,-39.2028164616882],[175.570129662077,-39.2028349738554],[175.570181203746,-39.2028576843327],[175.570231074753,-39.2028804316677],[175.570284733097,-39.2029000601709],[175.570330133923,-39.2029224719032],[175.570372240823,-39.2029462581669],[175.570415177497,-39.202962220523],[175.570476024366,-39.2029955653052],[175.570537426649,-39.2030288977922],[175.57058193583,-39.2030573995102],[175.570627063641,-39.2030876227241],[175.570650956783,-39.2031009702539],[175.570706287262,-39.203120561639],[175.570759546241,-39.2031445339644],[175.570795638869,-39.2031714871665],[175.570833225028,-39.2032088148077],[175.570870237727,-39.2032457208554],[175.570901256285,-39.2032710517935],[175.570942266312,-39.2032952945073],[175.570996892606,-39.2033261754147],[175.571047048676,-39.2033567207672],[175.571080326159,-39.2033828684578],[175.571104504005,-39.203404015176],[175.571144360576,-39.2034577686],[175.571193653321,-39.2035104460347],[175.571238509666,-39.2035484796685],[175.571252731005,-39.20355640361],[175.571290099624,-39.203572489504],[175.571321674996,-39.2035978080284],[175.571394496746,-39.2036538685152],[175.571430479227,-39.2036777887458],[175.571492218916,-39.2037050428628],[175.57151172119,-39.2037202214607],[175.571520754515,-39.2037386673826],[175.571527444366,-39.2037693049604],[175.571534108182,-39.2037839004309],[175.571562677512,-39.2038032148829],[175.571592838546,-39.2038203265574],[175.571618115061,-39.2038410146538],[175.571643817276,-39.2038734007962],[175.571677888903,-39.2039060354093],[175.571694701221,-39.2039238752482],[175.571714906743,-39.203927764165],[175.571734700117,-39.2039203898721],[175.571764524145,-39.2038824411163],[175.571794854074,-39.2038583571465],[175.571837355287,-39.2038318357962],[175.571868625428,-39.2038029606677],[175.571896475078,-39.2037719934768],[175.571923265421,-39.2037119986164],[175.571957149674,-39.2036189841854],[175.571971144929,-39.2035440491208],[175.571995801537,-39.2035224292157],[175.572034896554,-39.2034915487131],[175.57204431881,-39.2034798448248],[175.572065770389,-39.2034378592411],[175.572094324086,-39.2033880517285],[175.572131236372,-39.2033648835405],[175.572190318004,-39.2033418643169],[175.572242908149,-39.2033209047372],[175.572295781725,-39.2032852493729],[175.572352565331,-39.2032667512039],[175.572400349951,-39.2032490905871],[175.572457156793,-39.2032312306063],[175.572490462724,-39.2031992012588],[175.572532319925,-39.2031765624389],[175.572560769877,-39.2031689084459],[175.572604052951,-39.203162842949],[175.572623598262,-39.2031585785586],[175.572668670658,-39.2031116005675],[175.572719107389,-39.2030766376121],[175.572740716441,-39.2030614706141],[175.57277249299,-39.2030550205655],[175.572816433224,-39.2030444701045],[175.572864893131,-39.2030453154872],[175.572874502704,-39.2030387165102],[175.572899816102,-39.2030126115385],[175.572933564313,-39.2029927058813],[175.572956319757,-39.2029864551394],[175.573013708634,-39.202984548129],[175.573043682595,-39.2029736674791],[175.57308293879,-39.2029472543335],[175.573107218311,-39.202937776119],[175.573156829493,-39.2029251839435],[175.573214316394,-39.2029034769551],[175.573264095476,-39.2028729986659],[175.573319335922,-39.2028347364236],[175.573365973478,-39.2028081591382],[175.573426390786,-39.2027768077963],[175.573452054531,-39.2027602744432],[175.573477978182,-39.2027284070903],[175.573515393335,-39.2026515811832],[175.573547128944,-39.2026215016046],[175.573568952186,-39.2025897257686],[175.573591175133,-39.2025464453565],[175.573604633354,-39.2025103831533],[175.573639154845,-39.2024891835983],[175.573666434574,-39.2024719757257],[175.57369104483,-39.2024490789881],[175.573710337142,-39.2024154428168],[175.573742234516,-39.2023898299742],[175.573773923333,-39.202358474766],[175.573813775537,-39.2022809552381],[175.573820294876,-39.2022571817939],[175.57385409845,-39.2021938467114],[175.5738803946,-39.2021721901694],[175.573905847131,-39.2021499135193],[175.573933313092,-39.2021378105847],[175.574040353661,-39.2021469398837],[175.574067489843,-39.2021482553006],[175.574094815952,-39.2021323238082],[175.574102788145,-39.2021034082109],[175.574097783551,-39.2020562593066],[175.574098613071,-39.2020115355242],[175.574097517716,-39.2019815428948],[175.574083578496,-39.2019594983517],[175.574084944029,-39.201929451315],[175.574101872993,-39.2018760696172],[175.574105839248,-39.2018497975942],[175.574115456606,-39.2017984929006],[175.574127903095,-39.2017796966117],[175.574141640589,-39.2017512922979],[175.574141812928,-39.2017110534076],[175.574143765702,-39.2016746076663],[175.574163267353,-39.2016467146613],[175.574193104171,-39.2016096524191],[175.57421825457,-39.201579079505],[175.574236348654,-39.2015576042298],[175.574250062755,-39.2015285616683],[175.574270734199,-39.2015102222622],[175.574300944962,-39.2014833699578],[175.574311307943,-39.2014524852275],[175.574308735117,-39.2014269965316],[175.574266100834,-39.2013608810217],[175.574259081559,-39.2013035575308],[175.574259934303,-39.2012594719827],[175.574265101644,-39.2011986861837],[175.574275209419,-39.2011607826258],[175.574311327409,-39.2011159173503],[175.574332679176,-39.2010937312791],[175.574370457554,-39.2010718198479],[175.574416035704,-39.2010612325798],[175.574469345825,-39.2010474003875],[175.574508736131,-39.2010134800442],[175.574580845489,-39.2009651836432],[175.574657059039,-39.2009107575747],[175.574689422121,-39.2008685050011],[175.574708725375,-39.2008285989235],[175.574734871264,-39.2008070653379],[175.574772951444,-39.2007962446349],[175.574847277563,-39.2007946009329],[175.574949687019,-39.200789342341],[175.575008416348,-39.2007820559594],[175.575041843544,-39.2007843104208],[175.575095520402,-39.2007791312766],[175.57515941144,-39.2007727288754],[175.575176035111,-39.2007713629772],[175.575246661202,-39.2007737928325],[175.575287778658,-39.200775877126],[175.575326040872,-39.2007700415104],[175.575354894896,-39.2007524389604],[175.575375878815,-39.2007300211933],[175.575390273379,-39.2007027598835],[175.575422316155,-39.200667125145],[175.57546226655,-39.2006373020912],[175.575510860025,-39.2005983074645],[175.575572165242,-39.2005211119055],[175.575661109596,-39.2004632629611],[175.575727460241,-39.2004188852257],[175.575765357871,-39.2004030789458],[175.575836434042,-39.2003476207013],[175.575891361366,-39.2003064893534],[175.575944236169,-39.2002793748546],[175.575988948159,-39.2002394676882],[175.576037831424,-39.2002084494839],[175.576075286233,-39.2002156038327],[175.576289977636,-39.2002647401866],[175.576567928778,-39.2003603736276],[175.576673890332,-39.2003470518685],[175.576818654314,-39.2003777766848],[175.576883936,-39.2003743354183],[175.576954824065,-39.2003488173208],[175.577174027828,-39.200345960991],[175.577228589815,-39.2002948594224],[175.577268757957,-39.2002710184485],[175.577446657332,-39.2002960197063],[175.577661470545,-39.2002782908765],[175.577715266368,-39.2002062497569],[175.577746390489,-39.200180614215],[175.577772905436,-39.200134123523],[175.577838526303,-39.200069804488],[175.577915934613,-39.2000122083557],[175.577964900896,-39.1999133311564],[175.577981461334,-39.199840118829],[175.577958451979,-39.1997019218241],[175.577961072192,-39.1995631573332],[175.577960456693,-39.1995112806973],[175.577926644588,-39.1993932809395],[175.577930399727,-39.1992504993393],[175.577947735882,-39.199128373325],[175.577972129785,-39.1990589786225],[175.577977813086,-39.1990039687612],[175.577954721131,-39.198933629932],[175.578005218255,-39.1988766304976],[175.578031924887,-39.1987652728906],[175.578063752211,-39.1986887287457],[175.578138934404,-39.1985703111282],[175.578185003235,-39.1984974435748],[175.578220466824,-39.1983449785495],[175.578294627313,-39.198198643235],[175.57827296737,-39.1980973378714],[175.578271435691,-39.1980554601037],[175.578369683237,-39.1979365315755],[175.578409932288,-39.1978448329569],[175.578468888279,-39.1977736745388],[175.57847076325,-39.1977197472063],[175.578504928013,-39.1976720896183],[175.578520721603,-39.1975779387936],[175.578549183027,-39.1974795154448],[175.578549123793,-39.1973727424518],[175.578561687602,-39.197330553422],[175.578607838799,-39.1971898266024],[175.578655088144,-39.1970440861492],[175.578679741356,-39.1969467453261],[175.578712697893,-39.1969011099741],[175.578716254565,-39.1968581221945],[175.578792164467,-39.196759645217],[175.578862796958,-39.1966922208638],[175.578923032245,-39.1966210338849],[175.578958842807,-39.1965833192005],[175.57902621027,-39.1965668582263],[175.579101994766,-39.1965701697445],[175.579165731683,-39.1965947025789],[175.579249237427,-39.1966337662368],[175.579362501693,-39.1967150795937],[175.579431907302,-39.1967893814336],[175.579527601972,-39.1968461373902],[175.579629184317,-39.1969586441641],[175.579735783659,-39.197068045028],[175.57981459368,-39.1971890392309],[175.579843405079,-39.1972053651629],[175.579880557289,-39.1972743938566],[175.579946119693,-39.1973487814292],[175.580176128452,-39.1975362768494],[175.580283394299,-39.1975937730553],[175.580343361158,-39.1976203843114],[175.580386600237,-39.1976104456814],[175.58042303532,-39.1975547541814],[175.580565212039,-39.1974448288338],[175.580756530344,-39.1972410112759],[175.580758180291,-39.1972160273438],[175.580694887717,-39.1971336077795],[175.580650188964,-39.1971036636364],[175.580632658117,-39.1970451771071],[175.580639324763,-39.1970170882289],[175.580693078646,-39.1969440484715],[175.580747857592,-39.1968640011403],[175.58075379844,-39.196781045228],[175.580725943458,-39.1967207911088],[175.580729430158,-39.1966408824466],[175.580709596689,-39.1965545058437],[175.580718541189,-39.1964485315277],[175.580707276701,-39.1963509881869],[175.580735915981,-39.1962575496764],[175.580756799078,-39.1961273615894],[175.580795776201,-39.1960444842368],[175.580848607481,-39.1959686575925],[175.580915018025,-39.1958994895248],[175.580976013717,-39.1958617339921],[175.581026559334,-39.1958076061316],[175.581067498187,-39.1957600769284],[175.581103607814,-39.1957375624895],[175.581160946102,-39.1957120224249],[175.581201298274,-39.1956708937012],[175.58122292906,-39.1956340107113],[175.581255124411,-39.195616692117],[175.581287320902,-39.1955993734886],[175.581322049405,-39.1955615622574],[175.581332875859,-39.1955434398827],[175.58135375401,-39.1955308425263],[175.581373645968,-39.1955361493831],[175.581391688365,-39.1955357493753],[175.581443286041,-39.1955103364458],[175.581476888069,-39.1954866008858],[175.58149368848,-39.1954747326651],[175.581801648472,-39.1953899892356],[175.581826109969,-39.1953856143117],[175.581852727197,-39.1953952423214],[175.581892487764,-39.1954052185277],[175.581911420422,-39.1954067140531],[175.581934288274,-39.1954036528503],[175.581968148292,-39.1953869358987],[175.58200662341,-39.19536181372],[175.582026660008,-39.1953262434409],[175.582059535004,-39.1953050779444],[175.58209585442,-39.1952883064161],[175.582166476619,-39.1952669416327],[175.582204857123,-39.1952616200943],[175.582246680912,-39.1952606925413],[175.582278898229,-39.195266364645],[175.582295579464,-39.1952736588076],[175.582315776412,-39.195287260712],[175.582329131213,-39.1952933511409],[175.58235638053,-39.195297855902],[175.582442442013,-39.1952946696284],[175.582510811825,-39.1953014560728],[175.582549706573,-39.1953101728531],[175.582628056006,-39.1953429221972],[175.582653829725,-39.1953519299806],[175.582735367402,-39.1953597008132],[175.582803925477,-39.1953715920218],[175.582853527495,-39.1953813486872],[175.582914327675,-39.1954055455059],[175.582943591592,-39.1954202245655],[175.582981500677,-39.1954468454138],[175.583039935012,-39.1954736496569],[175.583083843536,-39.1954848091336],[175.583159665643,-39.1954933461189],[175.583235720405,-39.1955082636088],[175.583323490856,-39.1955293077285],[175.58337590443,-39.1955485812631],[175.58342475659,-39.1955602705751],[175.58346032395,-39.195567783372],[175.583506904312,-39.1955622794619],[175.583589990353,-39.1955674612286],[175.583736267987,-39.1955725172909],[175.583845901897,-39.1955630590199],[175.583873971609,-39.1955675452168],[175.58396169395,-39.1956096660226],[175.584024018173,-39.1956306355734],[175.584069450423,-39.1956385680008],[175.584117037717,-39.1956605033167],[175.584206447857,-39.1956815103728],[175.584286956442,-39.1956835550867],[175.584343259752,-39.1956969939819],[175.584427375291,-39.1957302528646],[175.584522385332,-39.1957696564709],[175.584562403725,-39.1957866495986],[175.584645605907,-39.1957950217867],[175.584717795273,-39.1958164098193],[175.58483232467,-39.1958509094933],[175.584918900066,-39.1958841125047],[175.584964002568,-39.1959054638812],[175.585003459507,-39.195929495587],[175.585034060282,-39.195935841562],[175.585084483174,-39.1959455790417],[175.585127455075,-39.1959535656771],[175.58517914282,-39.1959754095098],[175.585259111165,-39.1960074823588],[175.585315836129,-39.1960324071406],[175.585364149526,-39.1960517717095],[175.585399622555,-39.1960790836953],[175.585452762574,-39.1961181387441],[175.585498100577,-39.1961458712939],[175.585552296044,-39.1961689367739],[175.585606069073,-39.1961805149833],[175.585648689088,-39.1962012833664],[175.585699229254,-39.1962142108281],[175.585762373839,-39.1962798666099],[175.585801221045,-39.196328833697],[175.585850377036,-39.1963743483355],[175.585888194056,-39.196398415253],[175.585916521697,-39.1964099205873],[175.585958416279,-39.1964109063737],[175.586013478879,-39.1964128762806],[175.58607395532,-39.1964057851972],[175.586120559384,-39.1964009184612],[175.586173772002,-39.196397181521],[175.586217541123,-39.1964045121903],[175.58626407408,-39.1964200834174],[175.586313443448,-39.196445809841],[175.586425863132,-39.1965122869476],[175.586488751882,-39.1965485699465],[175.586564010822,-39.1965864943594],[175.586607779323,-39.196616176686],[175.586657195065,-39.1966655321255],[175.586700166141,-39.1967182235757],[175.586748409419,-39.1967580255541],[175.586813243426,-39.1968025680206],[175.58687945857,-39.1968624070921],[175.586954835123,-39.1969035214865],[175.587049941737,-39.196945474945],[175.587168034777,-39.1969875563097],[175.587268202898,-39.1970108769351],[175.587357640621,-39.1970101660812],[175.58741989772,-39.1969845145418],[175.587507857774,-39.1969883076689],[175.587583846229,-39.1969789548131],[175.587614307131,-39.1969814716023],[175.587744232764,-39.1970328688716],[175.587820664808,-39.1970579931603],[175.587873760346,-39.1970734178724],[175.587956097196,-39.1970805284976],[175.588048955312,-39.1970835735919],[175.588133214036,-39.1970759527981],[175.588229657864,-39.1970648682199],[175.588297701933,-39.197040364173],[175.588336809496,-39.1970101167522],[175.588368581716,-39.197003663478],[175.588432338104,-39.1969964982492],[175.588488526151,-39.1969843921354],[175.588556641476,-39.1969618017068],[175.588630472529,-39.1969607989961],[175.58867768721,-39.1969501697982],[175.588728439365,-39.1969464863899],[175.588782049481,-39.1969312445979],[175.588831864259,-39.1969020364475],[175.588919825382,-39.1968834757982],[175.588961860816,-39.1968659362876],[175.589023507859,-39.1968683971038],[175.589042346115,-39.196867339457],[175.589083537843,-39.1968491799129],[175.589125574434,-39.1968539930017],[175.589193289939,-39.1968429077124],[175.589236661149,-39.1968393891201],[175.589278579376,-39.1968410110305],[175.589341491832,-39.1968332253223],[175.589409489717,-39.1968297977393],[175.589457827945,-39.1968274452008],[175.589476830253,-39.1968308541916],[175.589485237444,-39.1968344546735],[175.589507688867,-39.1968381464161],[175.589543065923,-39.1968351802855],[175.589545053738,-39.196835585633],[175.589551318582,-39.1968335967124],[175.589580283486,-39.1968314461682],[175.58959499049,-39.1968327488277],[175.589624963139,-39.1968416103053],[175.589651252768,-39.1968646548638],[175.589688157316,-39.1968861867176],[175.589719040185,-39.1969001892856],[175.589758005767,-39.1969108183092],[175.589800534432,-39.1969066785949],[175.589836453276,-39.1969014092889],[175.589888681964,-39.1969155748568],[175.589971020278,-39.1969450376033],[175.590034612615,-39.1969557565705],[175.590094105034,-39.1969665676088],[175.590164187733,-39.1969752267707],[175.590231529586,-39.1969762836557],[175.590296901546,-39.1969684427143],[175.590407145581,-39.1969532168103],[175.590519051834,-39.1969162407927],[175.590608440698,-39.1968918992469],[175.590693520195,-39.1968842583403],[175.59077135777,-39.1968582574415],[175.590883336128,-39.1968294273747],[175.590938955274,-39.1968041261842],[175.591071480138,-39.196827336112],[175.591178758486,-39.1968496545681],[175.591226373617,-39.1968747539434],[175.591281267742,-39.1969200367299],[175.591315204739,-39.1969654282504],[175.591366930944,-39.1970052237371],[175.591378232359,-39.1970428603104],[175.591409665503,-39.1970596006794],[175.591534327027,-39.1970975177918],[175.591585870537,-39.1971223854309],[175.591589551935,-39.1971264350982],[175.59163748038,-39.197154473328],[175.591675533467,-39.1971625679125],[175.591731604575,-39.1971696217585],[175.591817340009,-39.1971798477449],[175.59184878554,-39.1971868118576],[175.59187406714,-39.1971824165641],[175.591927628781,-39.197143544232],[175.591966313412,-39.1971241619833],[175.592022828374,-39.1970986358261],[175.592055607139,-39.1970749146712],[175.592078452666,-39.1970712132183],[175.59213857792,-39.1970768991107],[175.59216662519,-39.1970807450401],[175.592204910738,-39.1970728682102],[175.592258778297,-39.1970422908748],[175.592308287666,-39.197027138764],[175.592345588654,-39.197014812554],[175.59238047702,-39.1970038166503],[175.592420029754,-39.1970080459978],[175.59244882682,-39.1970099589124],[175.592500889488,-39.1969973039708],[175.592520666434,-39.1969994186128],[175.592531984102,-39.197017048024],[175.592544990359,-39.1970359182371],[175.592580020697,-39.1970511042875],[175.592646355794,-39.1970694257553],[175.59268968112,-39.1970869811646],[175.592752655891,-39.1971038755686],[175.592863632087,-39.1971271380595],[175.592954752462,-39.19715621391],[175.593035710332,-39.1971976820092],[175.593093533539,-39.1972096818538],[175.593195046572,-39.1972553398798],[175.593275975625,-39.1972985670412],[175.593346223723,-39.1973288876608],[175.593428769659,-39.1973596622531],[175.593582885367,-39.1974211125113],[175.593635578118,-39.197442416627],[175.593702258264,-39.1974577946082],[175.593736489627,-39.1974502463306],[175.593779023207,-39.1974440987069],[175.593827182913,-39.197428171498],[175.593887340508,-39.1973953289225],[175.59392703238,-39.1973836967033]]},"properties":{"TechObjectName":"Tama Lakes Track","ObjectType":"Track Visitor"}}]}