{"type": "FeatureCollection", "features": [{"type": "Feature", "properties": {"building": true, "osm_id": 14789852}, "geometry": {"type": "Polygon", "coordinates": [[[121.439457, 31.2220084], [121.4404852, 31.2221927], [121.4405589, 31.2218921], [121.4399801, 31.2217884], [121.4400193, 31.2216288], [121.4399625, 31.2216186], [121.4399776, 31.2215569], [121.4397539, 31.2215168], [121.439743, 31.221561], [121.4396936, 31.2215522], [121.4396843, 31.2215904], [121.439643, 31.221583], [121.4396334, 31.2216221], [121.4395845, 31.2216133], [121.439574, 31.2216561], [121.4395446, 31.2216509], [121.439457, 31.2220084]]]}}, {"type": "Feature", "properties": {"building": true, "osm_id": 156158695}, "geometry": {"type": "Polygon", "coordinates": [[[121.432091, 31.2349302], [121.4322582, 31.2346912], [121.4320795, 31.2345948], [121.4320576, 31.2345817], [121.4320204, 31.2345697], [121.4319357, 31.2346909], [121.4318533, 31.2348087], [121.432091, 31.2349302]]]}}, {"type": "Feature", "properties": {"building": true, "osm_id": 156158696}, "geometry": {"type": "Polygon", "coordinates": [[[121.4317848, 31.2348984], [121.4317348, 31.2349739], [121.4316039, 31.2349099], [121.4316544, 31.2348353], [121.4317848, 31.2348984]]]}}, {"type": "Feature", "properties": {"building": true, "osm_id": 160197892}, "geometry": {"type": "Polygon", "coordinates": [[[121.4314935, 31.2347375], [121.4315672, 31.2347719], [121.431665, 31.2348195], [121.4316544, 31.2348353], [121.4316039, 31.2349099], [121.4314361, 31.234827], [121.4314935, 31.2347375]]]}}, {"type": "Feature", "properties": {"building": true, "osm_id": 160197893}, "geometry": {"type": "Polygon", "coordinates": [[[121.4318176, 31.2348782], [121.4320426, 31.234978], [121.4319746, 31.235077], [121.4317348, 31.2349739], [121.4317848, 31.2348984], [121.4318176, 31.2348782]]]}}, {"type": "Feature", "properties": {"building": true, "osm_id": 160197894}, "geometry": {"type": "Polygon", "coordinates": [[[121.4321045, 31.234488], [121.4321786, 31.2345324], [121.4322639, 31.234587], [121.4323166, 31.234524], [121.4321576, 31.2344269], [121.4321045, 31.234488]]]}}, {"type": "Feature", "properties": {"building": true, "osm_id": 160197895}, "geometry": {"type": "Polygon", "coordinates": [[[121.432111, 31.2345563], [121.4321432, 31.2345756], [121.4321786, 31.2345324], [121.4321045, 31.234488], [121.4320671, 31.2345336], [121.4320871, 31.2345456], [121.4320576, 31.2345817], [121.4320795, 31.2345948], [121.432111, 31.2345563]]]}}, {"type": "Feature", "properties": {"building": true, "osm_id": 160197896}, "geometry": {"type": "Polygon", "coordinates": [[[121.4321837, 31.2349743], [121.432354, 31.2350615], [121.4322378, 31.2351907], [121.4320947, 31.2351022], [121.4321452, 31.2350296], [121.4321837, 31.2349743]]]}}, {"type": "Feature", "properties": {"building": true, "osm_id": 160197897}, "geometry": {"type": "Polygon", "coordinates": [[[121.4316674, 31.2347131], [121.4318533, 31.2348087], [121.4319357, 31.2346909], [121.4317567, 31.2346019], [121.4317254, 31.234634], [121.4316674, 31.2347131]]]}}, {"type": "Feature", "properties": {"building": true, "osm_id": 160197898}, "geometry": {"type": "Polygon", "coordinates": [[[121.4321452, 31.2350296], [121.4320947, 31.2351022], [121.4320764, 31.2351281], [121.4319746, 31.235077], [121.4320426, 31.234978], [121.4321452, 31.2350296]]]}}, {"type": "Feature", "properties": {"building": true, "osm_id": 160197899}, "geometry": {"type": "Polygon", "coordinates": [[[121.4324208, 31.2345977], [121.4326348, 31.2347233], [121.432596, 31.2347717], [121.432563, 31.2347523], [121.4325413, 31.2347793], [121.4324793, 31.2347429], [121.432459, 31.2347682], [121.4323968, 31.2347317], [121.4323715, 31.2347633], [121.4323147, 31.23473], [121.4324208, 31.2345977]]]}}, {"type": "Feature", "properties": {"building": true, "osm_id": 160197900}, "geometry": {"type": "Polygon", "coordinates": [[[121.4316102, 31.2345723], [121.4317254, 31.234634], [121.4316674, 31.2347131], [121.4316292, 31.2347652], [121.4315881, 31.2347391], [121.4315145, 31.2347047], [121.4316102, 31.2345723]]]}}, {"type": "Feature", "properties": {"building": true, "osm_id": 160198215}, "geometry": {"type": "Polygon", "coordinates": [[[121.4314935, 31.2347375], [121.4315145, 31.2347047], [121.4315881, 31.2347391], [121.4315672, 31.2347719], [121.4314935, 31.2347375]]]}}, {"type": "Feature", "properties": {"building": true, "osm_id": 160198216}, "geometry": {"type": "Polygon", "coordinates": [[[121.4324822, 31.2349191], [121.432354, 31.2350615], [121.4322378, 31.2351907], [121.4323734, 31.23528], [121.4326179, 31.2350083], [121.4324822, 31.2349191]]]}}, {"type": "Feature", "properties": {"building": true, "osm_id": 185830584}, "geometry": {"type": "Polygon", "coordinates": [[[121.4403432, 31.2232253], [121.4405779, 31.2236311], [121.4403528, 31.2237299], [121.4402758, 31.2237674], [121.4401284, 31.2238303], [121.4398781, 31.2234249], [121.4403432, 31.2232253]]]}}, {"type": "Feature", "properties": {"building": true, "osm_id": 206349164}, "geometry": {"type": "Polygon", "coordinates": [[[121.4393346, 31.2257508], [121.439643, 31.225564], [121.4396686, 31.2255444], [121.4396833, 31.2255172], [121.4396955, 31.2254921], [121.4397053, 31.2254524], [121.4397004, 31.2254231], [121.4396882, 31.225398], [121.4396661, 31.225375], [121.4396441, 31.2253499], [121.439252, 31.2251668], [121.4391646, 31.2252556], [121.439477, 31.2254035], [121.439194, 31.2255759], [121.4393346, 31.2257508]]]}}, {"type": "Feature", "properties": {"building": true, "osm_id": 255637043}, "geometry": {"type": "Polygon", "coordinates": [[[121.4384451, 31.2245607], [121.4390575, 31.2248297], [121.4394339, 31.2245174], [121.4396755, 31.2241763], [121.4389114, 31.2237824], [121.4384451, 31.2245607]]]}}, {"type": "Feature", "properties": {"building": true, "osm_id": 317490255}, "geometry": {"type": "Polygon", "coordinates": [[[121.4399723, 31.2272746], [121.440063, 31.2272925], [121.4401538, 31.2272656], [121.4402096, 31.2272328], [121.4402305, 31.227188], [121.4402131, 31.2271522], [121.4402969, 31.2270388], [121.4403562, 31.2270478], [121.4404854, 31.2268687], [121.439871, 31.2265612], [121.4397454, 31.2267702], [121.4397105, 31.2267612], [121.4396686, 31.2268358], [121.439707, 31.2268985], [121.439693, 31.2269314], [121.4397942, 31.2269761], [121.4398152, 31.2269493], [121.4399443, 31.2269672], [121.4400106, 31.2268806], [121.4401956, 31.2269612], [121.4401258, 31.2270478], [121.4400421, 31.2270358], [121.4399653, 31.2270358], [121.4399164, 31.2270895], [121.439885, 31.2271642], [121.4399059, 31.2272298], [121.4399723, 31.2272746]]]}}, {"type": "Feature", "properties": {"building": true, "osm_id": 317490256}, "geometry": {"type": "Polygon", "coordinates": [[[121.4397529, 31.2275594], [121.4398895, 31.2273661], [121.4398542, 31.2273399], [121.4398824, 31.2272976], [121.4397906, 31.2271406], [121.4396352, 31.2269996], [121.4394257, 31.2273017], [121.4397529, 31.2275594]]]}}, {"type": "Feature", "properties": {"building": true, "osm_id": 317490257}, "geometry": {"type": "Polygon", "coordinates": [[[121.4389851, 31.2279147], [121.4390835, 31.2279562], [121.4391707, 31.2278041], [121.4390677, 31.2277617], [121.4389851, 31.2279147]]]}}, {"type": "Feature", "properties": {"building": true, "osm_id": 317490258}, "geometry": {"type": "Polygon", "coordinates": [[[121.4390835, 31.2279562], [121.4391813, 31.2279972], [121.4392685, 31.2278452], [121.4391707, 31.2278041], [121.4390835, 31.2279562]]]}}, {"type": "Feature", "properties": {"building": true, "osm_id": 317490259}, "geometry": {"type": "Polygon", "coordinates": [[[121.4391813, 31.2279972], [121.4392856, 31.2280418], [121.4393765, 31.2278903], [121.4392685, 31.2278452], [121.4391813, 31.2279972]]]}}, {"type": "Feature", "properties": {"building": true, "osm_id": 317490260}, "geometry": {"type": "Polygon", "coordinates": [[[121.4392856, 31.2280418], [121.4393834, 31.2280814], [121.4394736, 31.2279382], [121.4393765, 31.2278903], [121.4392856, 31.2280418]]]}}, {"type": "Feature", "properties": {"building": true, "osm_id": 317629023}, "geometry": {"type": "Polygon", "coordinates": [[[121.4393834, 31.2280814], [121.4394814, 31.2281225], [121.4395662, 31.2279812], [121.4394736, 31.2279382], [121.4393834, 31.2280814]]]}}, {"type": "Feature", "properties": {"building": true, "osm_id": 317629024}, "geometry": {"type": "Polygon", "coordinates": [[[121.4394814, 31.2281225], [121.4395722, 31.2281629], [121.4396591, 31.228025], [121.4395662, 31.2279812], [121.4394814, 31.2281225]]]}}, {"type": "Feature", "properties": {"building": true, "osm_id": 317629025}, "geometry": {"type": "Polygon", "coordinates": [[[121.4395722, 31.2281629], [121.4396704, 31.2282081], [121.4397573, 31.2280703], [121.4396591, 31.228025], [121.4395722, 31.2281629]]]}}, {"type": "Feature", "properties": {"building": true, "osm_id": 317629026}, "geometry": {"type": "Polygon", "coordinates": [[[121.4383475, 31.2278689], [121.4386853, 31.2279902], [121.4385007, 31.2283253], [121.4385544, 31.2283463], [121.438478, 31.2285037], [121.4385284, 31.2285206], [121.4384955, 31.2285899], [121.4384363, 31.2285674], [121.4383487, 31.2285862], [121.4382786, 31.2286555], [121.4382282, 31.2287285], [121.4380311, 31.228648], [121.4379631, 31.2285918], [121.4379478, 31.2285375], [121.4379741, 31.2284681], [121.4380513, 31.2283189], [121.4380731, 31.2283226], [121.4380971, 31.2282722], [121.4381343, 31.2282796], [121.4381496, 31.2282665], [121.4383475, 31.2278689]]]}}, {"type": "Feature", "properties": {"building": true, "osm_id": 317629027}, "geometry": {"type": "Polygon", "coordinates": [[[121.4387585, 31.2282811], [121.4388568, 31.2283231], [121.4389419, 31.2281777], [121.4388436, 31.2281356], [121.4387585, 31.2282811]]]}}, {"type": "Feature", "properties": {"building": true, "osm_id": 317629028}, "geometry": {"type": "Polygon", "coordinates": [[[121.4388568, 31.2283231], [121.4389496, 31.2283633], [121.4390372, 31.2282182], [121.4389419, 31.2281777], [121.4388568, 31.2283231]]]}}, {"type": "Feature", "properties": {"building": true, "osm_id": 317629029}, "geometry": {"type": "Polygon", "coordinates": [[[121.4389496, 31.2283633], [121.4390466, 31.2284063], [121.4391331, 31.2282601], [121.4390372, 31.2282182], [121.4389496, 31.2283633]]]}}, {"type": "Feature", "properties": {"building": true, "osm_id": 317629030}, "geometry": {"type": "Polygon", "coordinates": [[[121.4390466, 31.2284063], [121.4391489, 31.2284506], [121.4392343, 31.2283036], [121.4391331, 31.2282601], [121.4390466, 31.2284063]]]}}, {"type": "Feature", "properties": {"building": true, "osm_id": 317629031}, "geometry": {"type": "Polygon", "coordinates": [[[121.4391489, 31.2284506], [121.4392461, 31.2284931], [121.4393332, 31.2283443], [121.4392343, 31.2283036], [121.4391489, 31.2284506]]]}}, {"type": "Feature", "properties": {"building": true, "osm_id": 317629032}, "geometry": {"type": "Polygon", "coordinates": [[[121.4392461, 31.2284931], [121.4393391, 31.228535], [121.4394253, 31.228383], [121.4393332, 31.2283443], [121.4392461, 31.2284931]]]}}, {"type": "Feature", "properties": {"building": true, "osm_id": 317629033}, "geometry": {"type": "Polygon", "coordinates": [[[121.4393391, 31.228535], [121.4394531, 31.2285823], [121.4395393, 31.2284302], [121.4394253, 31.228383], [121.4393391, 31.228535]]]}}, {"type": "Feature", "properties": {"building": true, "osm_id": 317629037}, "geometry": {"type": "Polygon", "coordinates": [[[121.4392159, 31.2277618], [121.439251, 31.2277032], [121.4393094, 31.2277261], [121.4393528, 31.2276333], [121.4388336, 31.2272578], [121.4387001, 31.2273906], [121.4392159, 31.2277618]]]}}, {"type": "Feature", "properties": {"building": true, "osm_id": 317629038}, "geometry": {"type": "Polygon", "coordinates": [[[121.4395832, 31.2283499], [121.4396483, 31.2282486], [121.439448, 31.2281643], [121.4393879, 31.2282657], [121.4395832, 31.2283499]]]}}, {"type": "Feature", "properties": {"building": true, "osm_id": 317629039}, "geometry": {"type": "Polygon", "coordinates": [[[121.4393879, 31.2282657], [121.4393044, 31.22823], [121.4393645, 31.2281272], [121.439448, 31.2281643], [121.4393879, 31.2282657]]]}}, {"type": "Feature", "properties": {"building": true, "osm_id": 317629040}, "geometry": {"type": "Polygon", "coordinates": [[[121.4393645, 31.2281272], [121.4392977, 31.2280987], [121.439236, 31.2282], [121.4393044, 31.22823], [121.4393645, 31.2281272]]]}}, {"type": "Feature", "properties": {"building": true, "osm_id": 317629041}, "geometry": {"type": "Polygon", "coordinates": [[[121.439236, 31.2282], [121.4391224, 31.2281444], [121.4391809, 31.2280544], [121.4392977, 31.2280987], [121.439236, 31.2282]]]}}, {"type": "Feature", "properties": {"building": true, "osm_id": 317629042}, "geometry": {"type": "Polygon", "coordinates": [[[121.4391809, 31.2280544], [121.4391208, 31.2280273], [121.4390817, 31.228091], [121.4390657, 31.2281172], [121.4391224, 31.2281444], [121.4391809, 31.2280544]]]}}, {"type": "Feature", "properties": {"building": true, "osm_id": 317629043}, "geometry": {"type": "Polygon", "coordinates": [[[121.4391208, 31.2280273], [121.4390559, 31.2280006], [121.4390211, 31.2280644], [121.4390817, 31.228091], [121.4391208, 31.2280273]]]}}, {"type": "Feature", "properties": {"building": true, "osm_id": 317629044}, "geometry": {"type": "Polygon", "coordinates": [[[121.4389127, 31.2284072], [121.4388568, 31.228504], [121.4386635, 31.2284225], [121.4387194, 31.2283256], [121.4389127, 31.2284072]]]}}, {"type": "Feature", "properties": {"building": true, "osm_id": 317629045}, "geometry": {"type": "Polygon", "coordinates": [[[121.4395393, 31.2284302], [121.4395832, 31.2283499], [121.4393879, 31.2282657], [121.4393332, 31.2283443], [121.4395393, 31.2284302]]]}}, {"type": "Feature", "properties": {"building": true, "osm_id": 317629046}, "geometry": {"type": "Polygon", "coordinates": [[[121.4387538, 31.2287295], [121.4388347, 31.2287639], [121.4388996, 31.2286522], [121.4388187, 31.2286178], [121.4387538, 31.2287295]]]}}, {"type": "Feature", "properties": {"building": true, "osm_id": 317629047}, "geometry": {"type": "Polygon", "coordinates": [[[121.4388347, 31.2287639], [121.4389094, 31.2287956], [121.4389743, 31.2286839], [121.4388996, 31.2286522], [121.4388347, 31.2287639]]]}}, {"type": "Feature", "properties": {"building": true, "osm_id": 317629048}, "geometry": {"type": "Polygon", "coordinates": [[[121.4389094, 31.2287956], [121.4389797, 31.2288255], [121.4390446, 31.2287138], [121.4389743, 31.2286839], [121.4389094, 31.2287956]]]}}, {"type": "Feature", "properties": {"building": true, "osm_id": 317629049}, "geometry": {"type": "Polygon", "coordinates": [[[121.4389797, 31.2288255], [121.4390534, 31.2288568], [121.4391183, 31.2287451], [121.4390446, 31.2287138], [121.4389797, 31.2288255]]]}}, {"type": "Feature", "properties": {"building": true, "osm_id": 317629050}, "geometry": {"type": "Polygon", "coordinates": [[[121.4390534, 31.2288568], [121.4391266, 31.2288879], [121.4391915, 31.2287762], [121.4391183, 31.2287451], [121.4390534, 31.2288568]]]}}, {"type": "Feature", "properties": {"building": true, "osm_id": 317629051}, "geometry": {"type": "Polygon", "coordinates": [[[121.4389243, 31.2284091], [121.4390237, 31.2284547], [121.43897, 31.2285404], [121.4389396, 31.2285264], [121.4389209, 31.2285562], [121.438852, 31.2285246], [121.4389243, 31.2284091]]]}}, {"type": "Feature", "properties": {"building": true, "osm_id": 317629052}, "geometry": {"type": "Polygon", "coordinates": [[[121.43897, 31.2285404], [121.4389213, 31.2286183], [121.4392058, 31.2287485], [121.439268, 31.2286492], [121.4393082, 31.2285849], [121.4390237, 31.2284547], [121.43897, 31.2285404]]]}}, {"type": "Feature", "properties": {"building": true, "osm_id": 317629053}, "geometry": {"type": "Polygon", "coordinates": [[[121.4393082, 31.2285849], [121.4393916, 31.2286231], [121.4393513, 31.2286874], [121.439268, 31.2286492], [121.4393082, 31.2285849]]]}}, {"type": "Feature", "properties": {"building": true, "osm_id": 317629054}, "geometry": {"type": "Polygon", "coordinates": [[[121.4393513, 31.2286874], [121.4392891, 31.2287867], [121.4392058, 31.2287485], [121.439268, 31.2286492], [121.4393513, 31.2286874]]]}}, {"type": "Feature", "properties": {"building": true, "osm_id": 317629055}, "geometry": {"type": "Polygon", "coordinates": [[[121.4388506, 31.2291429], [121.4389861, 31.2292107], [121.4387547, 31.2295373], [121.4387018, 31.2295161], [121.4386621, 31.2295189], [121.438629, 31.22955], [121.4385695, 31.2294991], [121.438548, 31.2295133], [121.4383479, 31.2293479], [121.4384703, 31.2292447], [121.438634, 31.2293677], [121.438634, 31.2293832], [121.4386885, 31.2293846], [121.4388506, 31.2291429]]]}}, {"type": "Feature", "properties": {"building": true, "osm_id": 317629056}, "geometry": {"type": "Polygon", "coordinates": [[[121.4389828, 31.2291655], [121.4390109, 31.229181], [121.4391779, 31.2289987], [121.4387762, 31.228805], [121.4386207, 31.2290807], [121.4388125, 31.2291556], [121.4388406, 31.2291047], [121.4389828, 31.2291655]]]}}, {"type": "Feature", "properties": {"building": true, "osm_id": 432056913}, "geometry": {"type": "Polygon", "coordinates": [[[121.4304897, 31.2329012], [121.4306176, 31.2329767], [121.4306374, 31.2329508], [121.4307416, 31.2330139], [121.4307152, 31.2330455], [121.4307956, 31.2330974], [121.4308167, 31.2330726], [121.4309262, 31.2331414], [121.4309948, 31.2330557], [121.4308866, 31.232988], [121.4309011, 31.2329711], [121.4308062, 31.2329147], [121.4307877, 31.2329384], [121.4305345, 31.2327861], [121.4304765, 31.2328561], [121.4305108, 31.2328741], [121.4304897, 31.2329012]]]}}, {"type": "Feature", "properties": {"building": true, "osm_id": 432056914}, "geometry": {"type": "Polygon", "coordinates": [[[121.4309262, 31.2331414], [121.4310816, 31.2332263], [121.4311514, 31.233137], [121.4311213, 31.2331221], [121.4311331, 31.2331045], [121.4310458, 31.2330579], [121.4310299, 31.2330763], [121.4309948, 31.2330557], [121.4309262, 31.2331414]]]}}, {"type": "Feature", "properties": {"building": true, "osm_id": 432056915}, "geometry": {"type": "Polygon", "coordinates": [[[121.4310794, 31.232803], [121.4314616, 31.2327548], [121.4314396, 31.2326624], [121.4313018, 31.2326771], [121.4312955, 31.2326517], [121.4311687, 31.2326637], [121.431175, 31.2326932], [121.4310544, 31.2327106], [121.4310794, 31.232803]]]}}, {"type": "Feature", "properties": {"building": true, "osm_id": 432059623}, "geometry": {"type": "Polygon", "coordinates": [[[121.4293118, 31.2349501], [121.4294144, 31.2350141], [121.4294033, 31.2350307], [121.4294366, 31.235045], [121.4292952, 31.2352133], [121.4291621, 31.2351303], [121.4293118, 31.2349501]]]}}, {"type": "Feature", "properties": {"building": true, "osm_id": 432059624}, "geometry": {"type": "Polygon", "coordinates": [[[121.4286277, 31.2347903], [121.4286388, 31.2349017], [121.4286749, 31.2349017], [121.4286721, 31.234859], [121.428722, 31.234859], [121.4287248, 31.2348946], [121.4288246, 31.2348922], [121.428819, 31.2348424], [121.4291767, 31.2348353], [121.4291629, 31.2347144], [121.4290714, 31.2347239], [121.4290714, 31.2346954], [121.4289494, 31.2346978], [121.4289521, 31.2347405], [121.4287747, 31.2347547], [121.4287719, 31.2347808], [121.4286277, 31.2347903]]]}}, {"type": "Feature", "properties": {"building": true, "osm_id": 432060846}, "geometry": {"type": "Polygon", "coordinates": [[[121.4280661, 31.2348268], [121.4280896, 31.2349247], [121.4284364, 31.2348671], [121.4284095, 31.2347606], [121.4280661, 31.2348268]]]}}, {"type": "Feature", "properties": {"building": true, "osm_id": 432060847}, "geometry": {"type": "Polygon", "coordinates": [[[121.4283523, 31.2343489], [121.4283859, 31.2344526], [121.4287361, 31.2343863], [121.4287024, 31.2342856], [121.4283523, 31.2343489]]]}}, {"type": "Feature", "properties": {"building": true, "osm_id": 432060848}, "geometry": {"type": "Polygon", "coordinates": [[[121.4277496, 31.234084], [121.4278169, 31.2342136], [121.428056, 31.2341071], [121.4283287, 31.2340898], [121.4282883, 31.2339689], [121.4280239, 31.2339886], [121.4277496, 31.234084]]]}}, {"type": "Feature", "properties": {"building": true, "osm_id": 440328862}, "geometry": {"type": "Polygon", "coordinates": [[[121.4331802, 31.2284587], [121.4333264, 31.2282522], [121.4331038, 31.2281329], [121.432971, 31.2282477], [121.4329026, 31.2283829], [121.4331534, 31.2285023], [121.4331802, 31.2284587]]]}}, {"type": "Feature", "properties": {"building": true, "osm_id": 443531997}, "geometry": {"type": "Polygon", "coordinates": [[[121.4387914, 31.2266973], [121.4390782, 31.2265322], [121.4389362, 31.2263349], [121.4385767, 31.2265551], [121.4385579, 31.2266193], [121.4385365, 31.2267111], [121.4386197, 31.2267914], [121.4387914, 31.2266973]]]}}, {"type": "Feature", "properties": {"building": true, "osm_id": 443531998}, "geometry": {"type": "Polygon", "coordinates": [[[121.4395988, 31.2259817], [121.4397248, 31.2260849], [121.4398268, 31.2262134], [121.4401432, 31.2260391], [121.4400333, 31.2259542], [121.4399529, 31.2259244], [121.4397946, 31.2259083], [121.4396659, 31.2259427], [121.4395988, 31.2259817]]]}}, {"type": "Feature", "properties": {"building": true, "osm_id": 448178910}, "geometry": {"type": "Polygon", "coordinates": [[[121.4394809, 31.2249799], [121.4399312, 31.2251878], [121.4402825, 31.2247198], [121.440324, 31.224619], [121.4403331, 31.2245251], [121.4402662, 31.2244517], [121.4398769, 31.2242058], [121.4395821, 31.2247946], [121.4394809, 31.2249799]]]}}, {"type": "Feature", "properties": {"building": true, "osm_id": 448178911}, "geometry": {"type": "Polygon", "coordinates": [[[121.4368596, 31.2225391], [121.4369588, 31.2224553], [121.4361249, 31.2217365], [121.4360774, 31.2218628], [121.4368596, 31.2225391]]]}}, {"type": "Feature", "properties": {"building": true, "osm_id": 448178912}, "geometry": {"type": "Polygon", "coordinates": [[[121.4359061, 31.2224461], [121.4359259, 31.2223158], [121.4366837, 31.2224001], [121.4366639, 31.2225304], [121.4359061, 31.2224461]]]}}, {"type": "Feature", "properties": {"building": true, "osm_id": 448178913}, "geometry": {"type": "Polygon", "coordinates": [[[121.4359962, 31.2222634], [121.4360161, 31.2221571], [121.4364432, 31.2222156], [121.4366059, 31.2223469], [121.4359962, 31.2222634]]]}}, {"type": "Feature", "properties": {"building": true, "osm_id": 448178914}, "geometry": {"type": "Polygon", "coordinates": [[[121.4357102, 31.2223759], [121.4357598, 31.2222231], [121.4358976, 31.2222558], [121.435848, 31.2224086], [121.4357102, 31.2223759]]]}}, {"type": "Feature", "properties": {"building": true, "osm_id": 448178915}, "geometry": {"type": "Polygon", "coordinates": [[[121.4358033, 31.2221928], [121.4358529, 31.22204], [121.4359907, 31.2220727], [121.4359411, 31.2222255], [121.4358033, 31.2221928]]]}}, {"type": "Feature", "properties": {"building": true, "osm_id": 448178916}, "geometry": {"type": "Polygon", "coordinates": [[[121.4358565, 31.2219958], [121.435906, 31.2218431], [121.4360438, 31.2218758], [121.4359943, 31.2220285], [121.4358565, 31.2219958]]]}}, {"type": "Feature", "properties": {"building": true, "osm_id": 448178917}, "geometry": {"type": "Polygon", "coordinates": [[[121.4385455, 31.2230094], [121.438663, 31.2228243], [121.4389508, 31.2229555], [121.4392583, 31.2230957], [121.4391408, 31.2232847], [121.4389446, 31.223197], [121.4389299, 31.2232209], [121.4388593, 31.2231893], [121.4388374, 31.2232053], [121.4388062, 31.2231947], [121.4387844, 31.2231787], [121.4387844, 31.223152], [121.4387031, 31.2231157], [121.4387203, 31.2230875], [121.4385455, 31.2230094]]]}}, {"type": "Feature", "properties": {"building": true, "osm_id": 448178922}, "geometry": {"type": "Polygon", "coordinates": [[[121.4393441, 31.2235098], [121.4395208, 31.2232109], [121.4397734, 31.2233201], [121.4395967, 31.223619], [121.4393441, 31.2235098]]]}}, {"type": "Feature", "properties": {"building": true, "osm_id": 449196805}, "geometry": {"type": "Polygon", "coordinates": [[[121.4382206, 31.223869], [121.4383027, 31.2237286], [121.4384331, 31.2235065], [121.4389031, 31.2237072], [121.438722, 31.2240174], [121.4386561, 31.2239893], [121.4386251, 31.2240422], [121.4382206, 31.223869]]]}}, {"type": "Feature", "properties": {"building": true, "osm_id": 449196807}, "geometry": {"type": "Polygon", "coordinates": [[[121.4365051, 31.2253394], [121.4365756, 31.2252387], [121.4367066, 31.2253066], [121.4368603, 31.2253941], [121.4370996, 31.2252095], [121.4370897, 31.2251754], [121.4370549, 31.225181], [121.4370474, 31.225149], [121.4370819, 31.2251439], [121.4370741, 31.2251124], [121.4368728, 31.225017], [121.4367318, 31.2252313], [121.4365978, 31.2251681], [121.4368053, 31.2248553], [121.4371922, 31.2250392], [121.4372362, 31.2252154], [121.4367524, 31.2255569], [121.4366653, 31.2254812], [121.4366835, 31.2254403], [121.4365051, 31.2253394]]]}}, {"type": "Feature", "properties": {"building": true, "osm_id": 449196810}, "geometry": {"type": "Polygon", "coordinates": [[[121.4370208, 31.2255764], [121.4371551, 31.2255111], [121.4371906, 31.2254256], [121.4372456, 31.2254572], [121.4373202, 31.2254638], [121.4373965, 31.2254334], [121.4374571, 31.2255212], [121.4373357, 31.2255824], [121.4372899, 31.2256765], [121.4371631, 31.225637], [121.4370864, 31.225699], [121.4369811, 31.2256302], [121.4370208, 31.2255764]]]}}, {"type": "Feature", "properties": {"building": true, "osm_id": 479407953}, "geometry": {"type": "Polygon", "coordinates": [[[121.4386137, 31.2285307], [121.4385488, 31.2286424], [121.4387538, 31.2287295], [121.4388187, 31.2286178], [121.4386137, 31.2285307]]]}}, {"type": "Feature", "properties": {"building": true, "osm_id": 486227862}, "geometry": {"type": "Polygon", "coordinates": [[[121.4289815, 31.2292771], [121.4291141, 31.2293348], [121.4290675, 31.2294132], [121.4290057, 31.2293864], [121.428941, 31.2294951], [121.428854, 31.2294573], [121.4289017, 31.229377], [121.4286222, 31.2292554], [121.4285714, 31.2293406], [121.4284723, 31.2292975], [121.4285545, 31.2291595], [121.4284904, 31.2291317], [121.4285404, 31.2290478], [121.4286713, 31.2291048], [121.4286962, 31.2290629], [121.428796, 31.2291064], [121.4287265, 31.2292231], [121.428851, 31.2292773], [121.4289184, 31.2291642], [121.4290219, 31.2292093], [121.4289815, 31.2292771]]]}}, {"type": "Feature", "properties": {"building": true, "osm_id": 490282146}, "geometry": {"type": "Polygon", "coordinates": [[[121.4377533, 31.2333002], [121.4378419, 31.2331053], [121.4379298, 31.2331282], [121.4379921, 31.2331374], [121.4381015, 31.2331993], [121.4380854, 31.2332566], [121.4381015, 31.2332612], [121.43808, 31.2333186], [121.4380564, 31.2333117], [121.4380237, 31.2333943], [121.4377533, 31.2333002]]]}}, {"type": "Feature", "properties": {"building": true, "osm_id": 490282703}, "geometry": {"type": "Polygon", "coordinates": [[[121.4370726, 31.2343046], [121.4373669, 31.2344252], [121.4373122, 31.2345227], [121.437018, 31.2344021], [121.4370726, 31.2343046]]]}}, {"type": "Feature", "properties": {"building": true, "osm_id": 516851027}, "geometry": {"type": "Polygon", "coordinates": [[[121.4299588, 31.2252263], [121.4300047, 31.2251173], [121.4304268, 31.2252474], [121.4303808, 31.2253563], [121.4299588, 31.2252263]]]}}, {"type": "Feature", "properties": {"building": true, "osm_id": 516851028}, "geometry": {"type": "Polygon", "coordinates": [[[121.4300351, 31.2250434], [121.4300821, 31.2249348], [121.4305028, 31.2250678], [121.4304559, 31.2251764], [121.4300351, 31.2250434]]]}}, {"type": "Feature", "properties": {"building": true, "osm_id": 516851029}, "geometry": {"type": "Polygon", "coordinates": [[[121.4305493, 31.2252819], [121.4306051, 31.2251506], [121.4308936, 31.2252404], [121.4308766, 31.2252804], [121.4309282, 31.2252965], [121.4308859, 31.225396], [121.4307403, 31.2253507], [121.4307626, 31.2252984], [121.4306582, 31.2252659], [121.4306394, 31.22531], [121.4305493, 31.2252819]]]}}, {"type": "Feature", "properties": {"building": true, "osm_id": 516851030}, "geometry": {"type": "Polygon", "coordinates": [[[121.4304296, 31.2256884], [121.4304855, 31.2255571], [121.4307739, 31.2256469], [121.4307569, 31.2256868], [121.4308086, 31.2257029], [121.4307662, 31.2258025], [121.4306207, 31.2257572], [121.430643, 31.2257048], [121.4305386, 31.2256724], [121.4305198, 31.2257165], [121.4304296, 31.2256884]]]}}, {"type": "Feature", "properties": {"building": true, "osm_id": 516851031}, "geometry": {"type": "Polygon", "coordinates": [[[121.4302951, 31.2260694], [121.4303556, 31.2259188], [121.4303843, 31.2259272], [121.430412, 31.2258582], [121.4307185, 31.2259483], [121.4306303, 31.2261679], [121.4302951, 31.2260694]]]}}, {"type": "Feature", "properties": {"building": true, "osm_id": 516851034}, "geometry": {"type": "Polygon", "coordinates": [[[121.4305875, 31.2249054], [121.4306158, 31.2248057], [121.4308536, 31.2248549], [121.4308254, 31.2249547], [121.4305875, 31.2249054]]]}}, {"type": "Feature", "properties": {"building": true, "osm_id": 516851035}, "geometry": {"type": "Polygon", "coordinates": [[[121.4306603, 31.2246791], [121.430686, 31.2245789], [121.430925, 31.2246236], [121.4308994, 31.2247239], [121.4306603, 31.2246791]]]}}, {"type": "Feature", "properties": {"building": true, "osm_id": 516851037}, "geometry": {"type": "Polygon", "coordinates": [[[121.4301255, 31.2247762], [121.430188, 31.2246254], [121.4305573, 31.2247372], [121.4304949, 31.2248881], [121.4301255, 31.2247762]]]}}, {"type": "Feature", "properties": {"building": true, "osm_id": 516851038}, "geometry": {"type": "Polygon", "coordinates": [[[121.4297342, 31.2246569], [121.4297963, 31.2245043], [121.4301308, 31.2246039], [121.4300687, 31.2247565], [121.4297342, 31.2246569]]]}}, {"type": "Feature", "properties": {"building": true, "osm_id": 516851040}, "geometry": {"type": "Polygon", "coordinates": [[[121.4303116, 31.2244783], [121.430369, 31.224331], [121.430671, 31.2244171], [121.4306135, 31.2245644], [121.4303116, 31.2244783]]]}}, {"type": "Feature", "properties": {"building": true, "osm_id": 516851041}, "geometry": {"type": "Polygon", "coordinates": [[[121.4286677, 31.2255197], [121.42872, 31.2254194], [121.4287429, 31.2254281], [121.4287779, 31.225361], [121.428926, 31.2254174], [121.4288876, 31.225492], [121.4289215, 31.2255055], [121.4288733, 31.2255981], [121.4286677, 31.2255197]]]}}, {"type": "Feature", "properties": {"building": true, "osm_id": 516851062}, "geometry": {"type": "Polygon", "coordinates": [[[121.4307124, 31.2244375], [121.4307562, 31.2242652], [121.4311555, 31.2243394], [121.4311116, 31.2245118], [121.4307124, 31.2244375]]]}}, {"type": "Feature", "properties": {"building": true, "osm_id": 516851064}, "geometry": {"type": "Polygon", "coordinates": [[[121.4309111, 31.224971], [121.4310103, 31.2246231], [121.4311544, 31.2246532], [121.4310552, 31.225001], [121.4309111, 31.224971]]]}}, {"type": "Feature", "properties": {"building": true, "osm_id": 516851071}, "geometry": {"type": "Polygon", "coordinates": [[[121.430777, 31.2241227], [121.4308254, 31.2239513], [121.4312226, 31.2240332], [121.4311742, 31.2242047], [121.430777, 31.2241227]]]}}, {"type": "Feature", "properties": {"building": true, "osm_id": 544811099}, "geometry": {"type": "Polygon", "coordinates": [[[121.4293623, 31.2332606], [121.429809, 31.2328001], [121.4302303, 31.233052], [121.4297773, 31.2335152], [121.4293623, 31.2332606]]]}}, {"type": "Feature", "properties": {"building": true, "osm_id": 640753025}, "geometry": {"type": "Polygon", "coordinates": [[[121.4398268, 31.2262134], [121.4394869, 31.2264079], [121.4392803, 31.2261694], [121.4395988, 31.2259817], [121.4397248, 31.2260849], [121.4398268, 31.2262134]]]}}, {"type": "Feature", "properties": {"building": true, "osm_id": 685337071}, "geometry": {"type": "Polygon", "coordinates": [[[121.4402609, 31.2264066], [121.4400597, 31.2263023], [121.4399417, 31.2264766], [121.4401496, 31.2265787], [121.4401925, 31.2265133], [121.4402609, 31.2264066]]]}}, {"type": "Feature", "properties": {"building": true, "osm_id": 864823541}, "geometry": {"type": "Polygon", "coordinates": [[[121.4280345, 31.2243624], [121.4279516, 31.2245549], [121.4280629, 31.2245899], [121.4281756, 31.2243285], [121.4281423, 31.224318], [121.4281582, 31.224281], [121.4280468, 31.2242459], [121.4280012, 31.2243519], [121.4280345, 31.2243624]]]}}, {"type": "Feature", "properties": {"building": true, "osm_id": 864823620}, "geometry": {"type": "Polygon", "coordinates": [[[121.4278775, 31.2316674], [121.428017, 31.2317281], [121.4280562, 31.2316623], [121.4279168, 31.2316015], [121.4278775, 31.2316674]]]}}, {"type": "Feature", "properties": {"building": true, "osm_id": 864823621}, "geometry": {"type": "Polygon", "coordinates": [[[121.4279406, 31.2315653], [121.4280908, 31.2316433], [121.4281483, 31.2315623], [121.4279981, 31.2314843], [121.4279406, 31.2315653]]]}}, {"type": "Feature", "properties": {"building": true, "osm_id": 864823622}, "geometry": {"type": "Polygon", "coordinates": [[[121.428021, 31.2314529], [121.4281699, 31.2315171], [121.4282253, 31.2314233], [121.4280764, 31.231359], [121.428021, 31.2314529]]]}}, {"type": "Feature", "properties": {"building": true, "osm_id": 864823623}, "geometry": {"type": "Polygon", "coordinates": [[[121.428123, 31.2313463], [121.4282504, 31.2314116], [121.4282966, 31.2313457], [121.4281692, 31.2312803], [121.428123, 31.2313463]]]}}, {"type": "Feature", "properties": {"building": true, "osm_id": 864823624}, "geometry": {"type": "Polygon", "coordinates": [[[121.4281659, 31.231266], [121.428308, 31.2313302], [121.4283662, 31.2312361], [121.4282241, 31.2311718], [121.4281659, 31.231266]]]}}, {"type": "Feature", "properties": {"building": true, "osm_id": 864823625}, "geometry": {"type": "Polygon", "coordinates": [[[121.428064, 31.2311829], [121.4281444, 31.2312207], [121.4281797, 31.2311659], [121.4280992, 31.231128], [121.428064, 31.2311829]]]}}, {"type": "Feature", "properties": {"building": true, "osm_id": 864823626}, "geometry": {"type": "Polygon", "coordinates": [[[121.4279298, 31.2311553], [121.4279885, 31.2311882], [121.4280422, 31.2311183], [121.4279835, 31.2310854], [121.4279298, 31.2311553]]]}}, {"type": "Feature", "properties": {"building": true, "osm_id": 864823632}, "geometry": {"type": "Polygon", "coordinates": [[[121.4279392, 31.2312763], [121.4280827, 31.2313474], [121.4281403, 31.2312624], [121.4279968, 31.2311913], [121.4279392, 31.2312763]]]}}, {"type": "Feature", "properties": {"building": true, "osm_id": 864823633}, "geometry": {"type": "Polygon", "coordinates": [[[121.4278467, 31.2313864], [121.4279728, 31.2314506], [121.4280293, 31.2313695], [121.4279032, 31.2313053], [121.4278467, 31.2313864]]]}}, {"type": "Feature", "properties": {"building": true, "osm_id": 864823719}, "geometry": {"type": "Polygon", "coordinates": [[[121.4278154, 31.2267081], [121.4277285, 31.2268164], [121.4280021, 31.226977], [121.428089, 31.2268686], [121.4278154, 31.2267081]]]}}, {"type": "Feature", "properties": {"building": true, "osm_id": 876686837}, "geometry": {"type": "Polygon", "coordinates": [[[121.4358796, 31.2250571], [121.436101, 31.224778], [121.4366058, 31.2250582], [121.4363933, 31.2253623], [121.4362338, 31.2252811], [121.4363401, 31.2251405], [121.4363117, 31.2251263], [121.4362857, 31.2251134], [121.4361617, 31.2252844], [121.4359947, 31.2251902], [121.4361326, 31.2250171], [121.4360896, 31.2249955], [121.435996, 31.2251134], [121.4358796, 31.2250571]]]}}, {"type": "Feature", "properties": {"building": true, "osm_id": 876686838}, "geometry": {"type": "Polygon", "coordinates": [[[121.4359707, 31.2246882], [121.4359099, 31.2246503], [121.4358935, 31.2246698], [121.4357037, 31.2245703], [121.4357163, 31.224553], [121.4356455, 31.2245162], [121.435629, 31.2245281], [121.4354418, 31.2244318], [121.4354532, 31.2244112], [121.4353861, 31.2243788], [121.4353418, 31.2244285], [121.4351065, 31.2243019], [121.4349901, 31.2244523], [121.435209, 31.2245638], [121.4351849, 31.2245919], [121.4352735, 31.2246309], [121.4352963, 31.2245973], [121.4353127, 31.2246103], [121.4352609, 31.2246763], [121.4353279, 31.2247131], [121.4353709, 31.2246438], [121.4354456, 31.224685], [121.4353304, 31.2248505], [121.4354747, 31.2249208], [121.4355999, 31.2247477], [121.435648, 31.2247748], [121.4356354, 31.2247931], [121.435753, 31.2248559], [121.4357277, 31.2248938], [121.4357986, 31.2249262], [121.4359707, 31.2246882]]]}}, {"type": "Feature", "properties": {"building": true, "osm_id": 876686839}, "geometry": {"type": "Polygon", "coordinates": [[[121.4352684, 31.2257672], [121.4354139, 31.2258448], [121.4354317, 31.2258329], [121.4354679, 31.2258529], [121.4354969, 31.2258689], [121.4354816, 31.2258891], [121.4356724, 31.2259943], [121.4357207, 31.2259302], [121.4357895, 31.2259681], [121.4357625, 31.2260039], [121.4357755, 31.2260111], [121.4359477, 31.226106], [121.4357022, 31.2264317], [121.4354266, 31.2262798], [121.4351204, 31.2259703], [121.4352684, 31.2257672]]]}}, {"type": "Feature", "properties": {"building": true, "osm_id": 876686840}, "geometry": {"type": "Polygon", "coordinates": [[[121.4349863, 31.2254867], [121.4351267, 31.2253028], [121.4352229, 31.2252941], [121.4354038, 31.2253817], [121.4353659, 31.2254326], [121.4354393, 31.2254326], [121.4355063, 31.2254759], [121.4354658, 31.2255689], [121.4353431, 31.2256576], [121.4352912, 31.2257247], [121.4349686, 31.2255603], [121.4349863, 31.2254867]]]}}, {"type": "Feature", "properties": {"building": true, "osm_id": 876686841}, "geometry": {"type": "Polygon", "coordinates": [[[121.4346017, 31.225729], [121.4346342, 31.2256477], [121.4347383, 31.2256392], [121.4348054, 31.2256208], [121.4348876, 31.225544], [121.4349483, 31.2255754], [121.4349129, 31.2256133], [121.4350154, 31.2256674], [121.4350432, 31.225636], [121.4351773, 31.2257106], [121.4351204, 31.2257745], [121.4351698, 31.2257961], [121.4350647, 31.2259184], [121.4348965, 31.2258351], [121.4349205, 31.2257853], [121.4347548, 31.225729], [121.4347257, 31.2257604], [121.4346017, 31.225729]]]}}, {"type": "Feature", "properties": {"building": true, "osm_id": 876686842}, "geometry": {"type": "Polygon", "coordinates": [[[121.4336546, 31.2252604], [121.4337794, 31.22513], [121.4341788, 31.2253586], [121.4339937, 31.2254849], [121.4336546, 31.2252604]]]}}, {"type": "Feature", "properties": {"building": true, "osm_id": 876686843}, "geometry": {"type": "Polygon", "coordinates": [[[121.4342141, 31.2250378], [121.4343296, 31.2248884], [121.4342461, 31.2248397], [121.4342613, 31.2248105], [121.4342325, 31.2248041], [121.4342209, 31.2248223], [121.434165, 31.2248315], [121.4341026, 31.2247925], [121.4340102, 31.224889], [121.4342141, 31.2250378]]]}}, {"type": "Feature", "properties": {"building": true, "osm_id": 894522651}, "geometry": {"type": "Polygon", "coordinates": [[[121.4371437, 31.2312826], [121.4370688, 31.2314176], [121.4372001, 31.2314709], [121.4372751, 31.2313359], [121.4371437, 31.2312826]]]}}, {"type": "Feature", "properties": {"building": true, "osm_id": 894522652}, "geometry": {"type": "Polygon", "coordinates": [[[121.437913, 31.22993], [121.4379291, 31.229977], [121.4379747, 31.2300229], [121.4380485, 31.230055], [121.4381236, 31.2300745], [121.4381524, 31.2300894], [121.4383791, 31.2301399], [121.4384072, 31.2301307], [121.4384005, 31.2300871], [121.4384247, 31.2300447], [121.438426, 31.2300298], [121.4384206, 31.2300069], [121.4384528, 31.2299908], [121.4384729, 31.2298647], [121.4384166, 31.2298406], [121.4383549, 31.2298348], [121.4383529, 31.2297637], [121.4383368, 31.2297098], [121.4381236, 31.2295585], [121.4380391, 31.2295344], [121.4379586, 31.2295344], [121.437905, 31.2295699], [121.437854, 31.2296536], [121.4378312, 31.2296531], [121.4378259, 31.229668], [121.4377554, 31.2296594], [121.4377327, 31.2297689], [121.4377125, 31.2297712], [121.4376864, 31.2298796], [121.437913, 31.22993]]]}}, {"type": "Feature", "properties": {"building": true, "osm_id": 894522653}, "geometry": {"type": "Polygon", "coordinates": [[[121.4381524, 31.2300894], [121.4383791, 31.2301399], [121.4384072, 31.2301307], [121.4384005, 31.2300871], [121.4384247, 31.2300447], [121.438426, 31.2300298], [121.4384206, 31.2300069], [121.4384528, 31.2299908], [121.4384729, 31.2298647], [121.4384166, 31.2298406], [121.4383549, 31.2298348], [121.4383201, 31.2298635], [121.4382973, 31.2298629], [121.4382919, 31.2298778], [121.4382215, 31.2298692], [121.4381987, 31.2299788], [121.4381786, 31.229981], [121.4381524, 31.2300894]]]}}, {"type": "Feature", "properties": {"building": true, "osm_id": 894522654}, "geometry": {"type": "Polygon", "coordinates": [[[121.4376864, 31.2298796], [121.437913, 31.22993], [121.4379412, 31.2299208], [121.4379345, 31.2298773], [121.4379586, 31.2298348], [121.43796, 31.2298199], [121.4379546, 31.229797], [121.4379868, 31.2297809], [121.4380069, 31.2296548], [121.4379506, 31.2296307], [121.4378889, 31.229625], [121.437854, 31.2296536], [121.4378312, 31.2296531], [121.4378259, 31.229668], [121.4377554, 31.2296594], [121.4377327, 31.2297689], [121.4377125, 31.2297712], [121.4376864, 31.2298796]]]}}, {"type": "Feature", "properties": {"building": true, "osm_id": 894522657}, "geometry": {"type": "Polygon", "coordinates": [[[121.4399879, 31.2285059], [121.4399078, 31.2286439], [121.4400209, 31.2286919], [121.440101, 31.2285538], [121.4399879, 31.2285059]]]}}, {"type": "Feature", "properties": {"building": true, "osm_id": 894522658}, "geometry": {"type": "Polygon", "coordinates": [[[121.4397568, 31.2284078], [121.4396767, 31.2285459], [121.4397911, 31.2285944], [121.4398712, 31.2284564], [121.4397568, 31.2284078]]]}}, {"type": "Feature", "properties": {"building": true, "osm_id": 894522659}, "geometry": {"type": "Polygon", "coordinates": [[[121.4398712, 31.2284564], [121.4397911, 31.2285944], [121.4399078, 31.2286439], [121.4399879, 31.2285059], [121.4398712, 31.2284564]]]}}, {"type": "Feature", "properties": {"building": true, "osm_id": 894522663}, "geometry": {"type": "Polygon", "coordinates": [[[121.4399816, 31.2282518], [121.4399014, 31.2283899], [121.4400182, 31.2284394], [121.4400983, 31.2283013], [121.4399816, 31.2282518]]]}}, {"type": "Feature", "properties": {"building": true, "osm_id": 894522664}, "geometry": {"type": "Polygon", "coordinates": [[[121.4398671, 31.2282033], [121.439787, 31.2283414], [121.4399014, 31.2283899], [121.4399816, 31.2282518], [121.4398671, 31.2282033]]]}}, {"type": "Feature", "properties": {"building": true, "osm_id": 914052199}, "geometry": {"type": "Polygon", "coordinates": [[[121.4361699, 31.2254095], [121.4362046, 31.2253565], [121.436445, 31.2254718], [121.4364103, 31.2255247], [121.4361699, 31.2254095]]]}}, {"type": "Feature", "properties": {"building": true, "osm_id": 914052211}, "geometry": {"type": "Polygon", "coordinates": [[[121.4350956, 31.2243083], [121.4349972, 31.2242505], [121.43517, 31.2240354], [121.4352582, 31.2240555], [121.4352987, 31.2240989], [121.4352935, 31.2241171], [121.4352788, 31.2241354], [121.4352648, 31.2241461], [121.4352428, 31.2241505], [121.4352229, 31.2241498], [121.4350956, 31.2243083]]]}}, {"type": "Feature", "properties": {"building": true, "osm_id": 914052212}, "geometry": {"type": "Polygon", "coordinates": [[[121.4366685, 31.2249588], [121.4366084, 31.2249324], [121.4366467, 31.2248685], [121.4367068, 31.2248948], [121.4366685, 31.2249588]]]}}, {"type": "Feature", "properties": {"building": true, "osm_id": 1058065488}, "geometry": {"type": "Polygon", "coordinates": [[[121.4311281, 31.2227256], [121.4313792, 31.2228011], [121.431336, 31.2229064], [121.4310848, 31.222831], [121.4311281, 31.2227256]]]}}, {"type": "Feature", "properties": {"building": true, "osm_id": 1089111128}, "geometry": {"type": "Polygon", "coordinates": [[[121.4289218, 31.2340107], [121.428805, 31.2339001], [121.4289245, 31.233808], [121.4290412, 31.2339185], [121.4289218, 31.2340107]]]}}, {"type": "Feature", "properties": {"building": true, "osm_id": 1090250388}, "geometry": {"type": "Polygon", "coordinates": [[[121.4306063, 31.2266693], [121.4307021, 31.2266984], [121.4306344, 31.2268614], [121.4304666, 31.2268104], [121.4305557, 31.226596], [121.4306277, 31.2266178], [121.4306063, 31.2266693]]]}}, {"type": "Feature", "properties": {"building": true, "osm_id": 1199657423}, "geometry": {"type": "Polygon", "coordinates": [[[121.430392, 31.2218409], [121.430514, 31.2218774], [121.4304492, 31.2220359], [121.4303272, 31.2219994], [121.430392, 31.2218409]]]}}, {"type": "Feature", "properties": {"building": true, "osm_id": 1199657424}, "geometry": {"type": "Polygon", "coordinates": [[[121.4301598, 31.2214609], [121.4303735, 31.2215063], [121.4303874, 31.2215399], [121.4302325, 31.2220725], [121.429996, 31.2220238], [121.4301598, 31.2214609]]]}}, {"type": "Feature", "properties": {"building": true, "osm_id": 1199657427}, "geometry": {"type": "Polygon", "coordinates": [[[121.4299406, 31.2221108], [121.4302064, 31.2221654], [121.4302325, 31.2220725], [121.429996, 31.2220238], [121.4299668, 31.2220178], [121.4299406, 31.2221108]]]}}, {"type": "Feature", "properties": {"building": true, "osm_id": 1199657454}, "geometry": {"type": "Polygon", "coordinates": [[[121.4294805, 31.222004], [121.4297631, 31.2220763], [121.4298224, 31.2219068], [121.4295398, 31.2218345], [121.4294805, 31.222004]]]}}, {"type": "Feature", "properties": {"building": true, "osm_id": 1199657455}, "geometry": {"type": "Polygon", "coordinates": [[[121.4302803, 31.2220705], [121.4304396, 31.2221176], [121.4304019, 31.2222125], [121.4303714, 31.222286], [121.4302647, 31.2222545], [121.4302928, 31.2221847], [121.4302404, 31.2221693], [121.4302803, 31.2220705]]]}}, {"type": "Feature", "properties": {"building": true, "osm_id": 1199658833}, "geometry": {"type": "Polygon", "coordinates": [[[121.4304019, 31.2222125], [121.4304918, 31.2222387], [121.4304647, 31.2223069], [121.4305317, 31.2223263], [121.4305596, 31.2222562], [121.4306009, 31.2222681], [121.4306333, 31.2221847], [121.4306442, 31.2221585], [121.4305879, 31.2221421], [121.4305711, 31.2221845], [121.4305118, 31.2221672], [121.4305286, 31.222125], [121.4304462, 31.222101], [121.4304396, 31.2221176], [121.4304019, 31.2222125]]]}}, {"type": "Feature", "properties": {"building": true, "osm_id": 1199658834}, "geometry": {"type": "Polygon", "coordinates": [[[121.4306343, 31.2223545], [121.4307066, 31.2223751], [121.4307334, 31.2223059], [121.4307998, 31.2223248], [121.4308322, 31.2222414], [121.4308012, 31.2222326], [121.430813, 31.2222023], [121.4306837, 31.2221656], [121.430672, 31.2221958], [121.4306333, 31.2221847], [121.4306009, 31.2222681], [121.4306612, 31.2222853], [121.4306343, 31.2223545]]]}}, {"type": "Feature", "properties": {"building": true, "osm_id": 1200585420}, "geometry": {"type": "Polygon", "coordinates": [[[121.4392272, 31.2309581], [121.4395462, 31.2310671], [121.4395278, 31.2311065], [121.4398599, 31.23122], [121.4398999, 31.2311345], [121.4395739, 31.231023], [121.4395983, 31.2309708], [121.4392733, 31.2308597], [121.4392272, 31.2309581]]]}}, {"type": "Feature", "properties": {"building": true, "osm_id": 1200585421}, "geometry": {"type": "Polygon", "coordinates": [[[121.4399963, 31.2308623], [121.4395368, 31.2306435], [121.4394711, 31.2307442], [121.4399306, 31.2309631], [121.4399963, 31.2308623]]]}}, {"type": "Feature", "properties": {"building": true, "osm_id": 1200585422}, "geometry": {"type": "Polygon", "coordinates": [[[121.4398156, 31.231404], [121.4399496, 31.2314689], [121.4399909, 31.2314066], [121.4400815, 31.2314505], [121.4401812, 31.2313001], [121.4400598, 31.2312412], [121.4400111, 31.2313147], [121.4399079, 31.2312647], [121.4398156, 31.231404]]]}}, {"type": "Feature", "properties": {"building": true, "osm_id": 1200585423}, "geometry": {"type": "Polygon", "coordinates": [[[121.4399139, 31.2315336], [121.4400327, 31.2316017], [121.4400085, 31.2316326], [121.4401695, 31.2317249], [121.4400764, 31.2318437], [121.4397965, 31.2316831], [121.4399139, 31.2315336]]]}}, {"type": "Feature", "properties": {"building": true, "osm_id": 1200585424}, "geometry": {"type": "Polygon", "coordinates": [[[121.4399899, 31.2310116], [121.4401582, 31.2310919], [121.4401015, 31.2311787], [121.4399332, 31.2310984], [121.4399899, 31.2310116]]]}}, {"type": "Feature", "properties": {"building": true, "osm_id": 1200585428}, "geometry": {"type": "Polygon", "coordinates": [[[121.4396672, 31.2304393], [121.4401451, 31.2306639], [121.4402158, 31.2305539], [121.4397379, 31.2303292], [121.4396672, 31.2304393]]]}}, {"type": "Feature", "properties": {"building": true, "osm_id": 1201032843}, "geometry": {"type": "Polygon", "coordinates": [[[121.4373386, 31.2298887], [121.4376427, 31.2300664], [121.4373127, 31.2304795], [121.4372115, 31.2304204], [121.4374069, 31.2301758], [121.437204, 31.2300572], [121.4373386, 31.2298887]]]}}, {"type": "Feature", "properties": {"building": true, "osm_id": 1201032844}, "geometry": {"type": "Polygon", "coordinates": [[[121.4369518, 31.2306159], [121.4370422, 31.2306685], [121.4370158, 31.2307015], [121.4371381, 31.2307728], [121.4371645, 31.2307397], [121.4372355, 31.230781], [121.437362, 31.2306222], [121.4373418, 31.2306104], [121.4373778, 31.2305653], [121.4373291, 31.230537], [121.4372931, 31.2305821], [121.4370783, 31.230457], [121.4369518, 31.2306159]]]}}, {"type": "Feature", "properties": {"building": true, "osm_id": 1201032845}, "geometry": {"type": "Polygon", "coordinates": [[[121.4367093, 31.2307028], [121.436931, 31.230837], [121.4368479, 31.2309374], [121.4366262, 31.2308033], [121.4367093, 31.2307028]]]}}, {"type": "Feature", "properties": {"building": true, "osm_id": 1201097750}, "geometry": {"type": "Polygon", "coordinates": [[[121.4340782, 31.2351459], [121.4336226, 31.234991], [121.4335801, 31.2350825], [121.4340356, 31.2352374], [121.4340782, 31.2351459]]]}}, {"type": "Feature", "properties": {"building": true, "osm_id": 1201227589}, "geometry": {"type": "Polygon", "coordinates": [[[121.4375633, 31.2342478], [121.4379746, 31.234449], [121.4378214, 31.234678], [121.4377095, 31.2346232], [121.4377766, 31.234523], [121.4376027, 31.2344379], [121.4375357, 31.2345382], [121.43741, 31.2344767], [121.4375633, 31.2342478]]]}}, {"type": "Feature", "properties": {"building": true, "osm_id": 1201227621}, "geometry": {"type": "Polygon", "coordinates": [[[121.4370973, 31.2345145], [121.4371775, 31.2345511], [121.4371213, 31.2346414], [121.4370411, 31.2346048], [121.4370973, 31.2345145]]]}}, {"type": "Feature", "properties": {"building": true, "osm_id": 1201569766}, "geometry": {"type": "Polygon", "coordinates": [[[121.4279881, 31.2272478], [121.4281216, 31.2273229], [121.428143, 31.2272949], [121.4281221, 31.2272831], [121.4281941, 31.2271896], [121.4282459, 31.2272188], [121.4283027, 31.227145], [121.4284208, 31.2272115], [121.4283926, 31.2272482], [121.4284752, 31.2272946], [121.4285739, 31.2271663], [121.4282088, 31.2269609], [121.4279881, 31.2272478]]]}}, {"type": "Feature", "properties": {"building": true, "osm_id": 1204325558}, "geometry": {"type": "Polygon", "coordinates": [[[121.435375, 31.223698], [121.4351475, 31.22359], [121.4350737, 31.2237036], [121.4353012, 31.2238116], [121.435375, 31.223698]]]}}, {"type": "Feature", "properties": {"building": true, "osm_id": 1204325559}, "geometry": {"type": "Polygon", "coordinates": [[[121.4360601, 31.2238452], [121.4357505, 31.2236877], [121.435553, 31.2239616], [121.4358845, 31.2241542], [121.4360601, 31.2238452]]]}}, {"type": "Feature", "properties": {"building": true, "osm_id": 1204325560}, "geometry": {"type": "Polygon", "coordinates": [[[121.435653, 31.22375], [121.4355241, 31.2236755], [121.4354225, 31.2238041], [121.4355513, 31.2238786], [121.435653, 31.22375]]]}}, {"type": "Feature", "properties": {"building": true, "osm_id": 1211966632}, "geometry": {"type": "Polygon", "coordinates": [[[121.4290368, 31.222233], [121.4294278, 31.2223394], [121.429445, 31.2222932], [121.4295183, 31.2223131], [121.4300757, 31.2224647], [121.4300335, 31.2225782], [121.4299758, 31.2225625], [121.4299631, 31.2225965], [121.429461, 31.2224599], [121.4294291, 31.2224512], [121.4294097, 31.2225035], [121.4289797, 31.2223865], [121.4290368, 31.222233]]]}}, {"type": "Feature", "properties": {"building": true, "osm_id": 1211966633}, "geometry": {"type": "Polygon", "coordinates": [[[121.4303129, 31.2226189], [121.4306253, 31.2227118], [121.4306045, 31.2227631], [121.4306305, 31.2227709], [121.4306027, 31.2228392], [121.4302642, 31.2227384], [121.4303129, 31.2226189]]]}}, {"type": "Feature", "properties": {"building": true, "osm_id": 1211966634}, "geometry": {"type": "Polygon", "coordinates": [[[121.4305602, 31.222899], [121.4302414, 31.2228007], [121.4301925, 31.2229166], [121.4305113, 31.2230149], [121.4305602, 31.222899]]]}}, {"type": "Feature", "properties": {"building": true, "osm_id": 1211966635}, "geometry": {"type": "Polygon", "coordinates": [[[121.4302839, 31.2225221], [121.4301781, 31.2224911], [121.430049, 31.2228128], [121.4301748, 31.2228497], [121.4302468, 31.2226702], [121.4302268, 31.2226643], [121.4302839, 31.2225221]]]}}, {"type": "Feature", "properties": {"building": true, "osm_id": 1212685607}, "geometry": {"type": "Polygon", "coordinates": [[[121.4359926, 31.2280158], [121.4354703, 31.2277636], [121.4353825, 31.2278965], [121.4359047, 31.2281488], [121.4359926, 31.2280158]]]}}, {"type": "Feature", "properties": {"building": true, "osm_id": 1212685608}, "geometry": {"type": "Polygon", "coordinates": [[[121.4360405, 31.2285135], [121.4359134, 31.2284387], [121.4360054, 31.2283245], [121.4361266, 31.2283959], [121.4361666, 31.2283463], [121.4362782, 31.228412], [121.436297, 31.2283887], [121.4364287, 31.2284662], [121.4363283, 31.2285909], [121.4362071, 31.2285195], [121.4361903, 31.2285404], [121.4360741, 31.2284719], [121.4360405, 31.2285135]]]}}, {"type": "Feature", "properties": {"building": true, "osm_id": 1212685609}, "geometry": {"type": "Polygon", "coordinates": [[[121.4366295, 31.2282246], [121.4364991, 31.2281505], [121.4364762, 31.22818], [121.4363584, 31.228113], [121.4363305, 31.2281489], [121.4362062, 31.2280782], [121.4361211, 31.2281876], [121.4362472, 31.2282593], [121.4362749, 31.2282238], [121.4364054, 31.228298], [121.4364194, 31.2282799], [121.4365353, 31.2283459], [121.4366295, 31.2282246]]]}}, {"type": "Feature", "properties": {"building": true, "osm_id": 1212685610}, "geometry": {"type": "Polygon", "coordinates": [[[121.4367105, 31.2282822], [121.4369569, 31.2284202], [121.4369434, 31.2284378], [121.4370646, 31.2285056], [121.4370502, 31.2285245], [121.4371655, 31.228589], [121.4370736, 31.2287091], [121.4369418, 31.2286353], [121.436961, 31.2286103], [121.4368514, 31.2285489], [121.4368696, 31.2285252], [121.436628, 31.2283899], [121.4367105, 31.2282822]]]}}, {"type": "Feature", "properties": {"building": true, "osm_id": 1212685611}, "geometry": {"type": "Polygon", "coordinates": [[[121.4365146, 31.2285196], [121.4367503, 31.2286527], [121.4367376, 31.2286692], [121.4368517, 31.2287335], [121.43684, 31.2287486], [121.4369317, 31.2288003], [121.4368373, 31.2289228], [121.4367387, 31.2288672], [121.4367574, 31.2288429], [121.4366397, 31.2287765], [121.4366581, 31.2287526], [121.4364329, 31.2286255], [121.4365146, 31.2285196]]]}}, {"type": "Feature", "properties": {"building": true, "osm_id": 1217913683}, "geometry": {"type": "Polygon", "coordinates": [[[121.4386857, 31.2307544], [121.4388479, 31.2308127], [121.4386607, 31.2311931], [121.4384986, 31.2311348], [121.4386857, 31.2307544]]]}}, {"type": "Feature", "properties": {"building": true, "osm_id": 1217913684}, "geometry": {"type": "Polygon", "coordinates": [[[121.4389443, 31.2312838], [121.438817, 31.2312485], [121.4389344, 31.2309394], [121.4390036, 31.2309587], [121.4389948, 31.2309818], [121.4390528, 31.2309979], [121.4389443, 31.2312838]]]}}, {"type": "Feature", "properties": {"building": true, "osm_id": 1217913685}, "geometry": {"type": "Polygon", "coordinates": [[[121.4390117, 31.2314429], [121.4386096, 31.2313119], [121.4385546, 31.2314354], [121.4389567, 31.2315663], [121.4390117, 31.2314429]]]}}, {"type": "Feature", "properties": {"building": true, "osm_id": 1217913686}, "geometry": {"type": "Polygon", "coordinates": [[[121.4385077, 31.231425], [121.4383536, 31.2313769], [121.4382405, 31.2316417], [121.4383945, 31.2316898], [121.4385077, 31.231425]]]}}, {"type": "Feature", "properties": {"building": true, "osm_id": 1217913687}, "geometry": {"type": "Polygon", "coordinates": [[[121.4389278, 31.2316432], [121.4386188, 31.2315408], [121.4385647, 31.2316602], [121.4388737, 31.2317626], [121.4389278, 31.2316432]]]}}, {"type": "Feature", "properties": {"building": true, "osm_id": 1217913688}, "geometry": {"type": "Polygon", "coordinates": [[[121.4388385, 31.2318258], [121.4384477, 31.2316978], [121.4383945, 31.2318166], [121.4387853, 31.2319445], [121.4388385, 31.2318258]]]}}, {"type": "Feature", "properties": {"building": true, "osm_id": 1217913689}, "geometry": {"type": "Polygon", "coordinates": [[[121.4389214, 31.2305793], [121.4386887, 31.2305056], [121.4387486, 31.2303675], [121.4389352, 31.2304266], [121.438919, 31.230464], [121.4389651, 31.2304786], [121.4389214, 31.2305793]]]}}, {"type": "Feature", "properties": {"building": true, "osm_id": 1217913690}, "geometry": {"type": "Polygon", "coordinates": [[[121.4393252, 31.2306725], [121.43899, 31.2305638], [121.4389538, 31.2306455], [121.439289, 31.2307541], [121.4393252, 31.2306725]]]}}, {"type": "Feature", "properties": {"building": true, "osm_id": 1217913691}, "geometry": {"type": "Polygon", "coordinates": [[[121.4393709, 31.2305231], [121.4390534, 31.2304216], [121.4390173, 31.2305042], [121.4393348, 31.2306057], [121.4393709, 31.2305231]]]}}, {"type": "Feature", "properties": {"building": true, "osm_id": 1217913692}, "geometry": {"type": "Polygon", "coordinates": [[[121.4394421, 31.2304773], [121.4390727, 31.2303616], [121.4391115, 31.2302711], [121.4394809, 31.2303867], [121.4394421, 31.2304773]]]}}, {"type": "Feature", "properties": {"building": true, "osm_id": 1217913693}, "geometry": {"type": "Polygon", "coordinates": [[[121.4395849, 31.2303786], [121.439487, 31.230344], [121.4395341, 31.2302465], [121.439632, 31.2302811], [121.4395849, 31.2303786]]]}}, {"type": "Feature", "properties": {"building": true, "osm_id": 1217913694}, "geometry": {"type": "Polygon", "coordinates": [[[121.4393397, 31.2301435], [121.4392042, 31.2300874], [121.4391337, 31.2302118], [121.4392693, 31.2302679], [121.4393397, 31.2301435]]]}}, {"type": "Feature", "properties": {"building": true, "osm_id": 1217913695}, "geometry": {"type": "Polygon", "coordinates": [[[121.4391502, 31.230037], [121.4390186, 31.2299965], [121.4389784, 31.2300919], [121.43911, 31.2301324], [121.4391502, 31.230037]]]}}, {"type": "Feature", "properties": {"building": true, "osm_id": 1217913696}, "geometry": {"type": "Polygon", "coordinates": [[[121.4389566, 31.2300847], [121.4389937, 31.229994], [121.4388839, 31.2299611], [121.4388663, 31.2300041], [121.4388134, 31.2299882], [121.4387939, 31.230036], [121.4389566, 31.2300847]]]}}, {"type": "Feature", "properties": {"building": true, "osm_id": 1217913697}, "geometry": {"type": "Polygon", "coordinates": [[[121.4390618, 31.2302929], [121.4387414, 31.2302006], [121.4387785, 31.2301065], [121.4390587, 31.2301873], [121.4390797, 31.2302043], [121.4390866, 31.2302298], [121.4390618, 31.2302929]]]}}, {"type": "Feature", "properties": {"building": true, "osm_id": 1217913698}, "geometry": {"type": "Polygon", "coordinates": [[[121.4386362, 31.2304931], [121.4385647, 31.2304713], [121.4386477, 31.2302727], [121.4387192, 31.2302945], [121.4386362, 31.2304931]]]}}, {"type": "Feature", "properties": {"building": true, "osm_id": 1217913699}, "geometry": {"type": "Polygon", "coordinates": [[[121.4394536, 31.2308017], [121.4393925, 31.2307379], [121.4393179, 31.2307901], [121.439379, 31.2308539], [121.4394536, 31.2308017]]]}}, {"type": "Feature", "properties": {"building": true, "osm_id": 1217913700}, "geometry": {"type": "Polygon", "coordinates": [[[121.4390465, 31.2307663], [121.4389604, 31.2307374], [121.4389089, 31.2308496], [121.438995, 31.2308785], [121.4390465, 31.2307663]]]}}, {"type": "Feature", "properties": {"building": true, "osm_id": 1217913701}, "geometry": {"type": "Polygon", "coordinates": [[[121.4391712, 31.2308165], [121.4390806, 31.2307839], [121.4390239, 31.2308994], [121.4390927, 31.2309241], [121.439138, 31.2308843], [121.4391712, 31.2308165]]]}}, {"type": "Feature", "properties": {"building": true, "osm_id": 1217913702}, "geometry": {"type": "Polygon", "coordinates": [[[121.439768, 31.2315126], [121.4394329, 31.2314076], [121.439382, 31.2315263], [121.4397172, 31.2316313], [121.439768, 31.2315126]]]}}, {"type": "Feature", "properties": {"building": true, "osm_id": 1217913704}, "geometry": {"type": "Polygon", "coordinates": [[[121.4399596, 31.2319241], [121.4397467, 31.2318049], [121.4396647, 31.231912], [121.4398776, 31.2320311], [121.4399596, 31.2319241]]]}}, {"type": "Feature", "properties": {"building": true, "osm_id": 1217913705}, "geometry": {"type": "Polygon", "coordinates": [[[121.4397052, 31.231286], [121.4393178, 31.2311639], [121.4392662, 31.2312834], [121.4396537, 31.2314055], [121.4397052, 31.231286]]]}}, {"type": "Feature", "properties": {"building": true, "osm_id": 1220684273}, "geometry": {"type": "Polygon", "coordinates": [[[121.4367972, 31.2309763], [121.4365809, 31.2308648], [121.4364543, 31.2310348], [121.4364436, 31.2310552], [121.4364434, 31.2310747], [121.4364417, 31.2310945], [121.4364515, 31.231119], [121.4364634, 31.23114], [121.4364834, 31.2311622], [121.4365084, 31.2311809], [121.436684, 31.2312577], [121.4367782, 31.2311049], [121.4367289, 31.2310818], [121.4367972, 31.2309763]]]}}, {"type": "Feature", "properties": {"building": true, "osm_id": 1220684274}, "geometry": {"type": "Polygon", "coordinates": [[[121.4369124, 31.2313478], [121.4367189, 31.2312627], [121.4367852, 31.2311526], [121.4369787, 31.2312377], [121.4369124, 31.2313478]]]}}, {"type": "Feature", "properties": {"building": true, "osm_id": 1220684275}, "geometry": {"type": "Polygon", "coordinates": [[[121.4379538, 31.2317213], [121.4374497, 31.2315662], [121.4375045, 31.2314361], [121.4377318, 31.2315049], [121.4378716, 31.2315477], [121.4378838, 31.2315186], [121.4380214, 31.2315608], [121.4379538, 31.2317213]]]}}, {"type": "Feature", "properties": {"building": true, "osm_id": 1220684276}, "geometry": {"type": "Polygon", "coordinates": [[[121.4374497, 31.2315662], [121.437295, 31.2315185], [121.4373498, 31.2313884], [121.4375045, 31.2314361], [121.4374497, 31.2315662]]]}}, {"type": "Feature", "properties": {"building": true, "osm_id": 1220684277}, "geometry": {"type": "Polygon", "coordinates": [[[121.4380214, 31.2315608], [121.4378838, 31.2315186], [121.4378716, 31.2315477], [121.4377318, 31.2315049], [121.4377671, 31.2314207], [121.4380445, 31.2315056], [121.4380214, 31.2315608]]]}}, {"type": "Feature", "properties": {"building": true, "osm_id": 1220684278}, "geometry": {"type": "Polygon", "coordinates": [[[121.4380276, 31.2311918], [121.4378609, 31.2311432], [121.4377669, 31.2313783], [121.4379336, 31.231427], [121.4380276, 31.2311918]]]}}, {"type": "Feature", "properties": {"building": true, "osm_id": 1220684279}, "geometry": {"type": "Polygon", "coordinates": [[[121.4371454, 31.2300979], [121.4372715, 31.2301715], [121.4368323, 31.2307217], [121.4367063, 31.2306482], [121.4371454, 31.2300979]]]}}, {"type": "Feature", "properties": {"building": true, "osm_id": 1220687402}, "geometry": {"type": "Polygon", "coordinates": [[[121.4399814, 31.2299762], [121.4404985, 31.2302131], [121.4404179, 31.2303418], [121.4399008, 31.230105], [121.4399814, 31.2299762]]]}}, {"type": "Feature", "properties": {"building": true, "osm_id": 1220687404}, "geometry": {"type": "Polygon", "coordinates": [[[121.4405487, 31.2296158], [121.4399952, 31.2293811], [121.4399331, 31.2294881], [121.4404868, 31.2297227], [121.4405487, 31.2296158]]]}}, {"type": "Feature", "properties": {"building": true, "osm_id": 1220687406}, "geometry": {"type": "Polygon", "coordinates": [[[121.4396481, 31.2296176], [121.4397875, 31.229677], [121.4397017, 31.2298243], [121.4395623, 31.2297649], [121.4396481, 31.2296176]]]}}, {"type": "Feature", "properties": {"building": true, "osm_id": 1220687407}, "geometry": {"type": "Polygon", "coordinates": [[[121.4396043, 31.22956], [121.4394408, 31.22949], [121.4393562, 31.2296344], [121.4395197, 31.2297044], [121.4396043, 31.22956]]]}}, {"type": "Feature", "properties": {"building": true, "osm_id": 1220988205}, "geometry": {"type": "Polygon", "coordinates": [[[121.4402156, 31.232135], [121.4400452, 31.2320474], [121.439974, 31.2321485], [121.4401444, 31.2322362], [121.4402156, 31.232135]]]}}, {"type": "Feature", "properties": {"building": true, "osm_id": 1220988206}, "geometry": {"type": "Polygon", "coordinates": [[[121.4377806, 31.2311273], [121.4374746, 31.2310354], [121.4374254, 31.2311552], [121.4374508, 31.2311629], [121.4374442, 31.2311789], [121.4373868, 31.2311614], [121.4373469, 31.2312571], [121.4374866, 31.2312997], [121.4375266, 31.231204], [121.4374731, 31.2311877], [121.4374798, 31.2311716], [121.4376706, 31.2312289], [121.4376636, 31.2312457], [121.4376248, 31.2312339], [121.4375849, 31.2313296], [121.4377155, 31.2313694], [121.4377554, 31.2312737], [121.4377017, 31.2312573], [121.4377087, 31.2312403], [121.4377314, 31.2312471], [121.4377806, 31.2311273]]]}}, {"type": "Feature", "properties": {"building": true, "osm_id": 1220988207}, "geometry": {"type": "Polygon", "coordinates": [[[121.4379924, 31.2283011], [121.4377143, 31.2281834], [121.4376486, 31.2282969], [121.4379267, 31.2284145], [121.4379924, 31.2283011]]]}}, {"type": "Feature", "properties": {"building": true, "osm_id": 1220988208}, "geometry": {"type": "Polygon", "coordinates": [[[121.4381234, 31.2280572], [121.4378452, 31.2279395], [121.4377796, 31.228053], [121.4380577, 31.2281707], [121.4381234, 31.2280572]]]}}, {"type": "Feature", "properties": {"building": true, "osm_id": 1220988209}, "geometry": {"type": "Polygon", "coordinates": [[[121.4382359, 31.2278261], [121.4379577, 31.2277084], [121.4378921, 31.2278219], [121.4381702, 31.2279395], [121.4382359, 31.2278261]]]}}, {"type": "Feature", "properties": {"building": true, "osm_id": 1220988210}, "geometry": {"type": "Polygon", "coordinates": [[[121.4378626, 31.2288245], [121.4377077, 31.228765], [121.4377345, 31.2287139], [121.4376081, 31.2286653], [121.4376351, 31.228614], [121.4375171, 31.2285687], [121.437589, 31.2284317], [121.4377103, 31.2284783], [121.4376839, 31.2285284], [121.4378064, 31.2285755], [121.4377764, 31.2286327], [121.437932, 31.2286925], [121.4378626, 31.2288245]]]}}, {"type": "Feature", "properties": {"building": true, "osm_id": 1220988211}, "geometry": {"type": "Polygon", "coordinates": [[[121.4384163, 31.2289152], [121.4383413, 31.2289769], [121.4383817, 31.2290128], [121.4383118, 31.2290704], [121.4383482, 31.2291027], [121.4382304, 31.2291998], [121.4379758, 31.2289738], [121.4380922, 31.2288779], [121.4381209, 31.2289034], [121.4381909, 31.2288458], [121.4382266, 31.2288775], [121.438303, 31.2288146], [121.4384163, 31.2289152]]]}}, {"type": "Feature", "properties": {"building": true, "osm_id": 1220988212}, "geometry": {"type": "Polygon", "coordinates": [[[121.4382359, 31.2277273], [121.43782, 31.2275402], [121.4378729, 31.2274543], [121.4381357, 31.2275726], [121.4381602, 31.2275328], [121.4383132, 31.2276017], [121.4382359, 31.2277273]]]}}, {"type": "Feature", "properties": {"building": true, "osm_id": 1220988213}, "geometry": {"type": "Polygon", "coordinates": [[[121.4372577, 31.2274055], [121.4375812, 31.2275634], [121.4375672, 31.2275845], [121.4377383, 31.2276679], [121.4378119, 31.2275575], [121.4373173, 31.2273162], [121.4372577, 31.2274055]]]}}, {"type": "Feature", "properties": {"building": true, "osm_id": 1220988214}, "geometry": {"type": "Polygon", "coordinates": [[[121.4383987, 31.2273637], [121.4381898, 31.227273], [121.4381248, 31.2273825], [121.4383336, 31.2274732], [121.4383987, 31.2273637]]]}}, {"type": "Feature", "properties": {"building": true, "osm_id": 1220988215}, "geometry": {"type": "Polygon", "coordinates": [[[121.43809, 31.2272933], [121.4376769, 31.2274172], [121.4376373, 31.2273207], [121.4380504, 31.2271967], [121.43809, 31.2272933]]]}}, {"type": "Feature", "properties": {"building": true, "osm_id": 1220989008}, "geometry": {"type": "Polygon", "coordinates": [[[121.4370324, 31.2261218], [121.4365973, 31.2258998], [121.43653, 31.2259962], [121.436965, 31.2262183], [121.4370324, 31.2261218]]]}}, {"type": "Feature", "properties": {"building": true, "osm_id": 1220989009}, "geometry": {"type": "Polygon", "coordinates": [[[121.4373269, 31.2264567], [121.4371224, 31.2262273], [121.437025, 31.2262908], [121.4372294, 31.2265202], [121.4373269, 31.2264567]]]}}, {"type": "Feature", "properties": {"building": true, "osm_id": 1221227026}, "geometry": {"type": "Polygon", "coordinates": [[[121.4376475, 31.2258783], [121.4375023, 31.2256128], [121.4374937, 31.2256058], [121.4374808, 31.2256027], [121.4374702, 31.2256035], [121.4374612, 31.2256086], [121.4374536, 31.2256161], [121.4373024, 31.2258166], [121.4375724, 31.2259586], [121.4376475, 31.2258783]]]}}, {"type": "Feature", "properties": {"building": true, "osm_id": 1221227027}, "geometry": {"type": "Polygon", "coordinates": [[[121.4382386, 31.225456], [121.4380523, 31.2253934], [121.438029, 31.2253344], [121.4380199, 31.2253305], [121.4379869, 31.225342], [121.4379169, 31.2253665], [121.4379197, 31.2253892], [121.4379397, 31.2253957], [121.4379933, 31.2254986], [121.4380103, 31.2255122], [121.4380089, 31.2255241], [121.4378786, 31.2255296], [121.437871, 31.2255406], [121.4379164, 31.2256256], [121.4379333, 31.2256337], [121.4380749, 31.2256262], [121.4381549, 31.2256633], [121.4381781, 31.225661], [121.4382202, 31.2255822], [121.4381999, 31.2255643], [121.4381789, 31.2255712], [121.4381371, 31.2255499], [121.4381468, 31.2255277], [121.4381758, 31.2255436], [121.4381968, 31.2255432], [121.4382386, 31.225456]]]}}, {"type": "Feature", "properties": {"building": true, "osm_id": 1221227028}, "geometry": {"type": "Polygon", "coordinates": [[[121.4376475, 31.2258783], [121.4378665, 31.2262208], [121.4378718, 31.2262368], [121.437867, 31.2262525], [121.4378571, 31.2262656], [121.437839, 31.2262769], [121.4378214, 31.2262822], [121.4378005, 31.2262826], [121.437781, 31.2262768], [121.4377628, 31.2262653], [121.4375724, 31.2259586], [121.4376475, 31.2258783]]]}}, {"type": "Feature", "properties": {"building": true, "osm_id": 1221227029}, "geometry": {"type": "Polygon", "coordinates": [[[121.4377304, 31.226626], [121.4376292, 31.2264039], [121.4377279, 31.226371], [121.4378291, 31.2265931], [121.4377304, 31.226626]]]}}, {"type": "Feature", "properties": {"building": true, "osm_id": 1221227030}, "geometry": {"type": "Polygon", "coordinates": [[[121.4375591, 31.2264272], [121.4374396, 31.2264674], [121.4375405, 31.2266872], [121.4376601, 31.226647], [121.4375591, 31.2264272]]]}}, {"type": "Feature", "properties": {"building": true, "osm_id": 1221227031}, "geometry": {"type": "Polygon", "coordinates": [[[121.4374611, 31.2267106], [121.4373688, 31.2265046], [121.4372524, 31.2265428], [121.4373447, 31.2267487], [121.4374611, 31.2267106]]]}}, {"type": "Feature", "properties": {"building": true, "osm_id": 1221227032}, "geometry": {"type": "Polygon", "coordinates": [[[121.437893, 31.2265698], [121.4377912, 31.2263479], [121.4378898, 31.2263148], [121.4379915, 31.2265367], [121.437893, 31.2265698]]]}}, {"type": "Feature", "properties": {"building": true, "osm_id": 1221227033}, "geometry": {"type": "Polygon", "coordinates": [[[121.4364567, 31.2262173], [121.4364335, 31.2262423], [121.4364661, 31.2262644], [121.4364811, 31.2262483], [121.4366096, 31.2263356], [121.4365942, 31.2263522], [121.4366435, 31.2263856], [121.4366669, 31.2263604], [121.4367305, 31.2264035], [121.4367165, 31.2264186], [121.4367556, 31.2264451], [121.4366884, 31.2265176], [121.4366101, 31.2264641], [121.4365956, 31.2264797], [121.4365199, 31.2264285], [121.4365344, 31.2264129], [121.436425, 31.2263388], [121.4364104, 31.2263545], [121.4363373, 31.226305], [121.4363518, 31.2262893], [121.4362731, 31.2262355], [121.4363405, 31.2261628], [121.4363778, 31.2261881], [121.4363917, 31.2261732], [121.4364567, 31.2262173]]]}}, {"type": "Feature", "properties": {"building": true, "osm_id": 1221227034}, "geometry": {"type": "Polygon", "coordinates": [[[121.4367082, 31.2269205], [121.4364935, 31.2269845], [121.436481, 31.2269532], [121.4363622, 31.2269736], [121.4362849, 31.2268879], [121.4363978, 31.2267844], [121.4364503, 31.2268429], [121.4366472, 31.2267834], [121.4367082, 31.2269205]]]}}, {"type": "Feature", "properties": {"building": true, "osm_id": 1221227035}, "geometry": {"type": "Polygon", "coordinates": [[[121.4371783, 31.226781], [121.4368731, 31.22687], [121.4368563, 31.2268503], [121.4368426, 31.226856], [121.4366988, 31.226688], [121.4368298, 31.226609], [121.4369736, 31.226784], [121.4370914, 31.2267478], [121.4370799, 31.2267169], [121.4371456, 31.2266973], [121.4371783, 31.226781]]]}}, {"type": "Feature", "properties": {"building": true, "osm_id": 1221227036}, "geometry": {"type": "Polygon", "coordinates": [[[121.4367638, 31.2257319], [121.4369337, 31.2256064], [121.4370069, 31.2256781], [121.4368419, 31.2258051], [121.4367638, 31.2257319]]]}}, {"type": "Feature", "properties": {"building": true, "osm_id": 1221227037}, "geometry": {"type": "Polygon", "coordinates": [[[121.4367638, 31.2257319], [121.4366422, 31.2258266], [121.4367203, 31.2258999], [121.4368419, 31.2258051], [121.4367638, 31.2257319]]]}}, {"type": "Feature", "properties": {"building": true, "osm_id": 1221228514}, "geometry": {"type": "Polygon", "coordinates": [[[121.4378992, 31.2244645], [121.4380217, 31.2242122], [121.4383514, 31.2243292], [121.4382289, 31.2245816], [121.4378992, 31.2244645]]]}}, {"type": "Feature", "properties": {"building": true, "osm_id": 1221228515}, "geometry": {"type": "Polygon", "coordinates": [[[121.4376923, 31.2249496], [121.4377299, 31.2249761], [121.4377103, 31.2249985], [121.4377268, 31.2250157], [121.4378161, 31.2250516], [121.4380335, 31.2250398], [121.4381442, 31.2250229], [121.438252, 31.2249991], [121.4384449, 31.2249382], [121.4384766, 31.2248554], [121.4385509, 31.2248795], [121.4385903, 31.2248138], [121.438307, 31.2247147], [121.4382088, 31.2248825], [121.4380715, 31.224916], [121.4379279, 31.2249235], [121.4377803, 31.2248868], [121.437802, 31.2248591], [121.4377496, 31.2248393], [121.4376923, 31.2249496]]]}}, {"type": "Feature", "properties": {"building": true, "osm_id": 1221228516}, "geometry": {"type": "Polygon", "coordinates": [[[121.4382289, 31.2245816], [121.4378992, 31.2244645], [121.4380217, 31.2242122], [121.4380882, 31.2240776], [121.4384177, 31.2241951], [121.4383514, 31.2243292], [121.4382289, 31.2245816]]]}}, {"type": "Feature", "properties": {"building": true, "osm_id": 1221228517}, "geometry": {"type": "Polygon", "coordinates": [[[121.4384812, 31.2262066], [121.4385851, 31.2261448], [121.4384199, 31.2259417], [121.4383869, 31.2259614], [121.4383691, 31.2259395], [121.4381115, 31.2260926], [121.4382133, 31.2262178], [121.4384, 31.2261068], [121.4384812, 31.2262066]]]}}, {"type": "Feature", "properties": {"building": true, "osm_id": 1221228518}, "geometry": {"type": "Polygon", "coordinates": [[[121.4392063, 31.2257835], [121.4391107, 31.2258412], [121.4389419, 31.225637], [121.4389662, 31.2256223], [121.4389494, 31.2256021], [121.438996, 31.2255739], [121.4390119, 31.2255931], [121.4390366, 31.2255781], [121.4392063, 31.2257835]]]}}, {"type": "Feature", "properties": {"building": true, "osm_id": 1221228519}, "geometry": {"type": "Polygon", "coordinates": [[[121.438916, 31.2259559], [121.4388223, 31.2260138], [121.4387744, 31.2259591], [121.4386521, 31.2258106], [121.4386737, 31.2257973], [121.4386568, 31.2257772], [121.4387034, 31.2257484], [121.4387196, 31.2257676], [121.4387441, 31.2257525], [121.438916, 31.2259559]]]}}, {"type": "Feature", "properties": {"building": true, "osm_id": 1221228520}, "geometry": {"type": "Polygon", "coordinates": [[[121.4393074, 31.2254206], [121.4392086, 31.2253041], [121.4390208, 31.2254207], [121.4389997, 31.2253959], [121.438903, 31.2254559], [121.4389963, 31.2255658], [121.4390999, 31.2255034], [121.439125, 31.2255339], [121.4393074, 31.2254206]]]}}, {"type": "Feature", "properties": {"building": true, "osm_id": 1221228521}, "geometry": {"type": "Polygon", "coordinates": [[[121.4389349, 31.2252506], [121.4386853, 31.225234], [121.4385917, 31.2252346], [121.4384619, 31.2252441], [121.4380896, 31.2253273], [121.4380511, 31.2252218], [121.4384542, 31.2251334], [121.4385718, 31.2251248], [121.4386758, 31.2251242], [121.4389501, 31.2251356], [121.4389349, 31.2252506]]]}}, {"type": "Feature", "properties": {"building": true, "osm_id": 1221229735}, "geometry": {"type": "Polygon", "coordinates": [[[121.4369773, 31.2271666], [121.4365846, 31.2272866], [121.4365851, 31.227295], [121.4368286, 31.2274064], [121.4368425, 31.2274002], [121.4369885, 31.2271791], [121.4369773, 31.2271666]]]}}, {"type": "Feature", "properties": {"building": true, "osm_id": 1221229736}, "geometry": {"type": "Polygon", "coordinates": [[[121.4377442, 31.2272202], [121.4376554, 31.2272458], [121.4375805, 31.2270559], [121.4379665, 31.2269447], [121.4380394, 31.2271298], [121.4379467, 31.2271565], [121.437907, 31.2270556], [121.4377026, 31.2271145], [121.4377442, 31.2272202]]]}}, {"type": "Feature", "properties": {"building": true, "osm_id": 1221229737}, "geometry": {"type": "Polygon", "coordinates": [[[121.4384859, 31.2257207], [121.4384314, 31.2256667], [121.4383638, 31.2256654], [121.4383691, 31.2256257], [121.4383742, 31.2256124], [121.4383758, 31.2255985], [121.4383736, 31.2255837], [121.4383675, 31.2255698], [121.4383564, 31.2255562], [121.4383416, 31.2255454], [121.4383227, 31.225538], [121.4383021, 31.2255352], [121.4382835, 31.225537], [121.438266, 31.2255426], [121.4382531, 31.22555], [121.4382423, 31.2255596], [121.4381968, 31.2255432], [121.4382386, 31.225456], [121.4380523, 31.2253934], [121.438029, 31.2253344], [121.4380199, 31.2253305], [121.4379869, 31.225342], [121.437938, 31.2252626], [121.4379023, 31.2252383], [121.4376983, 31.2252369], [121.437658, 31.2252513], [121.4376246, 31.2252734], [121.4376031, 31.2253], [121.437595, 31.2253239], [121.4375978, 31.2253551], [121.4377943, 31.2258082], [121.4378527, 31.2258895], [121.4378503, 31.2258998], [121.4378506, 31.2259103], [121.437854, 31.2259216], [121.4378603, 31.2259318], [121.4378706, 31.2259414], [121.4378834, 31.2259483], [121.4379001, 31.2259523], [121.4379175, 31.2259518], [121.4379316, 31.2259479], [121.437944, 31.225941], [121.4379532, 31.2259324], [121.4379597, 31.2259222], [121.4379634, 31.2259102], [121.4379633, 31.2258978], [121.4380393, 31.2258864], [121.4381738, 31.2259], [121.4384859, 31.2257207]]]}}, {"type": "Feature", "properties": {"building": true, "osm_id": 1221229738}, "geometry": {"type": "Polygon", "coordinates": [[[121.4393076, 31.2257558], [121.4387653, 31.2260821], [121.4387006, 31.2260035], [121.4387744, 31.2259591], [121.4386521, 31.2258106], [121.4386314, 31.2257854], [121.4389963, 31.2255658], [121.4390999, 31.2255034], [121.439125, 31.2255339], [121.4393076, 31.2257558]]]}}, {"type": "Feature", "properties": {"building": true, "osm_id": 1228647314}, "geometry": {"type": "Polygon", "coordinates": [[[121.4317106, 31.2282519], [121.4318394, 31.2282763], [121.4318609, 31.2281984], [121.4317464, 31.2281739], [121.4317106, 31.2282519]]]}}, {"type": "Feature", "properties": {"building": true, "osm_id": 1228647315}, "geometry": {"type": "Polygon", "coordinates": [[[121.4318946, 31.2282791], [121.4320845, 31.2283175], [121.4321022, 31.2282317], [121.4319264, 31.2281924], [121.4318946, 31.2282791]]]}}, {"type": "Feature", "properties": {"building": true, "osm_id": 1270284365}, "geometry": {"type": "Polygon", "coordinates": [[[121.4354469, 31.2318783], [121.4352448, 31.231779], [121.4354663, 31.2314494], [121.4355981, 31.2315141], [121.43558, 31.2315411], [121.4356504, 31.2315756], [121.4354469, 31.2318783]]]}}, {"type": "Feature", "properties": {"building": true, "osm_id": 1270284366}, "geometry": {"type": "Polygon", "coordinates": [[[121.4351476, 31.2322055], [121.4348389, 31.2320458], [121.4348615, 31.2320134], [121.43488, 31.2320094], [121.4348996, 31.2319817], [121.4349763, 31.2320214], [121.4349895, 31.2320027], [121.4349128, 31.231963], [121.4349619, 31.2318936], [121.435248, 31.2320415], [121.4351988, 31.2321111], [121.4351231, 31.232072], [121.4351102, 31.2320902], [121.4351858, 31.2321293], [121.435166, 31.2321573], [121.4351723, 31.2321722], [121.4351476, 31.2322055]]]}}, {"type": "Feature", "properties": {"building": true, "osm_id": 1270284367}, "geometry": {"type": "Polygon", "coordinates": [[[121.434607, 31.2316843], [121.4343803, 31.2315681], [121.4343368, 31.2316302], [121.4343741, 31.2316493], [121.4343621, 31.2316663], [121.4343085, 31.2316388], [121.434273, 31.2316895], [121.4342482, 31.2316947], [121.4342276, 31.231725], [121.4345184, 31.2318703], [121.4345399, 31.2318388], [121.4345306, 31.2318221], [121.4345659, 31.2317716], [121.4345054, 31.2317406], [121.4345183, 31.2317222], [121.434564, 31.2317457], [121.434607, 31.2316843]]]}}, {"type": "Feature", "properties": {"building": true, "osm_id": 1270284368}, "geometry": {"type": "Polygon", "coordinates": [[[121.4341363, 31.2322028], [121.4338763, 31.2320797], [121.4338135, 31.2321767], [121.4340735, 31.2322998], [121.4341363, 31.2322028]]]}}, {"type": "Feature", "properties": {"building": true, "osm_id": 1270284369}, "geometry": {"type": "Polygon", "coordinates": [[[121.4345, 31.2323718], [121.4342401, 31.2322488], [121.4341773, 31.2323458], [121.4344372, 31.2324688], [121.4345, 31.2323718]]]}}, {"type": "Feature", "properties": {"building": true, "osm_id": 1270284370}, "geometry": {"type": "Polygon", "coordinates": [[[121.4342762, 31.2320166], [121.4340159, 31.231894], [121.4339533, 31.2319911], [121.4342136, 31.2321137], [121.4342762, 31.2320166]]]}}, {"type": "Feature", "properties": {"building": true, "osm_id": 1270284371}, "geometry": {"type": "Polygon", "coordinates": [[[121.4345997, 31.2321636], [121.4343397, 31.2320406], [121.434277, 31.2321375], [121.4345369, 31.2322606], [121.4345997, 31.2321636]]]}}, {"type": "Feature", "properties": {"building": true, "osm_id": 1270284372}, "geometry": {"type": "Polygon", "coordinates": [[[121.4348664, 31.2324644], [121.4346095, 31.2323372], [121.4346948, 31.2322113], [121.4349517, 31.2323385], [121.4348664, 31.2324644]]]}}, {"type": "Feature", "properties": {"building": true, "osm_id": 1270284373}, "geometry": {"type": "Polygon", "coordinates": [[[121.4351142, 31.232432], [121.4349931, 31.2323722], [121.4348082, 31.2326459], [121.4349292, 31.2327057], [121.4351142, 31.232432]]]}}, {"type": "Feature", "properties": {"building": true, "osm_id": 1270284374}, "geometry": {"type": "Polygon", "coordinates": [[[121.434741, 31.2326551], [121.434483, 31.2325357], [121.4345265, 31.232467], [121.4346845, 31.2325401], [121.4346928, 31.2325269], [121.4347928, 31.2325732], [121.434741, 31.2326551]]]}}, {"type": "Feature", "properties": {"building": true, "osm_id": 1270284375}, "geometry": {"type": "Polygon", "coordinates": [[[121.4340411, 31.2324062], [121.4338418, 31.232318], [121.4337635, 31.2324474], [121.4339629, 31.2325355], [121.4340411, 31.2324062]]]}}, {"type": "Feature", "properties": {"building": true, "osm_id": 1383438513}, "geometry": {"type": "Polygon", "coordinates": [[[121.4372499, 31.2342195], [121.437341, 31.2340998], [121.4374641, 31.2341683], [121.437373, 31.234288], [121.4372499, 31.2342195]]]}}, {"type": "Feature", "properties": {"building": true, "osm_id": 1383438514}, "geometry": {"type": "Polygon", "coordinates": [[[121.437555, 31.2339902], [121.4377239, 31.2337608], [121.4378498, 31.2338287], [121.4376809, 31.234058], [121.437555, 31.2339902]]]}}, {"type": "Feature", "properties": {"building": true, "osm_id": 1383438515}, "geometry": {"type": "Polygon", "coordinates": [[[121.4376286, 31.2342117], [121.4376894, 31.2341244], [121.4378084, 31.2341849], [121.4377479, 31.2342722], [121.4376286, 31.2342117]]]}}, {"type": "Feature", "properties": {"building": true, "osm_id": 1383438517}, "geometry": {"type": "Polygon", "coordinates": [[[121.4376894, 31.2341244], [121.4377444, 31.2340452], [121.4378635, 31.2341057], [121.4378084, 31.2341849], [121.4376894, 31.2341244]]]}}, {"type": "Feature", "properties": {"building": true, "osm_id": 1383438518}, "geometry": {"type": "Polygon", "coordinates": [[[121.4377444, 31.2340452], [121.4377989, 31.233967], [121.4379177, 31.2340274], [121.4378871, 31.2340714], [121.4378635, 31.2341057], [121.4377444, 31.2340452]]]}}, {"type": "Feature", "properties": {"building": true, "osm_id": 1383438519}, "geometry": {"type": "Polygon", "coordinates": [[[121.4377989, 31.233967], [121.4378528, 31.2338898], [121.4379712, 31.23395], [121.4379437, 31.2339896], [121.4379177, 31.2340274], [121.4377989, 31.233967]]]}}, {"type": "Feature", "properties": {"building": true, "osm_id": 1383438520}, "geometry": {"type": "Polygon", "coordinates": [[[121.4378528, 31.2338898], [121.4379093, 31.2338087], [121.4380276, 31.233869], [121.4379712, 31.23395], [121.4378528, 31.2338898]]]}}, {"type": "Feature", "properties": {"building": true, "osm_id": 1383438521}, "geometry": {"type": "Polygon", "coordinates": [[[121.4379256, 31.2341724], [121.4379661, 31.2341106], [121.4380219, 31.2340282], [121.4382572, 31.234143], [121.4381615, 31.234287], [121.4379256, 31.2341724]]]}}, {"type": "Feature", "properties": {"building": true, "osm_id": 1383438522}, "geometry": {"type": "Polygon", "coordinates": [[[121.4382074, 31.2343023], [121.4383062, 31.2341595], [121.4384481, 31.2342313], [121.4383492, 31.2343741], [121.4382074, 31.2343023]]]}}, {"type": "Feature", "properties": {"building": true, "osm_id": 1383438523}, "geometry": {"type": "Polygon", "coordinates": [[[121.4380421, 31.233996], [121.4381083, 31.2338972], [121.4382193, 31.2339516], [121.438153, 31.2340504], [121.4380421, 31.233996]]]}}, {"type": "Feature", "properties": {"building": true, "osm_id": 1383438524}, "geometry": {"type": "Polygon", "coordinates": [[[121.438153, 31.2340504], [121.4382193, 31.2339516], [121.4383315, 31.2340065], [121.4382902, 31.2340681], [121.4382652, 31.2341054], [121.438153, 31.2340504]]]}}, {"type": "Feature", "properties": {"building": true, "osm_id": 1383438525}, "geometry": {"type": "Polygon", "coordinates": [[[121.4384321, 31.234186], [121.4384975, 31.2340871], [121.4386103, 31.2341416], [121.4385825, 31.2341835], [121.4385449, 31.2342405], [121.4384321, 31.234186]]]}}, {"type": "Feature", "properties": {"building": true, "osm_id": 1383438526}, "geometry": {"type": "Polygon", "coordinates": [[[121.4383205, 31.234132], [121.438345, 31.2340948], [121.4383861, 31.2340331], [121.4384975, 31.2340871], [121.4384321, 31.234186], [121.4383205, 31.234132]]]}}, {"type": "Feature", "properties": {"building": true, "osm_id": 1383438527}, "geometry": {"type": "Polygon", "coordinates": [[[121.4380294, 31.2345408], [121.43814, 31.2343759], [121.4384147, 31.2345106], [121.4383927, 31.2345435], [121.4383746, 31.2345706], [121.4383041, 31.2346756], [121.4380294, 31.2345408]]]}}, {"type": "Feature", "properties": {"building": true, "osm_id": 1383438528}, "geometry": {"type": "Polygon", "coordinates": [[[121.4377658, 31.2342923], [121.4377953, 31.2342462], [121.4379612, 31.2343237], [121.4379711, 31.2343081], [121.4380856, 31.2343616], [121.4380463, 31.2344232], [121.4377658, 31.2342923]]]}}, {"type": "Feature", "properties": {"building": true, "osm_id": 1383438529}, "geometry": {"type": "Polygon", "coordinates": [[[121.4379661, 31.2341106], [121.4378871, 31.2340714], [121.4379177, 31.2340274], [121.4379437, 31.2339896], [121.4380219, 31.2340282], [121.4379661, 31.2341106]]]}}, {"type": "Feature", "properties": {"building": true, "osm_id": 1383438530}, "geometry": {"type": "Polygon", "coordinates": [[[121.4383315, 31.2340065], [121.4383861, 31.2340331], [121.438345, 31.2340948], [121.4382902, 31.2340681], [121.4383315, 31.2340065]]]}}, {"type": "Feature", "properties": {"building": true, "osm_id": 1383438531}, "geometry": {"type": "Polygon", "coordinates": [[[121.4383041, 31.2346756], [121.4383697, 31.2347078], [121.4384402, 31.2346028], [121.4383746, 31.2345706], [121.4383041, 31.2346756]]]}}, {"type": "Feature", "properties": {"building": true, "osm_id": 1383438532}, "geometry": {"type": "Polygon", "coordinates": [[[121.4383927, 31.2345435], [121.4384586, 31.2345765], [121.4385216, 31.2344846], [121.4384555, 31.2344515], [121.4384147, 31.2345106], [121.4383927, 31.2345435]]]}}, {"type": "Feature", "properties": {"building": true, "osm_id": 1383438533}, "geometry": {"type": "Polygon", "coordinates": [[[121.4384877, 31.2344073], [121.4385166, 31.2343637], [121.4385452, 31.2343775], [121.4385388, 31.2343872], [121.4385786, 31.2344065], [121.4385561, 31.2344404], [121.4384877, 31.2344073]]]}}, {"type": "Feature", "properties": {"building": true, "osm_id": 1383438534}, "geometry": {"type": "Polygon", "coordinates": [[[121.4383876, 31.2343991], [121.4384884, 31.2342465], [121.438562, 31.2342821], [121.4386163, 31.2341998], [121.438644, 31.2341578], [121.4387005, 31.2341851], [121.4385978, 31.2343405], [121.4385245, 31.2343051], [121.4384443, 31.2344265], [121.4383876, 31.2343991]]]}}, {"type": "Feature", "properties": {"building": true, "osm_id": 1383438535}, "geometry": {"type": "Polygon", "coordinates": [[[121.4386103, 31.2341416], [121.438644, 31.2341578], [121.4386163, 31.2341998], [121.4385825, 31.2341835], [121.4386103, 31.2341416]]]}}, {"type": "Feature", "properties": {"building": true, "osm_id": 1383438536}, "geometry": {"type": "Polygon", "coordinates": [[[121.4384968, 31.2346585], [121.4387941, 31.2342103], [121.4388666, 31.2342465], [121.4388937, 31.2342721], [121.4389031, 31.2342992], [121.4389021, 31.2343312], [121.43889, 31.2343607], [121.4388685, 31.234399], [121.4388255, 31.2344613], [121.4387826, 31.2345132], [121.4386985, 31.2345979], [121.4386594, 31.2346373], [121.4386187, 31.2346783], [121.438605, 31.2346726], [121.4385859, 31.2347009], [121.4385683, 31.2346925], [121.4384968, 31.2346585]]]}}, {"type": "Feature", "properties": {"building": true, "osm_id": 1383438537}, "geometry": {"type": "Polygon", "coordinates": [[[121.4375568, 31.2341312], [121.4375895, 31.2340772], [121.437642, 31.2341004], [121.4376094, 31.2341544], [121.4375568, 31.2341312]]]}}, {"type": "Feature", "properties": {"building": true, "osm_id": 1383438538}, "geometry": {"type": "Polygon", "coordinates": [[[121.4374778, 31.2336818], [121.437481, 31.2336759], [121.437461, 31.233668], [121.4374814, 31.2336304], [121.437565, 31.2336637], [121.4375414, 31.2337071], [121.4374778, 31.2336818]]]}}, {"type": "Feature", "properties": {"building": true, "osm_id": 1383438539}, "geometry": {"type": "Polygon", "coordinates": [[[121.4371571, 31.234643], [121.4371843, 31.2345986], [121.4372746, 31.234639], [121.4372474, 31.2346835], [121.4371571, 31.234643]]]}}, {"type": "Feature", "properties": {"building": true, "osm_id": 1383438540}, "geometry": {"type": "Polygon", "coordinates": [[[121.4370814, 31.2350049], [121.4372242, 31.2347809], [121.4377882, 31.2350437], [121.4377719, 31.2350693], [121.4378517, 31.2351065], [121.4377252, 31.235305], [121.4370814, 31.2350049]]]}}, {"type": "Feature", "properties": {"building": true, "osm_id": 1383438542}, "geometry": {"type": "Polygon", "coordinates": [[[121.4378758, 31.234942], [121.4380442, 31.2346696], [121.4382599, 31.2347806], [121.4382889, 31.2347769], [121.4383157, 31.2347797], [121.4383339, 31.2347934], [121.438346, 31.2348183], [121.4383457, 31.2348384], [121.4383339, 31.2348531], [121.4382384, 31.2349329], [121.4381687, 31.2349044], [121.4380764, 31.2350365], [121.4378758, 31.234942]]]}}, {"type": "Feature", "properties": {"building": true, "osm_id": 1383438543}, "geometry": {"type": "Polygon", "coordinates": [[[121.4373656, 31.2346248], [121.4374083, 31.2345646], [121.4375737, 31.2346504], [121.4375309, 31.2347106], [121.4373656, 31.2346248]]]}}, {"type": "Feature", "properties": {"building": true, "osm_id": 1383438544}, "geometry": {"type": "Polygon", "coordinates": [[[121.4375665, 31.234794], [121.4376094, 31.2347255], [121.4377805, 31.2348038], [121.4377376, 31.2348724], [121.4375665, 31.234794]]]}}, {"type": "Feature", "properties": {"building": true, "osm_id": 1383475415}, "geometry": {"type": "Polygon", "coordinates": [[[121.4366211, 31.2350073], [121.4367349, 31.2348053], [121.4368502, 31.2348527], [121.4368374, 31.2348756], [121.4369684, 31.2349294], [121.4368548, 31.2351313], [121.4368243, 31.2351188], [121.4368363, 31.2350974], [121.4367274, 31.2350526], [121.4367214, 31.2350632], [121.4366636, 31.2350395], [121.4366703, 31.2350276], [121.4366211, 31.2350073]]]}}, {"type": "Feature", "properties": {"building": true, "osm_id": 1383475416}, "geometry": {"type": "Polygon", "coordinates": [[[121.4367458, 31.2347692], [121.4369361, 31.2344412], [121.4370587, 31.2344932], [121.4368685, 31.2348213], [121.4367458, 31.2347692]]]}}, {"type": "Feature", "properties": {"building": true, "osm_id": 1383481728}, "geometry": {"type": "Polygon", "coordinates": [[[121.4360643, 31.2336751], [121.4361371, 31.2335578], [121.4362949, 31.2336293], [121.4362468, 31.233707], [121.4362876, 31.2337255], [121.4362374, 31.2338065], [121.436191, 31.2337855], [121.4362166, 31.2337441], [121.4360643, 31.2336751]]]}}, {"type": "Feature", "properties": {"building": true, "osm_id": 1383481729}, "geometry": {"type": "Polygon", "coordinates": [[[121.4361751, 31.233458], [121.4362037, 31.2334106], [121.4361878, 31.2334036], [121.4362362, 31.2333233], [121.4364763, 31.2334291], [121.4363993, 31.2335568], [121.4361751, 31.233458]]]}}, {"type": "Feature", "properties": {"building": true, "osm_id": 1383481730}, "geometry": {"type": "Polygon", "coordinates": [[[121.4362965, 31.2336177], [121.4363392, 31.233547], [121.4363802, 31.2335651], [121.4363374, 31.2336358], [121.4362965, 31.2336177]]]}}, {"type": "Feature", "properties": {"building": true, "osm_id": 1383481731}, "geometry": {"type": "Polygon", "coordinates": [[[121.4364628, 31.2333999], [121.4365076, 31.233321], [121.4365421, 31.2333353], [121.4364973, 31.2334142], [121.4364628, 31.2333999]]]}}, {"type": "Feature", "properties": {"building": true, "osm_id": 1383481732}, "geometry": {"type": "Polygon", "coordinates": [[[121.4358671, 31.2346636], [121.435891, 31.2346254], [121.4359094, 31.2346339], [121.4359489, 31.2345708], [121.4359645, 31.234578], [121.4360061, 31.2345115], [121.4360399, 31.2345269], [121.4360349, 31.2345349], [121.436073, 31.2345523], [121.436067, 31.2345619], [121.4361841, 31.2346155], [121.4361926, 31.2346019], [121.4362646, 31.2346348], [121.4362281, 31.2346931], [121.4362374, 31.2347016], [121.4362049, 31.2347539], [121.4362293, 31.234765], [121.436199, 31.2348138], [121.4360709, 31.2347556], [121.4360965, 31.2347143], [121.4361219, 31.2347259], [121.4361375, 31.2347009], [121.4360197, 31.2346473], [121.4360094, 31.2346639], [121.4360255, 31.2346712], [121.4359941, 31.2347216], [121.4358671, 31.2346636]]]}}, {"type": "Feature", "properties": {"building": true, "osm_id": 1383481733}, "geometry": {"type": "Polygon", "coordinates": [[[121.435839, 31.2345976], [121.4357868, 31.2345714], [121.4357998, 31.2345525], [121.4356907, 31.2344977], [121.4357573, 31.2344008], [121.4359186, 31.2344819], [121.435839, 31.2345976]]]}}, {"type": "Feature", "properties": {"building": true, "osm_id": 1383481734}, "geometry": {"type": "Polygon", "coordinates": [[[121.4342586, 31.2349377], [121.4343076, 31.2348268], [121.4345074, 31.2348913], [121.4344585, 31.2350022], [121.4342586, 31.2349377]]]}}, {"type": "Feature", "properties": {"building": true, "osm_id": 1383481735}, "geometry": {"type": "Polygon", "coordinates": [[[121.4344585, 31.2350022], [121.4349876, 31.235173], [121.4350365, 31.2350622], [121.4345074, 31.2348913], [121.4344585, 31.2350022]]]}}, {"type": "Feature", "properties": {"building": true, "osm_id": 1383481736}, "geometry": {"type": "Polygon", "coordinates": [[[121.4342992, 31.2347853], [121.4343396, 31.2346923], [121.4345394, 31.2347556], [121.4344991, 31.2348486], [121.4342992, 31.2347853]]]}}, {"type": "Feature", "properties": {"building": true, "osm_id": 1383481737}, "geometry": {"type": "Polygon", "coordinates": [[[121.4337516, 31.2346593], [121.4338232, 31.2345598], [121.4342151, 31.2347656], [121.4341436, 31.2348653], [121.4337516, 31.2346593]]]}}, {"type": "Feature", "properties": {"building": true, "osm_id": 1383481738}, "geometry": {"type": "Polygon", "coordinates": [[[121.4340768, 31.2343445], [121.4341054, 31.2343058], [121.4341252, 31.2343164], [121.4341693, 31.2342567], [121.4341462, 31.2342442], [121.4341965, 31.2341762], [121.4342494, 31.2342048], [121.4342681, 31.2341795], [121.4343036, 31.2341987], [121.4342663, 31.2342492], [121.4342932, 31.2342637], [121.4343334, 31.2342094], [121.4343793, 31.2342342], [121.4343665, 31.2342514], [121.4344202, 31.2342804], [121.4343624, 31.2343586], [121.4343304, 31.2343414], [121.4342839, 31.2344044], [121.4343068, 31.2344168], [121.4342845, 31.234447], [121.4342231, 31.2344138], [121.4342466, 31.234382], [121.4341714, 31.2343413], [121.4341428, 31.2343801], [121.4340768, 31.2343445]]]}}, {"type": "Feature", "properties": {"building": true, "osm_id": 1383481739}, "geometry": {"type": "Polygon", "coordinates": [[[121.4342708, 31.2339313], [121.4343137, 31.2339541], [121.4343324, 31.2339283], [121.4343897, 31.2339588], [121.4344082, 31.2339335], [121.4344425, 31.2339518], [121.4344229, 31.2339788], [121.4344913, 31.2340153], [121.4344778, 31.2340338], [121.4345117, 31.2340518], [121.434576, 31.2339637], [121.4345414, 31.2339453], [121.4346207, 31.2338365], [121.4345603, 31.2338044], [121.4345243, 31.2338537], [121.4344735, 31.2338266], [121.4345075, 31.2337799], [121.4344561, 31.2337526], [121.4343819, 31.2338545], [121.4343421, 31.2338333], [121.4342708, 31.2339313]]]}}, {"type": "Feature", "properties": {"building": true, "osm_id": 1383481740}, "geometry": {"type": "Polygon", "coordinates": [[[121.4345022, 31.2335696], [121.4345795, 31.2334612], [121.4348534, 31.2336039], [121.4347762, 31.2337123], [121.4345022, 31.2335696]]]}}, {"type": "Feature", "properties": {"building": true, "osm_id": 1383481741}, "geometry": {"type": "Polygon", "coordinates": [[[121.4346581, 31.233356], [121.4347409, 31.2332363], [121.4348116, 31.2332728], [121.4347816, 31.2333161], [121.4348295, 31.2333404], [121.4348513, 31.2333089], [121.4350085, 31.2333884], [121.4349342, 31.2334957], [121.4346581, 31.233356]]]}}, {"type": "Feature", "properties": {"building": true, "osm_id": 1383481742}, "geometry": {"type": "Polygon", "coordinates": [[[121.4348116, 31.2332728], [121.4347409, 31.2332363], [121.4347116, 31.2332212], [121.4349753, 31.2328472], [121.4350752, 31.2328987], [121.4348116, 31.2332728]]]}}, {"type": "Feature", "properties": {"building": true, "osm_id": 1383481743}, "geometry": {"type": "Polygon", "coordinates": [[[121.4349994, 31.2328191], [121.4351076, 31.2326594], [121.435223, 31.2327166], [121.4351148, 31.2328763], [121.4349994, 31.2328191]]]}}, {"type": "Feature", "properties": {"building": true, "osm_id": 1383481744}, "geometry": {"type": "Polygon", "coordinates": [[[121.4352125, 31.2327085], [121.4352722, 31.2326202], [121.4354521, 31.2327091], [121.4353923, 31.2327975], [121.4352125, 31.2327085]]]}}, {"type": "Feature", "properties": {"building": true, "osm_id": 1383481745}, "geometry": {"type": "Polygon", "coordinates": [[[121.4349406, 31.23324], [121.4349974, 31.233161], [121.4351196, 31.2332253], [121.4350628, 31.2333042], [121.4349406, 31.23324]]]}}, {"type": "Feature", "properties": {"building": true, "osm_id": 1383481746}, "geometry": {"type": "Polygon", "coordinates": [[[121.4350585, 31.2330679], [121.4351153, 31.2329889], [121.4352375, 31.2330532], [121.4351807, 31.2331321], [121.4350585, 31.2330679]]]}}, {"type": "Feature", "properties": {"building": true, "osm_id": 1383481747}, "geometry": {"type": "Polygon", "coordinates": [[[121.435169, 31.2328835], [121.4352258, 31.2328045], [121.435348, 31.2328688], [121.4352912, 31.2329478], [121.435169, 31.2328835]]]}}, {"type": "Feature", "properties": {"building": true, "osm_id": 1383481748}, "geometry": {"type": "Polygon", "coordinates": [[[121.4351646, 31.2351113], [121.4354078, 31.2347471], [121.4353898, 31.2347383], [121.4354758, 31.2346095], [121.4357688, 31.2347525], [121.435672, 31.2348975], [121.4355869, 31.234856], [121.435604, 31.2348304], [121.4355704, 31.234814], [121.435385, 31.2350917], [121.4358612, 31.2353241], [121.4359156, 31.2352426], [121.4360191, 31.2352931], [121.4359006, 31.2354705], [121.4351646, 31.2351113]]]}}, {"type": "Feature", "properties": {"building": true, "osm_id": 1383481749}, "geometry": {"type": "Polygon", "coordinates": [[[121.4360754, 31.235273], [121.4361844, 31.2351021], [121.4360956, 31.2350607], [121.4361646, 31.2349525], [121.4363606, 31.2350438], [121.4361827, 31.235323], [121.4360754, 31.235273]]]}}, {"type": "Feature", "properties": {"building": true, "osm_id": 1383481750}, "geometry": {"type": "Polygon", "coordinates": [[[121.4362331, 31.234809], [121.4363542, 31.2348641], [121.4363803, 31.2348221], [121.4363317, 31.2348], [121.4363702, 31.234738], [121.4362977, 31.234705], [121.4362331, 31.234809]]]}}, {"type": "Feature", "properties": {"building": true, "osm_id": 1383481751}, "geometry": {"type": "Polygon", "coordinates": [[[121.4365531, 31.2339832], [121.4365788, 31.2339334], [121.4366402, 31.2339565], [121.4366145, 31.2340063], [121.4365531, 31.2339832]]]}}, {"type": "Feature", "properties": {"building": true, "osm_id": 1383481752}, "geometry": {"type": "Polygon", "coordinates": [[[121.4365744, 31.2339109], [121.436698, 31.2336938], [121.4367716, 31.2337244], [121.4366481, 31.2339416], [121.4365744, 31.2339109]]]}}, {"type": "Feature", "properties": {"building": true, "osm_id": 1383481753}, "geometry": {"type": "Polygon", "coordinates": [[[121.4367242, 31.2336679], [121.4367719, 31.2335865], [121.4368278, 31.2336105], [121.4367801, 31.2336919], [121.4367242, 31.2336679]]]}}, {"type": "Feature", "properties": {"building": true, "osm_id": 1383481754}, "geometry": {"type": "Polygon", "coordinates": [[[121.4368225, 31.2335749], [121.4368839, 31.2334665], [121.436919, 31.233481], [121.4368795, 31.2335508], [121.4369891, 31.2335962], [121.4369672, 31.2336348], [121.4368225, 31.2335749]]]}}, {"type": "Feature", "properties": {"building": true, "osm_id": 1383481755}, "geometry": {"type": "Polygon", "coordinates": [[[121.4369151, 31.2334242], [121.4369468, 31.2333616], [121.4370972, 31.2334283], [121.4371216, 31.2334568], [121.4371379, 31.2334805], [121.4371436, 31.2335048], [121.437146, 31.2335305], [121.4371127, 31.2335959], [121.4370395, 31.2335604], [121.4370729, 31.2334923], [121.4369151, 31.2334242]]]}}, {"type": "Feature", "properties": {"building": true, "osm_id": 1383481756}, "geometry": {"type": "Polygon", "coordinates": [[[121.4365767, 31.2333341], [121.4366373, 31.2332331], [121.4368819, 31.2333405], [121.4368213, 31.2334414], [121.4365767, 31.2333341]]]}}, {"type": "Feature", "properties": {"building": true, "osm_id": 1383481757}, "geometry": {"type": "Polygon", "coordinates": [[[121.4364869, 31.2334794], [121.4365475, 31.2333784], [121.4367921, 31.2334858], [121.4367315, 31.2335867], [121.4364869, 31.2334794]]]}}, {"type": "Feature", "properties": {"building": true, "osm_id": 1383481758}, "geometry": {"type": "Polygon", "coordinates": [[[121.4363958, 31.2336386], [121.4364564, 31.2335376], [121.436701, 31.233645], [121.4366404, 31.2337459], [121.4363958, 31.2336386]]]}}, {"type": "Feature", "properties": {"building": true, "osm_id": 1383481759}, "geometry": {"type": "Polygon", "coordinates": [[[121.4363031, 31.233795], [121.4363638, 31.233694], [121.4366083, 31.2338014], [121.4365477, 31.2339024], [121.4363031, 31.233795]]]}}, {"type": "Feature", "properties": {"building": true, "osm_id": 1383481760}, "geometry": {"type": "Polygon", "coordinates": [[[121.4351565, 31.2332893], [121.4351821, 31.2332478], [121.4352146, 31.2332626], [121.4352264, 31.2332435], [121.4353052, 31.2332792], [121.4352897, 31.2333042], [121.4353197, 31.2333178], [121.4353078, 31.233337], [121.4352978, 31.2333533], [121.4351565, 31.2332893]]]}}, {"type": "Feature", "properties": {"building": true, "osm_id": 1383481761}, "geometry": {"type": "Polygon", "coordinates": [[[121.4353078, 31.233337], [121.4353197, 31.2333178], [121.4353243, 31.2333107], [121.4353824, 31.2333376], [121.4353658, 31.2333639], [121.4353078, 31.233337]]]}}, {"type": "Feature", "properties": {"building": true, "osm_id": 1383481762}, "geometry": {"type": "Polygon", "coordinates": [[[121.4353751, 31.2333659], [121.4353978, 31.2333281], [121.4354152, 31.2333357], [121.4354269, 31.2333163], [121.4354075, 31.2333078], [121.4354506, 31.2332362], [121.4354909, 31.233254], [121.4354135, 31.2333827], [121.4353751, 31.2333659]]]}}, {"type": "Feature", "properties": {"building": true, "osm_id": 1383481763}, "geometry": {"type": "Polygon", "coordinates": [[[121.4354518, 31.233399], [121.4354745, 31.2333612], [121.435457, 31.2333535], [121.4354687, 31.2333341], [121.4354881, 31.2333426], [121.4355311, 31.2332711], [121.4354909, 31.233254], [121.4354135, 31.2333827], [121.4354518, 31.233399]]]}}, {"type": "Feature", "properties": {"building": true, "osm_id": 1383481764}, "geometry": {"type": "Polygon", "coordinates": [[[121.4354518, 31.233399], [121.4354745, 31.2333612], [121.4354936, 31.2333689], [121.4355053, 31.2333503], [121.4354881, 31.2333426], [121.4355311, 31.2332711], [121.4355708, 31.2332866], [121.4354934, 31.2334154], [121.4354518, 31.233399]]]}}, {"type": "Feature", "properties": {"building": true, "osm_id": 1383481765}, "geometry": {"type": "Polygon", "coordinates": [[[121.4355366, 31.2334338], [121.4355593, 31.2333968], [121.4355792, 31.2334055], [121.4355915, 31.2333856], [121.4355715, 31.2333765], [121.4356176, 31.2333074], [121.4356558, 31.2333238], [121.4355784, 31.2334525], [121.4355366, 31.2334338]]]}}, {"type": "Feature", "properties": {"building": true, "osm_id": 1383481766}, "geometry": {"type": "Polygon", "coordinates": [[[121.4355366, 31.2334338], [121.4355593, 31.2333968], [121.4355427, 31.2333886], [121.4355556, 31.2333689], [121.4355715, 31.2333765], [121.4356176, 31.2333074], [121.4355708, 31.2332866], [121.4354934, 31.2334154], [121.4355366, 31.2334338]]]}}, {"type": "Feature", "properties": {"building": true, "osm_id": 1383481767}, "geometry": {"type": "Polygon", "coordinates": [[[121.4352123, 31.2332034], [121.4352809, 31.2330962], [121.4353562, 31.2331314], [121.4353097, 31.2332041], [121.4352787, 31.2331896], [121.4352566, 31.2332241], [121.4352123, 31.2332034]]]}}, {"type": "Feature", "properties": {"building": true, "osm_id": 1383481768}, "geometry": {"type": "Polygon", "coordinates": [[[121.4353606, 31.2332726], [121.4354291, 31.2331655], [121.4353562, 31.2331314], [121.4353097, 31.2332041], [121.4353382, 31.2332174], [121.4353162, 31.2332518], [121.4353606, 31.2332726]]]}}, {"type": "Feature", "properties": {"building": true, "osm_id": 1383481769}, "geometry": {"type": "Polygon", "coordinates": [[[121.4354662, 31.2330913], [121.4355347, 31.2329842], [121.4354618, 31.2329501], [121.4354153, 31.2330228], [121.4354438, 31.2330361], [121.4354218, 31.2330705], [121.4354662, 31.2330913]]]}}, {"type": "Feature", "properties": {"building": true, "osm_id": 1383481770}, "geometry": {"type": "Polygon", "coordinates": [[[121.4353179, 31.2330221], [121.4353865, 31.2329149], [121.4354618, 31.2329501], [121.4354153, 31.2330228], [121.4353842, 31.2330083], [121.4353622, 31.2330427], [121.4353179, 31.2330221]]]}}, {"type": "Feature", "properties": {"building": true, "osm_id": 1383481771}, "geometry": {"type": "Polygon", "coordinates": [[[121.4356092, 31.2334824], [121.4356592, 31.2334029], [121.435722, 31.2334316], [121.435672, 31.2335113], [121.4356092, 31.2334824]]]}}, {"type": "Feature", "properties": {"building": true, "osm_id": 1383481772}, "geometry": {"type": "Polygon", "coordinates": [[[121.435672, 31.2335113], [121.435722, 31.2334316], [121.4357912, 31.2334631], [121.4357411, 31.2335431], [121.435672, 31.2335113]]]}}, {"type": "Feature", "properties": {"building": true, "osm_id": 1383481773}, "geometry": {"type": "Polygon", "coordinates": [[[121.4357411, 31.2335431], [121.4357912, 31.2334631], [121.4358558, 31.2334926], [121.4358056, 31.2335728], [121.4357411, 31.2335431]]]}}, {"type": "Feature", "properties": {"building": true, "osm_id": 1383481774}, "geometry": {"type": "Polygon", "coordinates": [[[121.4358056, 31.2335728], [121.4358558, 31.2334926], [121.4359223, 31.2335229], [121.435872, 31.2336033], [121.4358056, 31.2335728]]]}}, {"type": "Feature", "properties": {"building": true, "osm_id": 1383481775}, "geometry": {"type": "Polygon", "coordinates": [[[121.4359168, 31.2336239], [121.4359672, 31.2335434], [121.4360217, 31.2335684], [121.4359713, 31.2336488], [121.4359168, 31.2336239]]]}}, {"type": "Feature", "properties": {"building": true, "osm_id": 1383481776}, "geometry": {"type": "Polygon", "coordinates": [[[121.435872, 31.2336033], [121.4359223, 31.2335229], [121.4359672, 31.2335434], [121.4359168, 31.2336239], [121.435872, 31.2336033]]]}}, {"type": "Feature", "properties": {"building": true, "osm_id": 1383481777}, "geometry": {"type": "Polygon", "coordinates": [[[121.4356769, 31.2333582], [121.4357263, 31.2332783], [121.4357977, 31.2333106], [121.4357482, 31.2333905], [121.4356769, 31.2333582]]]}}, {"type": "Feature", "properties": {"building": true, "osm_id": 1383481778}, "geometry": {"type": "Polygon", "coordinates": [[[121.4357482, 31.2333905], [121.4358864, 31.2334531], [121.4359359, 31.2333732], [121.4357977, 31.2333106], [121.4357482, 31.2333905]]]}}, {"type": "Feature", "properties": {"building": true, "osm_id": 1383481779}, "geometry": {"type": "Polygon", "coordinates": [[[121.4358864, 31.2334531], [121.4360454, 31.2335251], [121.4360949, 31.2334453], [121.4359359, 31.2333732], [121.4358864, 31.2334531]]]}}, {"type": "Feature", "properties": {"building": true, "osm_id": 1383481780}, "geometry": {"type": "Polygon", "coordinates": [[[121.4357511, 31.2332393], [121.435802, 31.2331569], [121.4359362, 31.2332175], [121.4358852, 31.2332999], [121.4357511, 31.2332393]]]}}, {"type": "Feature", "properties": {"building": true, "osm_id": 1383481781}, "geometry": {"type": "Polygon", "coordinates": [[[121.4358852, 31.2332999], [121.4360238, 31.2333626], [121.4360748, 31.2332802], [121.4359362, 31.2332175], [121.4358852, 31.2332999]]]}}, {"type": "Feature", "properties": {"building": true, "osm_id": 1383481782}, "geometry": {"type": "Polygon", "coordinates": [[[121.4360238, 31.2333626], [121.4361187, 31.2334057], [121.4361699, 31.2333233], [121.4360748, 31.2332802], [121.4360238, 31.2333626]]]}}, {"type": "Feature", "properties": {"building": true, "osm_id": 1383481783}, "geometry": {"type": "Polygon", "coordinates": [[[121.4356587, 31.2330167], [121.4357063, 31.2329381], [121.435746, 31.2328724], [121.4357919, 31.2328927], [121.4357769, 31.2329175], [121.4358235, 31.2329381], [121.4358381, 31.2329139], [121.4358898, 31.2329368], [121.435803, 31.2330805], [121.4356587, 31.2330167]]]}}, {"type": "Feature", "properties": {"building": true, "osm_id": 1383481784}, "geometry": {"type": "Polygon", "coordinates": [[[121.4356587, 31.2330167], [121.4356107, 31.2329954], [121.4356585, 31.2329168], [121.4357063, 31.2329381], [121.4356587, 31.2330167]]]}}, {"type": "Feature", "properties": {"building": true, "osm_id": 1383481785}, "geometry": {"type": "Polygon", "coordinates": [[[121.4358277, 31.2331125], [121.4358787, 31.2330301], [121.4360128, 31.2330907], [121.4359619, 31.2331731], [121.4358277, 31.2331125]]]}}, {"type": "Feature", "properties": {"building": true, "osm_id": 1383481786}, "geometry": {"type": "Polygon", "coordinates": [[[121.4359619, 31.2331731], [121.4361005, 31.2332358], [121.4361515, 31.2331534], [121.4360128, 31.2330907], [121.4359619, 31.2331731]]]}}, {"type": "Feature", "properties": {"building": true, "osm_id": 1383481787}, "geometry": {"type": "Polygon", "coordinates": [[[121.4361005, 31.2332358], [121.4361954, 31.2332789], [121.4362465, 31.2331965], [121.4361515, 31.2331534], [121.4361005, 31.2332358]]]}}, {"type": "Feature", "properties": {"building": true, "osm_id": 1383481788}, "geometry": {"type": "Polygon", "coordinates": [[[121.4354856, 31.2331711], [121.4355275, 31.2331906], [121.4356029, 31.2330726], [121.4355611, 31.2330531], [121.4354856, 31.2331711]]]}}, {"type": "Feature", "properties": {"building": true, "osm_id": 1383481789}, "geometry": {"type": "Polygon", "coordinates": [[[121.4355275, 31.2331906], [121.435564, 31.2332077], [121.4356394, 31.2330896], [121.4356029, 31.2330726], [121.4355275, 31.2331906]]]}}, {"type": "Feature", "properties": {"building": true, "osm_id": 1383481790}, "geometry": {"type": "Polygon", "coordinates": [[[121.435564, 31.2332077], [121.4356014, 31.2332251], [121.4356768, 31.233107], [121.4356394, 31.2330896], [121.435564, 31.2332077]]]}}, {"type": "Feature", "properties": {"building": true, "osm_id": 1383481791}, "geometry": {"type": "Polygon", "coordinates": [[[121.4356014, 31.2332251], [121.4356398, 31.233243], [121.4357151, 31.2331249], [121.4356768, 31.233107], [121.4356014, 31.2332251]]]}}, {"type": "Feature", "properties": {"building": true, "osm_id": 1383481792}, "geometry": {"type": "Polygon", "coordinates": [[[121.4356398, 31.233243], [121.4356818, 31.2332626], [121.4357571, 31.2331445], [121.4357151, 31.2331249], [121.4356398, 31.233243]]]}}, {"type": "Feature", "properties": {"building": true, "osm_id": 1383481793}, "geometry": {"type": "Polygon", "coordinates": [[[121.4363198, 31.2331627], [121.4363784, 31.233191], [121.4364018, 31.2331554], [121.436442, 31.2331748], [121.4364743, 31.2331252], [121.4363759, 31.2330777], [121.4363198, 31.2331627]]]}}, {"type": "Feature", "properties": {"building": true, "osm_id": 1383481794}, "geometry": {"type": "Polygon", "coordinates": [[[121.436423, 31.2332042], [121.436442, 31.2331748], [121.4364743, 31.2331252], [121.4365843, 31.2331774], [121.4365564, 31.2332204], [121.4365089, 31.2331978], [121.4364855, 31.2332339], [121.436423, 31.2332042]]]}}, {"type": "Feature", "properties": {"building": true, "osm_id": 1383481795}, "geometry": {"type": "Polygon", "coordinates": [[[121.4361997, 31.2331083], [121.43625, 31.2330243], [121.4363235, 31.2330565], [121.4362733, 31.2331405], [121.4361997, 31.2331083]]]}}, {"type": "Feature", "properties": {"building": true, "osm_id": 1383481796}, "geometry": {"type": "Polygon", "coordinates": [[[121.4361301, 31.2330777], [121.4361806, 31.2329938], [121.43625, 31.2330243], [121.4361997, 31.2331083], [121.4361301, 31.2330777]]]}}, {"type": "Feature", "properties": {"building": true, "osm_id": 1383481797}, "geometry": {"type": "Polygon", "coordinates": [[[121.4360494, 31.2330421], [121.4361, 31.2329582], [121.4361806, 31.2329938], [121.4361301, 31.2330777], [121.4360494, 31.2330421]]]}}, {"type": "Feature", "properties": {"building": true, "osm_id": 1383481798}, "geometry": {"type": "Polygon", "coordinates": [[[121.4359799, 31.2330114], [121.4360306, 31.2329276], [121.4361, 31.2329582], [121.4360494, 31.2330421], [121.4359799, 31.2330114]]]}}, {"type": "Feature", "properties": {"building": true, "osm_id": 1383481799}, "geometry": {"type": "Polygon", "coordinates": [[[121.4359059, 31.2329787], [121.4359566, 31.2328949], [121.4360306, 31.2329276], [121.4359799, 31.2330114], [121.4359059, 31.2329787]]]}}, {"type": "Feature", "properties": {"building": true, "osm_id": 1383481800}, "geometry": {"type": "Polygon", "coordinates": [[[121.4354205, 31.2328372], [121.4354837, 31.2327426], [121.4355212, 31.2327609], [121.435458, 31.2328555], [121.4354205, 31.2328372]]]}}, {"type": "Feature", "properties": {"building": true, "osm_id": 1383481801}, "geometry": {"type": "Polygon", "coordinates": [[[121.435458, 31.2328555], [121.4355212, 31.2327609], [121.4355601, 31.2327799], [121.4354968, 31.2328745], [121.435458, 31.2328555]]]}}, {"type": "Feature", "properties": {"building": true, "osm_id": 1383481802}, "geometry": {"type": "Polygon", "coordinates": [[[121.4354968, 31.2328745], [121.4355601, 31.2327799], [121.4356025, 31.2328007], [121.4355393, 31.2328953], [121.4354968, 31.2328745]]]}}, {"type": "Feature", "properties": {"building": true, "osm_id": 1383481803}, "geometry": {"type": "Polygon", "coordinates": [[[121.4355393, 31.2328953], [121.4356025, 31.2328007], [121.43564, 31.232819], [121.4355768, 31.2329136], [121.4355393, 31.2328953]]]}}, {"type": "Feature", "properties": {"building": true, "osm_id": 1383481956}, "geometry": {"type": "Polygon", "coordinates": [[[121.4367217, 31.2339939], [121.4367759, 31.2338928], [121.4369764, 31.2339713], [121.4369221, 31.2340725], [121.4367217, 31.2339939]]]}}, {"type": "Feature", "properties": {"building": true, "osm_id": 1383481957}, "geometry": {"type": "Polygon", "coordinates": [[[121.4368152, 31.2338108], [121.4368694, 31.2337096], [121.4370698, 31.2337882], [121.4370156, 31.2338893], [121.4368152, 31.2338108]]]}}, {"type": "Feature", "properties": {"building": true, "osm_id": 1431922383}, "geometry": {"type": "Polygon", "coordinates": [[[121.4380816, 31.2307047], [121.4379537, 31.2306567], [121.4381171, 31.2303384], [121.4382114, 31.2303738], [121.4381613, 31.2304715], [121.4381947, 31.2304841], [121.4380816, 31.2307047]]]}}, {"type": "Feature", "properties": {"building": true, "osm_id": 1431922384}, "geometry": {"type": "Polygon", "coordinates": [[[121.4376134, 31.2307343], [121.4377662, 31.2305056], [121.4378863, 31.2302908], [121.4379291, 31.2303122], [121.4379844, 31.2302314], [121.4378257, 31.2301519], [121.4377922, 31.2302008], [121.4376705, 31.2301379], [121.4373646, 31.2306134], [121.4373885, 31.2306266], [121.43729, 31.230777], [121.4375764, 31.2309141], [121.4376748, 31.2307638], [121.4376134, 31.2307343]]]}}, {"type": "Feature", "properties": {"building": true, "osm_id": 1431971973}, "geometry": {"type": "Polygon", "coordinates": [[[121.4370583, 31.2311849], [121.4371622, 31.2309333], [121.4374138, 31.2310093], [121.4373098, 31.2312609], [121.4370583, 31.2311849]]]}}, {"type": "Feature", "properties": {"building": true, "osm_id": 1431971974}, "geometry": {"type": "Polygon", "coordinates": [[[121.436772, 31.2310821], [121.4369431, 31.2311658], [121.4369805, 31.2311239], [121.4369831, 31.2311379], [121.437001, 31.2311458], [121.4370208, 31.2311425], [121.4371309, 31.230947], [121.4371463, 31.230902], [121.4370944, 31.2308914], [121.4369376, 31.2308388], [121.436772, 31.2310821]]]}}, {"type": "Feature", "properties": {"building": true, "osm_id": 1431971975}, "geometry": {"type": "Polygon", "coordinates": [[[121.4381314, 31.2312121], [121.4381402, 31.2311917], [121.4380763, 31.2311716], [121.4380676, 31.2311916], [121.4380545, 31.2311874], [121.4379482, 31.2314337], [121.4380366, 31.2314617], [121.4381428, 31.2312157], [121.4381314, 31.2312121]]]}}, {"type": "Feature", "properties": {"building": true, "osm_id": 1432015413}, "geometry": {"type": "Polygon", "coordinates": [[[121.4376353, 31.2309839], [121.4376963, 31.2308871], [121.4376371, 31.2308598], [121.437576, 31.2309566], [121.4376353, 31.2309839]]]}}, {"type": "Feature", "properties": {"building": true, "osm_id": 1432015414}, "geometry": {"type": "Polygon", "coordinates": [[[121.4376968, 31.2310123], [121.4377579, 31.2309155], [121.4376963, 31.2308871], [121.4376353, 31.2309839], [121.4376968, 31.2310123]]]}}, {"type": "Feature", "properties": {"building": true, "osm_id": 1432015415}, "geometry": {"type": "Polygon", "coordinates": [[[121.4377582, 31.2310406], [121.4378193, 31.2309438], [121.4377579, 31.2309155], [121.4376968, 31.2310123], [121.4377582, 31.2310406]]]}}, {"type": "Feature", "properties": {"building": true, "osm_id": 1432015416}, "geometry": {"type": "Polygon", "coordinates": [[[121.4378183, 31.2310683], [121.4378793, 31.2309714], [121.4378193, 31.2309438], [121.4377582, 31.2310406], [121.4378183, 31.2310683]]]}}, {"type": "Feature", "properties": {"building": true, "osm_id": 1432015417}, "geometry": {"type": "Polygon", "coordinates": [[[121.4377096, 31.2308741], [121.4377706, 31.2307772], [121.4377114, 31.2307499], [121.4376503, 31.2308468], [121.4377096, 31.2308741]]]}}, {"type": "Feature", "properties": {"building": true, "osm_id": 1432015418}, "geometry": {"type": "Polygon", "coordinates": [[[121.4377711, 31.2309025], [121.4378322, 31.2308056], [121.4377706, 31.2307772], [121.4377096, 31.2308741], [121.4377711, 31.2309025]]]}}, {"type": "Feature", "properties": {"building": true, "osm_id": 1432015419}, "geometry": {"type": "Polygon", "coordinates": [[[121.4378523, 31.2309382], [121.4379134, 31.2308414], [121.4378541, 31.230814], [121.4377931, 31.2309109], [121.4378523, 31.2309382]]]}}, {"type": "Feature", "properties": {"building": true, "osm_id": 1432015420}, "geometry": {"type": "Polygon", "coordinates": [[[121.4379138, 31.2309666], [121.437975, 31.2308698], [121.4379134, 31.2308414], [121.4378523, 31.2309382], [121.4379138, 31.2309666]]]}}, {"type": "Feature", "properties": {"building": true, "osm_id": 1432015421}, "geometry": {"type": "Polygon", "coordinates": [[[121.4382672, 31.230945], [121.4381448, 31.2309112], [121.4381238, 31.2309666], [121.4382463, 31.2310005], [121.4382672, 31.230945]]]}}, {"type": "Feature", "properties": {"building": true, "osm_id": 1432015422}, "geometry": {"type": "Polygon", "coordinates": [[[121.4382463, 31.2310005], [121.4381238, 31.2309666], [121.4381024, 31.2310233], [121.4382248, 31.2310572], [121.4382463, 31.2310005]]]}}, {"type": "Feature", "properties": {"building": true, "osm_id": 1432015423}, "geometry": {"type": "Polygon", "coordinates": [[[121.4382248, 31.2310572], [121.4381024, 31.2310233], [121.4380808, 31.2310803], [121.4382033, 31.2311141], [121.4382248, 31.2310572]]]}}, {"type": "Feature", "properties": {"building": true, "osm_id": 1432015424}, "geometry": {"type": "Polygon", "coordinates": [[[121.4382033, 31.2311141], [121.4380808, 31.2310803], [121.4380601, 31.231135], [121.4381825, 31.2311689], [121.4382033, 31.2311141]]]}}, {"type": "Feature", "properties": {"building": true, "osm_id": 1432015425}, "geometry": {"type": "Polygon", "coordinates": [[[121.4381231, 31.2309062], [121.4380007, 31.2308724], [121.4379797, 31.2309278], [121.4381022, 31.2309617], [121.4381231, 31.2309062]]]}}, {"type": "Feature", "properties": {"building": true, "osm_id": 1432015426}, "geometry": {"type": "Polygon", "coordinates": [[[121.4381022, 31.2309617], [121.4379797, 31.2309278], [121.4379583, 31.2309845], [121.4380807, 31.2310185], [121.4381022, 31.2309617]]]}}, {"type": "Feature", "properties": {"building": true, "osm_id": 1432015427}, "geometry": {"type": "Polygon", "coordinates": [[[121.4380807, 31.2310185], [121.4379583, 31.2309845], [121.4379367, 31.2310415], [121.4380592, 31.2310753], [121.4380807, 31.2310185]]]}}, {"type": "Feature", "properties": {"building": true, "osm_id": 1432015428}, "geometry": {"type": "Polygon", "coordinates": [[[121.4380592, 31.2310753], [121.4379367, 31.2310415], [121.437916, 31.2310962], [121.4380385, 31.2311301], [121.4380592, 31.2310753]]]}}, {"type": "Feature", "properties": {"building": true, "osm_id": 1432015429}, "geometry": {"type": "Polygon", "coordinates": [[[121.4382774, 31.2309169], [121.4383261, 31.230815], [121.438263, 31.2307929], [121.4382143, 31.2308948], [121.4382774, 31.2309169]]]}}, {"type": "Feature", "properties": {"building": true, "osm_id": 1432015430}, "geometry": {"type": "Polygon", "coordinates": [[[121.4382143, 31.2308948], [121.438263, 31.2307929], [121.4381985, 31.2307704], [121.4381497, 31.2308722], [121.4382143, 31.2308948]]]}}, {"type": "Feature", "properties": {"building": true, "osm_id": 1432015431}, "geometry": {"type": "Polygon", "coordinates": [[[121.4381497, 31.2308722], [121.4381985, 31.2307704], [121.4381337, 31.2307477], [121.438085, 31.2308496], [121.4381497, 31.2308722]]]}}, {"type": "Feature", "properties": {"building": true, "osm_id": 1432015432}, "geometry": {"type": "Polygon", "coordinates": [[[121.438085, 31.2308496], [121.4381337, 31.2307477], [121.4380714, 31.2307259], [121.4380227, 31.2308278], [121.438085, 31.2308496]]]}}, {"type": "Feature", "properties": {"building": true, "osm_id": 1432015433}, "geometry": {"type": "Polygon", "coordinates": [[[121.437959, 31.2308049], [121.4380078, 31.2307031], [121.4379455, 31.2306813], [121.4378967, 31.2307831], [121.437959, 31.2308049]]]}}, {"type": "Feature", "properties": {"building": true, "osm_id": 1432015434}, "geometry": {"type": "Polygon", "coordinates": [[[121.4380227, 31.2308278], [121.4380714, 31.2307259], [121.4380078, 31.2307031], [121.437959, 31.2308049], [121.4380227, 31.2308278]]]}}, {"type": "Feature", "properties": {"building": true, "osm_id": 1432015435}, "geometry": {"type": "Polygon", "coordinates": [[[121.4383394, 31.2307593], [121.4383885, 31.2306576], [121.4383255, 31.2306354], [121.4382764, 31.2307371], [121.4383394, 31.2307593]]]}}, {"type": "Feature", "properties": {"building": true, "osm_id": 1432015436}, "geometry": {"type": "Polygon", "coordinates": [[[121.4382764, 31.2307371], [121.4383255, 31.2306354], [121.438261, 31.2306127], [121.4382119, 31.2307144], [121.4382764, 31.2307371]]]}}, {"type": "Feature", "properties": {"building": true, "osm_id": 1432015437}, "geometry": {"type": "Polygon", "coordinates": [[[121.4382119, 31.2307144], [121.438261, 31.2306127], [121.4381963, 31.2305899], [121.4381472, 31.2306916], [121.4382119, 31.2307144]]]}}, {"type": "Feature", "properties": {"building": true, "osm_id": 1432015438}, "geometry": {"type": "Polygon", "coordinates": [[[121.4384046, 31.2305939], [121.4384543, 31.2304924], [121.4383914, 31.2304699], [121.4383417, 31.2305714], [121.4384046, 31.2305939]]]}}, {"type": "Feature", "properties": {"building": true, "osm_id": 1432015439}, "geometry": {"type": "Polygon", "coordinates": [[[121.4383417, 31.2305714], [121.4383914, 31.2304699], [121.4383271, 31.2304469], [121.4382774, 31.2305484], [121.4383417, 31.2305714]]]}}, {"type": "Feature", "properties": {"building": true, "osm_id": 1432015440}, "geometry": {"type": "Polygon", "coordinates": [[[121.4382774, 31.2305484], [121.4383271, 31.2304469], [121.4382626, 31.2304238], [121.4382129, 31.2305253], [121.4382774, 31.2305484]]]}}, {"type": "Feature", "properties": {"building": true, "osm_id": 1432015441}, "geometry": {"type": "Polygon", "coordinates": [[[121.4378343, 31.2307255], [121.4377202, 31.2306745], [121.437689, 31.2307256], [121.4378031, 31.2307765], [121.4378343, 31.2307255]]]}}, {"type": "Feature", "properties": {"building": true, "osm_id": 1432015442}, "geometry": {"type": "Polygon", "coordinates": [[[121.4378662, 31.2306732], [121.4377522, 31.2306222], [121.4377202, 31.2306745], [121.4378343, 31.2307255], [121.4378662, 31.2306732]]]}}, {"type": "Feature", "properties": {"building": true, "osm_id": 1432015443}, "geometry": {"type": "Polygon", "coordinates": [[[121.4378975, 31.2306221], [121.4377834, 31.2305713], [121.4377522, 31.2306222], [121.4378662, 31.2306732], [121.4378975, 31.2306221]]]}}, {"type": "Feature", "properties": {"building": true, "osm_id": 1432015444}, "geometry": {"type": "Polygon", "coordinates": [[[121.4379298, 31.230569], [121.4378156, 31.2305182], [121.4377834, 31.2305713], [121.4378975, 31.2306221], [121.4379298, 31.230569]]]}}, {"type": "Feature", "properties": {"building": true, "osm_id": 1432015445}, "geometry": {"type": "Polygon", "coordinates": [[[121.437962, 31.2305161], [121.4378478, 31.2304653], [121.4378156, 31.2305182], [121.4379298, 31.230569], [121.437962, 31.2305161]]]}}, {"type": "Feature", "properties": {"building": true, "osm_id": 1432015446}, "geometry": {"type": "Polygon", "coordinates": [[[121.4379935, 31.2304645], [121.4378793, 31.2304136], [121.4378478, 31.2304653], [121.437962, 31.2305161], [121.4379935, 31.2304645]]]}}, {"type": "Feature", "properties": {"building": true, "osm_id": 1432015447}, "geometry": {"type": "Polygon", "coordinates": [[[121.4379498, 31.2304278], [121.4380094, 31.2303303], [121.4379478, 31.2303028], [121.4378883, 31.2304004], [121.4379498, 31.2304278]]]}}, {"type": "Feature", "properties": {"building": true, "osm_id": 1432015448}, "geometry": {"type": "Polygon", "coordinates": [[[121.4380104, 31.2304549], [121.4380697, 31.2303572], [121.4380094, 31.2303303], [121.4379498, 31.2304278], [121.4380104, 31.2304549]]]}}, {"type": "Feature", "properties": {"building": true, "osm_id": 1432683744}, "geometry": {"type": "Polygon", "coordinates": [[[121.4278423, 31.2279888], [121.4279288, 31.228059], [121.4279196, 31.2280672], [121.4279373, 31.2280815], [121.4279464, 31.2280733], [121.4279517, 31.2280776], [121.4280707, 31.2281743], [121.4280616, 31.2281825], [121.4280816, 31.2281988], [121.4280908, 31.2281906], [121.4281951, 31.2282752], [121.4281904, 31.2282931], [121.4281899, 31.2282933], [121.4280375, 31.2283607], [121.4279663, 31.2283028], [121.4279431, 31.228284], [121.4278794, 31.2283386], [121.4278405, 31.2283054], [121.4278406, 31.228294], [121.4278561, 31.2282807], [121.4278333, 31.2282612], [121.4278005, 31.2282893], [121.4277317, 31.2282317], [121.4277322, 31.2281818], [121.4277441, 31.2281719], [121.4277424, 31.2281578], [121.4277637, 31.2281386], [121.4277486, 31.2281265], [121.4277686, 31.2281084], [121.4277555, 31.2280978], [121.4277703, 31.2280845], [121.4277524, 31.2280699], [121.4278423, 31.2279888]]]}}, {"type": "Feature", "properties": {"building": true, "osm_id": 1434881444}, "geometry": {"type": "Polygon", "coordinates": [[[121.4335368, 31.2300456], [121.4329251, 31.2296485], [121.432842, 31.229742], [121.4327846, 31.2297047], [121.4327368, 31.2297586], [121.4327942, 31.2297958], [121.4327643, 31.2298296], [121.4330086, 31.2299882], [121.4330474, 31.2299445], [121.43329, 31.2301019], [121.433338, 31.2300479], [121.4334628, 31.2301289], [121.4335368, 31.2300456]]]}}, {"type": "Feature", "properties": {"building": true, "osm_id": 1434881445}, "geometry": {"type": "Polygon", "coordinates": [[[121.4329141, 31.2301166], [121.4326472, 31.2300297], [121.4326068, 31.2301204], [121.4328736, 31.2302074], [121.4329141, 31.2301166]]]}}, {"type": "Feature", "properties": {"building": true, "osm_id": 1434881446}, "geometry": {"type": "Polygon", "coordinates": [[[121.4328297, 31.2303284], [121.4325606, 31.2302386], [121.4325175, 31.2303331], [121.4327866, 31.2304229], [121.4328297, 31.2303284]]]}}, {"type": "Feature", "properties": {"building": true, "osm_id": 1434881447}, "geometry": {"type": "Polygon", "coordinates": [[[121.4326999, 31.2305226], [121.4324712, 31.2304506], [121.4324363, 31.2305317], [121.432665, 31.2306036], [121.4326999, 31.2305226]]]}}, {"type": "Feature", "properties": {"building": true, "osm_id": 1434881448}, "geometry": {"type": "Polygon", "coordinates": [[[121.4331698, 31.2304652], [121.4328963, 31.230374], [121.4328555, 31.2304634], [121.4331291, 31.2305545], [121.4331698, 31.2304652]]]}}, {"type": "Feature", "properties": {"building": true, "osm_id": 1434881449}, "geometry": {"type": "Polygon", "coordinates": [[[121.4332773, 31.2302504], [121.4330057, 31.2301597], [121.4329618, 31.2302558], [121.4332334, 31.2303465], [121.4332773, 31.2302504]]]}}, {"type": "Feature", "properties": {"building": true, "osm_id": 1434881450}, "geometry": {"type": "Polygon", "coordinates": [[[121.4337517, 31.2304194], [121.4333663, 31.2302881], [121.4333262, 31.2303741], [121.4337116, 31.2305054], [121.4337517, 31.2304194]]]}}, {"type": "Feature", "properties": {"building": true, "osm_id": 1434881451}, "geometry": {"type": "Polygon", "coordinates": [[[121.433659, 31.2306004], [121.4332725, 31.2304715], [121.4332332, 31.2305577], [121.4336197, 31.2306867], [121.433659, 31.2306004]]]}}, {"type": "Feature", "properties": {"building": true, "osm_id": 1435222710}, "geometry": {"type": "Polygon", "coordinates": [[[121.428051, 31.222572], [121.4279816, 31.2225375], [121.427946, 31.2225901], [121.4274824, 31.2223603], [121.4275997, 31.2221872], [121.4274914, 31.2221335], [121.4273342, 31.2223652], [121.4279755, 31.2226833], [121.428051, 31.222572]]]}}, {"type": "Feature", "properties": {"building": true, "osm_id": 1435222713}, "geometry": {"type": "Polygon", "coordinates": [[[121.4280684, 31.2227618], [121.4279918, 31.2227309], [121.4279078, 31.2228836], [121.4278564, 31.2228629], [121.4278244, 31.2229212], [121.4279523, 31.2229727], [121.4280684, 31.2227618]]]}}, {"type": "Feature", "properties": {"building": true, "osm_id": 1435222730}, "geometry": {"type": "Polygon", "coordinates": [[[121.4282388, 31.2224528], [121.428167, 31.2224249], [121.428071, 31.2225977], [121.4281437, 31.2226277], [121.4282388, 31.2224528]]]}}, {"type": "Feature", "properties": {"building": true, "osm_id": 1435222732}, "geometry": {"type": "Polygon", "coordinates": [[[121.428071, 31.2225977], [121.4280012, 31.2227257], [121.4280736, 31.2227545], [121.4281437, 31.2226277], [121.428071, 31.2225977]]]}}, {"type": "Feature", "properties": {"building": true, "osm_id": 1465000828}, "geometry": {"type": "Polygon", "coordinates": [[[121.4323161, 31.2326599], [121.4323211, 31.2325341], [121.4324666, 31.2325498], [121.4327342, 31.2326371], [121.4326756, 31.2327672], [121.4324465, 31.2326828], [121.4323161, 31.2326599]]]}}, {"type": "Feature", "properties": {"building": true, "osm_id": 1465000829}, "geometry": {"type": "Polygon", "coordinates": [[[121.4329683, 31.2328673], [121.4330569, 31.2327043], [121.4324666, 31.2325198], [121.4322977, 31.2325198], [121.4322893, 31.2326642], [121.4324148, 31.23269], [121.4329683, 31.2328673]]]}}, {"type": "Feature", "properties": {"building": true, "osm_id": 1465000836}, "geometry": {"type": "Polygon", "coordinates": [[[121.4318888, 31.2328436], [121.4319616, 31.2327401], [121.4324935, 31.2330137], [121.4324207, 31.2331172], [121.4318888, 31.2328436]]]}}, {"type": "Feature", "properties": {"building": true, "osm_id": 1465000837}, "geometry": {"type": "Polygon", "coordinates": [[[121.4333772, 31.2321753], [121.4334386, 31.2320637], [121.4337395, 31.2321847], [121.4337165, 31.2322265], [121.4337441, 31.2322376], [121.4336977, 31.2323222], [121.4336012, 31.2322835], [121.4335253, 31.2324217], [121.4334458, 31.2323898], [121.43353, 31.2322367], [121.4333772, 31.2321753]]]}}, {"type": "Feature", "properties": {"building": true, "osm_id": 1465014660}, "geometry": {"type": "Polygon", "coordinates": [[[121.4397896, 31.2342837], [121.4402464, 31.2338081], [121.4406505, 31.234092], [121.4401937, 31.2345674], [121.4397896, 31.2342837]]]}}, {"type": "Feature", "properties": {"building": true, "osm_id": 1466004291}, "geometry": {"type": "Polygon", "coordinates": [[[121.4290461, 31.2274013], [121.4291632, 31.2274759], [121.4291549, 31.2274855], [121.4293307, 31.2275974], [121.4294235, 31.2276564], [121.4294053, 31.2276771], [121.4294201, 31.2276867], [121.4293435, 31.2277747], [121.4292228, 31.2276979], [121.429261, 31.2276541], [121.4290991, 31.2275511], [121.4290818, 31.2275711], [121.4289632, 31.2274956], [121.4290461, 31.2274013]]]}}, {"type": "Feature", "properties": {"building": true, "osm_id": 1466004292}, "geometry": {"type": "Polygon", "coordinates": [[[121.4289405, 31.2275221], [121.4287273, 31.2273859], [121.4287805, 31.2272978], [121.4288175, 31.2272556], [121.4290461, 31.2274013], [121.4289632, 31.2274956], [121.4289405, 31.2275221]]]}}, {"type": "Feature", "properties": {"building": true, "osm_id": 1466004293}, "geometry": {"type": "Polygon", "coordinates": [[[121.4294201, 31.2276867], [121.4294345, 31.227696], [121.4294423, 31.2277132], [121.4294437, 31.227729], [121.4294405, 31.2277478], [121.4294327, 31.2277732], [121.4294193, 31.2277925], [121.4293967, 31.2278078], [121.4293435, 31.2277747], [121.4294201, 31.2276867]]]}}, {"type": "Feature", "properties": {"building": true, "osm_id": 1466004297}, "geometry": {"type": "Polygon", "coordinates": [[[121.4289447, 31.227678], [121.429017, 31.227716], [121.4290106, 31.227725], [121.4291023, 31.2277732], [121.429106, 31.227768], [121.429188, 31.2278112], [121.4291734, 31.2278315], [121.4291778, 31.2278432], [121.4291703, 31.2278538], [121.4291554, 31.2278565], [121.42907, 31.2279754], [121.4290031, 31.2279405], [121.4290396, 31.2278903], [121.4289296, 31.2278318], [121.4288931, 31.227882], [121.428824, 31.227846], [121.4288418, 31.2278213], [121.4288768, 31.2277725], [121.4288721, 31.22777], [121.4288954, 31.2277379], [121.4288999, 31.2277403], [121.4289075, 31.2277298], [121.4289052, 31.2277171], [121.4289127, 31.2277064], [121.4289272, 31.2277024], [121.4289447, 31.227678]]]}}, {"type": "Feature", "properties": {"building": true, "osm_id": 1466024113}, "geometry": {"type": "Polygon", "coordinates": [[[121.4283383, 31.2275745], [121.4287024, 31.2278402], [121.4286847, 31.2278578], [121.4287485, 31.2279044], [121.4287146, 31.2279384], [121.4288395, 31.2280296], [121.4287772, 31.2280604], [121.4286064, 31.2279369], [121.4286299, 31.2279134], [121.4282655, 31.2276475], [121.4283383, 31.2275745]]]}}, {"type": "Feature", "properties": {"building": true, "osm_id": 1466024114}, "geometry": {"type": "Polygon", "coordinates": [[[121.4285226, 31.2281863], [121.4286365, 31.22813], [121.4282676, 31.2278716], [121.4282028, 31.2279394], [121.4282208, 31.2279519], [121.4282073, 31.227966], [121.4285226, 31.2281863]]]}}, {"type": "Feature", "properties": {"building": true, "osm_id": 1466024115}, "geometry": {"type": "Polygon", "coordinates": [[[121.4284639, 31.2282204], [121.4282003, 31.2280056], [121.4281571, 31.2280444], [121.4281951, 31.2280753], [121.4281722, 31.2280959], [121.4283977, 31.2282797], [121.4284639, 31.2282204]]]}}, {"type": "Feature", "properties": {"building": true, "osm_id": 1466024116}, "geometry": {"type": "Polygon", "coordinates": [[[121.4279163, 31.227673], [121.4279516, 31.2276976], [121.4279654, 31.2276929], [121.4279814, 31.2276915], [121.4280004, 31.2276974], [121.4280702, 31.2277463], [121.4280782, 31.2277449], [121.4280862, 31.2277478], [121.42813, 31.2277777], [121.4281343, 31.2277749], [121.4281388, 31.2277728], [121.4281446, 31.2277719], [121.4282468, 31.2278439], [121.4282474, 31.2278506], [121.4282434, 31.227857], [121.4281645, 31.2279394], [121.428169, 31.227944], [121.4281716, 31.227949], [121.4281726, 31.2279536], [121.4281724, 31.2279583], [121.4281713, 31.2279622], [121.4281694, 31.2279658], [121.4281658, 31.22797], [121.4281611, 31.2279734], [121.4281562, 31.2279754], [121.4281509, 31.2279766], [121.4281445, 31.2279766], [121.4281378, 31.227975], [121.4281317, 31.2279715], [121.4280401, 31.2279074], [121.4280339, 31.2279139], [121.4279691, 31.2278686], [121.427963, 31.2278749], [121.4278767, 31.2278145], [121.4278827, 31.2278082], [121.4278253, 31.2277682], [121.4278745, 31.2277167], [121.4279163, 31.227673]]]}}, {"type": "Feature", "properties": {"building": true, "osm_id": 1466024117}, "geometry": {"type": "Polygon", "coordinates": [[[121.4285218, 31.2275827], [121.4284224, 31.2275261], [121.4284861, 31.2274443], [121.4285209, 31.2274641], [121.4285081, 31.2274806], [121.4285726, 31.2275174], [121.4285218, 31.2275827]]]}}, {"type": "Feature", "properties": {"building": true, "osm_id": 1466024118}, "geometry": {"type": "Polygon", "coordinates": [[[121.4286161, 31.2274691], [121.4285476, 31.2274313], [121.4286201, 31.2273349], [121.4286887, 31.2273727], [121.4286161, 31.2274691]]]}}, {"type": "Feature", "properties": {"building": true, "osm_id": 1466132095}, "geometry": {"type": "Polygon", "coordinates": [[[121.4281899, 31.2282933], [121.4282079, 31.228311], [121.42784, 31.2285061], [121.4278113, 31.228506], [121.4277864, 31.2285015], [121.4277622, 31.2284914], [121.4275971, 31.228367], [121.427615, 31.2283486], [121.4276066, 31.2283364], [121.427605, 31.2283229], [121.4276102, 31.2283092], [121.4277322, 31.2281818], [121.4277317, 31.2282317], [121.4278005, 31.2282893], [121.4278923, 31.2283662], [121.4279663, 31.2283028], [121.4280375, 31.2283607], [121.4281899, 31.2282933]]]}}, {"type": "Feature", "properties": {"building": true, "osm_id": 1466188707}, "geometry": {"type": "Polygon", "coordinates": [[[121.428185, 31.2229683], [121.4280461, 31.2229094], [121.4279986, 31.2229915], [121.4281375, 31.2230504], [121.428185, 31.2229683]]]}}, {"type": "Feature", "properties": {"building": true, "osm_id": 1466359318}, "geometry": {"type": "Polygon", "coordinates": [[[121.4279439, 31.2222196], [121.4279813, 31.2221495], [121.4280576, 31.2221792], [121.4280564, 31.2221734], [121.4280559, 31.2221662], [121.4280577, 31.2221591], [121.4280611, 31.2221533], [121.4280661, 31.2221483], [121.4280708, 31.2221454], [121.4280759, 31.2221432], [121.4280828, 31.2221417], [121.4280903, 31.2221425], [121.4280939, 31.2221374], [121.428099, 31.2221336], [121.4281035, 31.2221316], [121.4281083, 31.2221303], [121.4281135, 31.2221298], [121.4281188, 31.2221302], [121.4281245, 31.2221316], [121.4281297, 31.2221341], [121.4281341, 31.2221375], [121.4281375, 31.2221416], [121.4281401, 31.2221473], [121.428141, 31.2221528], [121.4281405, 31.222157], [121.428139, 31.2221615], [121.4282043, 31.2221869], [121.4282092, 31.2221777], [121.4282526, 31.2221946], [121.4282478, 31.2222038], [121.4282543, 31.2222063], [121.4281963, 31.2223152], [121.4281184, 31.2222848], [121.4281207, 31.2222805], [121.4280919, 31.2222692], [121.4280854, 31.2222814], [121.4280262, 31.2222583], [121.4280292, 31.2222528], [121.4279439, 31.2222196]]]}}, {"type": "Feature", "properties": {"building": true, "osm_id": 1466359319}, "geometry": {"type": "Polygon", "coordinates": [[[121.4280798, 31.2220508], [121.4280146, 31.2220247], [121.4279664, 31.2221127], [121.42801, 31.2221301], [121.4280285, 31.2220963], [121.4280501, 31.2221049], [121.4280798, 31.2220508]]]}}, {"type": "Feature", "properties": {"building": true, "osm_id": 1466359320}, "geometry": {"type": "Polygon", "coordinates": [[[121.4278794, 31.2222444], [121.4280986, 31.22233], [121.4281114, 31.222306], [121.4282301, 31.2223523], [121.4283261, 31.2221724], [121.4282969, 31.222161], [121.4283226, 31.2221129], [121.4284069, 31.2221458], [121.4282476, 31.2224439], [121.4278548, 31.2222904], [121.4278794, 31.2222444]]]}}, {"type": "Feature", "properties": {"building": true, "osm_id": 1466373637}, "geometry": {"type": "Polygon", "coordinates": [[[121.4289404, 31.2221184], [121.4287589, 31.2220681], [121.4287613, 31.2220617], [121.428697, 31.2220439], [121.4286945, 31.2220503], [121.4285298, 31.2220048], [121.4284843, 31.2221251], [121.428822, 31.2222187], [121.4287333, 31.2224695], [121.4285744, 31.2227562], [121.4286457, 31.2227872], [121.4288104, 31.2224984], [121.4289055, 31.2222418], [121.4288948, 31.2222387], [121.4289404, 31.2221184]]]}}, {"type": "Feature", "properties": {"building": true, "osm_id": 1466385941}, "geometry": {"type": "Polygon", "coordinates": [[[121.4279936, 31.2232229], [121.4278971, 31.2231846], [121.4279471, 31.2230925], [121.4280435, 31.2231308], [121.4279936, 31.2232229]]]}}, {"type": "Feature", "properties": {"building": true, "osm_id": 1466385945}, "geometry": {"type": "Polygon", "coordinates": [[[121.4281268, 31.2228283], [121.4281902, 31.2227092], [121.4283195, 31.2227595], [121.4282562, 31.2228784], [121.4282118, 31.2228612], [121.4282292, 31.2228286], [121.4282033, 31.2228186], [121.4281859, 31.2228512], [121.4281268, 31.2228283]]]}}, {"type": "Feature", "properties": {"building": true, "osm_id": 1466385946}, "geometry": {"type": "Polygon", "coordinates": [[[121.4283864, 31.2229288], [121.4284499, 31.2228097], [121.4283195, 31.2227595], [121.4282562, 31.2228784], [121.4283013, 31.2228959], [121.4283189, 31.222863], [121.4283447, 31.222873], [121.4283272, 31.2229059], [121.4283864, 31.2229288]]]}}, {"type": "Feature", "properties": {"building": true, "osm_id": 1466385947}, "geometry": {"type": "Polygon", "coordinates": [[[121.4282495, 31.2225988], [121.428313, 31.2224796], [121.4284422, 31.22253], [121.428379, 31.2226489], [121.4283346, 31.2226317], [121.4283519, 31.2225991], [121.4283261, 31.2225891], [121.4283087, 31.2226217], [121.4282495, 31.2225988]]]}}, {"type": "Feature", "properties": {"building": true, "osm_id": 1466385948}, "geometry": {"type": "Polygon", "coordinates": [[[121.4285092, 31.2226993], [121.4285726, 31.2225801], [121.4284422, 31.22253], [121.428379, 31.2226489], [121.4284241, 31.2226663], [121.4284416, 31.2226334], [121.4284675, 31.2226435], [121.42845, 31.2226764], [121.4285092, 31.2226993]]]}}, {"type": "Feature", "properties": {"building": true, "osm_id": 1466385949}, "geometry": {"type": "Polygon", "coordinates": [[[121.4286166, 31.2223232], [121.4285041, 31.2222793], [121.4284524, 31.2223763], [121.4286127, 31.2224389], [121.4286441, 31.22238], [121.4285962, 31.2223614], [121.4286166, 31.2223232]]]}}]}